:020000040800F2
:1000000000400220A9500008754E00087D4E0008EF
:1000100000000000000000000000000000000000E0
:100020000000000000000000000000005D960108D4
:100030000000000000000000819701082569010808
:10004000F9500008F9500008F9500008F95000086C
:10005000F9500008F9500008854E0008954E000838
:10006000F9500008A94E0008C14E0008F9500008D8
:10007000F9500008D94E0008F9500008F95000085E
:10008000F9500008F9500008F9500008F95000082C
:10009000F9500008F9500008F9500008F95000081C
:1000A000F9500008F14E0008F9500008F950000816
:0C00B000094F0008F9500008F950000842
:1000C00010B5064C2378002B07D1054B002B02D02E
:1000D000044800E000BF0123237010BD000300208E
:1000E00000000000F8D10108044B10B5002B03D02C
:1000F0000349044800E000BF10BDC04600000000F6
:1001000004030020F8D1010802780B78002A03D0FC
:10011000013001319A42F7D0D01A70470023C25CF7
:100120000133002AFBD1581E7047000002B471460B
:1001300049084900095C49008E4402BC7047C0462A
:1001400003B47146490840004900095E49008E44E5
:1001500003BC7047002243088B4274D303098B42CF
:100160005FD3030A8B4244D3030B8B4228D3030C87
:100170008B420DD3FF22090212BA030C8B4202D329
:100180001212090265D0030B8B4219D300E0090A51
:10019000C30B8B4201D3CB03C01A5241830B8B425A
:1001A00001D38B03C01A5241430B8B4201D34B0343
:1001B000C01A5241030B8B4201D30B03C01A5241A8
:1001C000C30A8B4201D3CB02C01A5241830A8B422D
:1001D00001D38B02C01A5241430A8B4201D34B0216
:1001E000C01A5241030A8B4201D30B02C01A52417A
:1001F000CDD2C3098B4201D3CB01C01A524183092E
:100200008B4201D38B01C01A524143098B4201D367
:100210004B01C01A524103098B4201D30B01C01A92
:100220005241C3088B4201D3CB00C01A524183080C
:100230008B4201D38B00C01A524143088B4201D339
:100240004B00C01A5241411A00D201465241104699
:100250007047FFE701B5002000F0F0F802BDC0468E
:100260000029F7D076E7704703460B437FD400227E
:1002700043088B4274D303098B425FD3030A8B423A
:1002800044D3030B8B4228D3030C8B420DD3FF22A4
:10029000090212BA030C8B4202D31212090265D072
:1002A000030B8B4219D300E0090AC30B8B4201D325
:1002B000CB03C01A5241830B8B4201D38B03C01A6C
:1002C0005241430B8B4201D34B03C01A5241030BE3
:1002D0008B4201D30B03C01A5241C30A8B4201D394
:1002E000CB02C01A5241830A8B4201D38B02C01A3F
:1002F0005241430A8B4201D34B02C01A5241030AB6
:100300008B4201D30B02C01A5241CDD2C3098B429A
:1003100001D3CB01C01A524183098B4201D38B0117
:10032000C01A524143098B4201D34B01C01A5241BA
:1003300003098B4201D30B01C01A5241C3088B42FF
:1003400001D3CB00C01A524183088B4201D38B00EA
:10035000C01A524143088B4201D34B00C01A52418C
:10036000411A00D201465241104670475DE0CA0F63
:1003700000D04942031000D34042534000229C4623
:1003800003098B422DD3030A8B4212D3FC2289012D
:1003900012BA030A8B420CD3890192118B4208D303
:1003A000890192118B4204D389013AD0921100E065
:1003B0008909C3098B4201D3CB01C01A5241830979
:1003C0008B4201D38B01C01A524143098B4201D3A6
:1003D0004B01C01A524103098B4201D30B01C01AD1
:1003E0005241C3088B4201D3CB00C01A524183084B
:1003F0008B4201D38B00C01A5241D9D243088B42A1
:1004000001D34B00C01A5241411A00D20146634643
:1004100052415B10104601D34042002B00D54942A7
:10042000704763465B1000D3404201B5002000F0E6
:1004300005F802BD0029F8D016E770477047C0469E
:100440008446100062468C461900634600E0C046B0
:100450001FB501F0CFF8002801D40021C8421FBD0C
:1004600010B501F013F84042013010BD10B501F095
:10047000C1F8002801DB002010BD012010BDC046DE
:1004800010B501F0B7F8002801DD002010BD0120F3
:1004900010BDC04610B501F03DF8002801DC002079
:1004A00010BD012010BDC04610B501F033F8002882
:1004B00001DA002010BD012010BDC0461C2101231F
:1004C0001B04984201D3000C10391B0A984201D337
:1004D000000A08391B09984201D30009043902A215
:1004E000105C40187047C04604030202010101017C
:1004F0000000000000000000002B11D1002A0FD1E5
:10050000002900D1002802D00021C943080007B407
:10051000024802A14018029003BDC04621FFFFFF20
:1005200003B4684601B5029800F006F8019B9E46A8
:1005300002B00CBC7047C046F0B557464E46454623
:10054000DE46E0B504000D009246994683B08B422A
:1005500030D82DD04946504602F05AF829000600FE
:10056000200002F055F8331A9846203B34D49B46BD
:1005700053465A46934042461F00534693401E003E
:10058000AF423BD8AF4200D179E05B46A41BBD41EE
:10059000002B00DA76E00022002300920193012371
:1005A0005A4693400193012342469340009329E029
:1005B0008242CFD900220023009201930C9B002B92
:1005C00001D01C605D600098019903B0F0BCBB468F
:1005D000B246A946A046F0BD42469B4620239B1A40
:1005E0005246DA40414613004A468A4017004246C6
:1005F0001F43534693401E00AF42C3D9002200233D
:10060000009201934346002BD8D0FB0772081A438F
:1006100046467B080EE0AB4201D1A2420CD8A41A98
:100620009D41012024196D410021013E24184D41B6
:10063000002E06D0AB42EED9013E24196D41002EAA
:10064000F8D1009801995B4600196941002B24DB21
:100650002B005A464446D3402A00E2401C005B4629
:100660001500002B2ADB26009E403300260047465B
:10067000BE403200801A9941009001919EE7A3424A
:10068000BCD882E74246202300219B1A0022009119
:1006900001920122DA40019285E7424620239B1A0B
:1006A0002A0046469A402300F340444613432A005A
:1006B000E2401C005B461500002BD4DA42462F00B6
:1006C0002023260097409B1ADE403B003343CDE7B2
:1006D000F0B54F464646D646C0B582B0009001916F
:1006E0000E034C00CD0F710A009E5F00760F0E4383
:1006F000009900920193C900894619037B0D984621
:10070000019B490ADB0F9C46009B009A5B0F0B4341
:100710004146640DD200611A654500D1A6E000296A
:1007200072DD4746002F00D1DDE0CC4FBC4200D146
:100730009AE10127382917DC80273F043B431F2912
:1007400000DDDDE12027781A1F008740BA46170038
:10075000CF40844638005746074360468240CB402E
:10076000501E8241F61A17434B46DF1BB9458041A4
:100770004042361A330200D4FFE07602760A002E99
:1007800000D13CE13000FFF799FE0300083B202137
:100790003800CA1AD0409E4002009F4032439C421B
:1007A00000DDA6E1181B0130091A3E008F40C6404B
:1007B0007B1E9F4113008B4037431F43C2403B00C9
:1007C00016000024134300D1DFE17B0700D132E3A0
:1007D0000F233A003B40042B04D03A1DBA42BF41DC
:1007E0007F42F619330200D423E39C4B01349C4230
:1007F00000D1B4E09A4B64051E40640D7707D2081F
:1008000076021743360BACE0002900D17EE041466A
:10081000091B002C00D060E134004846044300D19D
:10082000C9E14C1E012900D12EE28C4DA94200D114
:1008300024E20127382C11DC21001F2900DD0BE206
:10084000202437004846641AA740C840074348465A
:10085000A040CE40441EA0419B1B0743D71BBA4279
:1008600092415242654644469E1A83E7002900DCC5
:100870009CE04746002F67D11F00174300D1E4E0FA
:10088000481E012900D19BE1744FB94200D1EBE031
:1008900001270100382811DC1F2900DDC7E12027CE
:1008A000781A1F00844687401000C84007436046FE
:1008B0008240CB40501E8241F61817434F444F45AB
:1008C000804140423618330257D5644B01349C4274
:1008D00045D00121624B7A081E4039400A43F70790
:1008E0001743760871E71F00174300D1ADE04F1E94
:1008F000BC46012900D182E1584FB94200D190E1B4
:1009000061460127382900DD2EE718E7554F611CA5
:10091000394200D0D0E0310048461F000143174360
:10092000002C00D03DE1002900D1BCE1002F00D017
:10093000BFE14B460021D80877070743F0080603BC
:100940004C05360B640D0CE0444FBC4200D18BE0EB
:1009500001273829B2DC80273F043B439CE700266F
:10096000002724053443ED072C433800210002B052
:10097000E0BCBA46B146A846F0BD7B0704D00F23C1
:100980003B40042B00D028E7F808344B7707074397
:10099000F0089C4200D04AE23B00034359D0802635
:1009A0003603064336032D4C360BDAE7002961D0B7
:1009B0004146091B002C00D1B9E0284CA04500D1CC
:1009C000A5E10127382913DC8024240426431F29AC
:1009D00000DDC8E1202437004846641AA740C8401B
:1009E00007434846A040CE40441EA0419B19074300
:1009F000BF189742924152424446D61863E73800E6
:100A0000FFF75CFD030018331F2B00DCBFE63A0044
:100A1000083882409C4200DD83E01B1B581C1F28C5
:100A200000DCB4E117001F3BDF40202805D0402345
:100A30001B1A9A40531E9A4117430024002F0AD0D4
:100A40007B0700D0C4E626009EE74B460C00D80882
:100A50009BE70027014C002683E7C046FF07000004
:100A6000FFFF7FFFFE0700004B467707D8080743CC
:100A7000F00891E7CD4F611C39426BD131004846F7
:100A80000143002C00D04BE11F001743002900D187
:100A900081E1002F00D14CE74A444A458041F618D5
:100AA00040423618330200D5B0E117009146374373
:100AB00000D03EE7002654E74946891A8846C145DA
:100AC000BF41F11A7F42C91B0F0261D447460F4351
:100AD00000D1BDE00E00474651E6B54CA04500D11F
:100AE00000E10127382900DDB8E6802424042643EC
:100AF000A3E6B04EE41A16407B0700D03FE743E779
:100B00000F001800203FF8408446202903D04027DA
:100B1000791A8B401A43531E9A41634617001F43AC
:100B200022E6A448E11A10404707C00807E734004E
:100B30004846044300D1FAE04C1E012900D1D7E019
:100B40009B4FB94200D1E2E00127382C00DD4FE78E
:100B500021003CE7964CA14200D1DDE04A444A45E1
:100B60008041F31840421818C70752081743460837
:100B7000520705D00F220C003A40042A00D02CE680
:100B80007607FF0837430009D9E600270026E8E684
:100B90004946571ABA4292419E1B52426546B61ABE
:100BA000EDE5002900D0C6E0002F67D180260025A2
:100BB0007F4C3603D5E665460C001E00D008E4E6FF
:100BC0004A444A458041F318404218181100030274
:100BD00000D496E0774B49081840C3070B434408FC
:100BE000490700D129E10F221A40042A00D1EAE086
:100BF0001F1D9F42B641764236190224C4E649467B
:100C00008F1AB9458041F61A4042361A330206D48B
:100C10007307FF0801211F43F00890E66546012491
:100C2000ABE54B467707D8080743F008B4E60F005A
:100C30001800203FF8408446202903D04027791A25
:100C40008B401A43531E9A41634617001F4335E6F3
:100C500000250024002684E60C003500203CE540F9
:100C6000202905D04024611A8E40494631438946E7
:100C70004846411E884107002F43EFE5D2085F0731
:100C800065461743D80887E6171ABA4292419E1B59
:100C90005242B61A3302C1D47307FF0865460121D8
:100CA0001F43F0084BE6002F7BD065461E0091469F
:100CB0003FE6811A8846C145A441F11A6442091BE6
:100CC00080242404214277D0101A824292410700E6
:100CD0009E1B5242B61A374300D0A0E0654600245E
:100CE00000263EE65F07D20865461743D80853E65C
:100CF000811891429241F01852428018030200D5A7
:100D000068E74707C9080F43C008012117E6D20862
:100D10005F071743D8083FE60C000026002720E6AF
:100D2000002956D15F07D2081743D80834E60C00D3
:100D30001E00D00829E6C10870070143F008002F03
:100D400062D080242403204207D0DE08264204D14A
:100D500065463000D1085B0719434F0FC900C90829
:100D60007F070F4318E60C003000203CE04084462B
:100D7000202905D04024611A8E40494631438946D6
:100D80004846411E8841614607000F4330E6202156
:100D90000027091A0EE51E00002F00D022E50024CE
:100DA00058E7002500240026DBE5C046FE070000CA
:100DB000FF070000FFFF7FFF47460F4300D147E7D3
:100DC0000E00C146B5E5DF0864070221274300098C
:100DD000B5E51900C008770707431143F00800295B
:100DE00000D1D9E580210903084207D0DC080C4274
:100DF00004D1D2085B071A43170020007B0FFF00C5
:100E0000FF085B071F43C7E50F00C5E5124BD2087B
:100E100033405F075B02012417431E0BA1E5264206
:100E200012D00D4B6546020001241E40E6E421006D
:100E300085E51700A8E53A00D4E4DB0864071C4305
:100E40002700022100097AE5C008770707436546B5
:100E50000021F00873E5C046FFFF7FFFF0B5DE46D6
:100E6000454657464E46E0B587B0009201930B03C6
:100E70001B0B9B46CA0F4B00040080465B0D029281
:100E800000D198E07C4A934237D05946420FC900BE
:100E90000A43802109041143C2009046774A8946DB
:100EA00092469A44002300240393009E019F3B0333
:100EB0001B0B9B467B0030005B0DFD0F002B59D0B8
:100EC0006D4A934248D05946720FC9000A438021A7
:100ED000090411438B466949F2008C46514663442C
:100EE000CB1A9A460021029E6E40F6B20F2C00D912
:100EF000CEE0634BA4001B599F465A4602439146DD
:100F000000D090E09A460223904608240393CCE751
:100F1000CB464246029D0399022900D1DEE1032916
:100F200000D18DE0012900D079E12E0000220023BC
:100F3000002490461B052343F6073343404619001F
:100F400007B0F0BCBB46B246A946A046F0BD0022A1
:100F500000249046484BEDE75A46009B1A43494B04
:100F60009C46E244002A59D102231C43002302215B
:100F70009B46B8E75A46009B1A4349D05B46002B74
:100F800000D19CE15846FFF799FA020003000B3AA2
:100F90001D27009EBA1A19005846D64008398840C5
:100FA000320002439346009A8A40374953448A46A6
:100FB00000219A4497E75B460343994621D05B465C
:100FC000002B00D169E15846FFF778FA0B235B420A
:100FD0009C460200844466461D239B1B260011008C
:100FE0005846DE40083988403300034399462300C1
:100FF0008B409846254B00249B1A9A460023039366
:1010000053E7002398469A460133042403934CE7A0
:1010100001231C43002301219B4664E70323320084
:1010200003211C435FE79A460323D9460C2403930C
:101030003BE700238024984600260F4B240379E7E2
:1010400080245B4624031C4324032E0090460A4B55
:10105000240B6FE780244B462403234202D05B46D7
:101060002342F0D080244B4624031C432403029ED9
:10107000014B240B5EE7C046FF07000001FCFFFFA9
:101080000C2A020801F8FFFFF30300000DFCFFFF2C
:10109000CB4500D2F8E000D1F3E001235B429C464F
:1010A000444648460025E2445B46170E1B021F4398
:1010B000190C3B04120200971F0C914602910397F2
:1010C000FFF7CEF802007A430B04210C8046194347
:1010D0008A4209D9009F0123BC465B4261449C4679
:1010E000E0448F4200D85CE1881A0299FFF7B8F813
:1010F000039A240442430904240C03000C43A24233
:1011000006D90099013B8C466444A14200D842E1D3
:10111000A01A424612041A4393464B4659461B0CEA
:101120001F0004930B0449460904090C0C001B0C16
:101130005C43120C7B43884651437A43270CBC46E0
:101140005B186344994203D9802149028C4662446A
:10115000190C24041B04240C8A181C19904202D375
:1011600016D1A54214D25B46009F013B4D44059326
:101170004D459B41BC465B426344C018874200D347
:1011800002E1824200D929E100D124E1059B9B467E
:101190002C1BA542AD41009B801A6D42401B83422F
:1011A00000D10FE10299FFF75BF8039A0B04424369
:1011B000210C050019438A4200D9CBE0881A029914
:1011C000FFF74EF8039A240442430904240C030059
:1011D0000C43A24200D9CAE04146A41A2A041A4389
:1011E000049F13041B0C594340467B439C46150C3B
:1011F00068430B0C844463447D43984203D98020A8
:10120000400284466544180C09041B04090C40196B
:101210005B18844227D323D0012335001A43944B13
:101220005344002B60DD510700D086E02E00D1082A
:101230005A46D20106D55A468E4B1A408023934611
:10124000DB0053448C4A934200DD80E65A46520745
:101250000A4390465A465B055402240B5B0D69E62F
:101260003500002BDBD0009D511EAC466444AC42DF
:1012700000D29EE0844200D2E1E000D1EEE00A001C
:10128000CAE7424500D908E74B46DC075808434601
:101290005B081C434346DD0706E7FFF70FF91523FC
:1012A0009C4684440200634620321C2B00DC92E6FC
:1012B0002300083883409946002398469AE6FFF7B2
:1012C000FDF802000300153220331C2A00DC5FE623
:1012D00000990838814000228B4666E600222E00E5
:1012E00000249046654B25E62E000121C91A3829B5
:1012F00000DD1BE61F297EDC6148140050445B467C
:1013000082408340CC40501E824123431A435B46B7
:10131000CB40510709D00F211140042905D0111DE0
:101320009142924152429B180A00190200D49BE05C
:101330000022012300249046FCE50F2111400429DE
:1013400000D173E7111D9142924152422E00C9080B
:1013500093446DE7009B013D9C4661448B4200D95C
:101360002CE78A4200D829E7851E614426E70099C8
:10137000013B8C466444A14200D92DE7A24200D82B
:101380002AE7831E644427E7874200D0FEE6A9458A
:1013900000D9FBE6F5E6A24200D8B9E6831E644414
:1013A000B6E68A4200D89FE6BC46831E9846614452
:1013B0009AE60A00844200D02EE74B4500D02BE786
:1013C00035002CE72A4B2F4A5344924543DB012238
:1013D000002193442CE7AC4200D8D7E602235B42BD
:1013E0009C4600994D444D459B41E3448C465B42ED
:1013F0006344C018CCE61F204042C31A5846D84068
:10140000202904D05946204B534499400A43531E87
:101410009A4107231900024300241140134209D0C6
:1014200008331340042B1DD0131D934289411A0029
:1014300049424907D2080A43904600237AE54946C3
:10144000009F4D004D458941BC4649426144A94633
:10145000023A6418AEE70122524246E79945EED3BC
:101460000A00AAE70021E5E759075B021C0BE1E748
:10147000FF030000FFFFFFFEFE070000FF07000064
:101480001E04000002FCFFFF3E040000F0B55746BA
:10149000DE464E464546E0B50D000400E80F8346A3
:1014A0000903D80F090B824619488C461F036900AF
:1014B0005E00490D3F0B760D814218D086420FD059
:1014C0000120B1420DD1BC450BD1944209D1D34585
:1014D0001CD0002905D160462043431E984100E0FE
:1014E0000120F0BCBB46B246A946A046F0BD012093
:1014F0008E42F6D1614639430F0017432743F0D19E
:101500005B465246981A431E9841EAE70020E8E7F6
:10151000FF070000F0B557464E464546DE46E0B5AB
:101520000D000E034900490D8A46DF0FE90FBC4646
:1015300083B02F4F04008046019158001903914653
:10154000360B090B400DBA451DD0B8420DD0574699
:10155000002F2AD13443002824D10A4336D0002C4E
:1015600041D163465800013815E0114338D1534644
:10157000002B01D12643F4D0019B634507D1019B89
:101580005800013807E026432AD1504521D00120D8
:10159000019B5F42384303B0F0BCBB46B246A9464C
:1015A000A046F0BD002CDCD0E6E70028EFD0019B80
:1015B0006345ECD18245EADCE1DB8E42E7D8DED13F
:1015C000C845E4D80020C845E5D2D8E7002CE2D0D1
:1015D000DDE7114304D1019B6345D8D10020DAE750
:1015E00002204042D7E7019B6345E6D0CFE7C046E3
:1015F000FF070000F0B557464E464546DE46E0B5CB
:101600000D000E034900490D8A46DF0FE90FBC4665
:1016100083B02E4F04008046019158001903914673
:10162000360B090B400DBA451ED0B8420DD05746B7
:10163000002F27D13443002833D10A4334D0002C63
:1016400040D163465800013815E0114312D153468A
:10165000002B01D12643F4D0019B63451DD001200E
:10166000019B5F42384306E0264303D15045F6D143
:1016700011431CD0022003B0F0BCBB46B246A946C1
:10168000A046F0BD0028EAD0019B6345E7D1824522
:10169000E5DC02DB8E42E2D80ED0019B5800013817
:1016A000E9E7002CCDD0D7E7002CE4D0D7E7019BA9
:1016B00000206345DFD0D2E7C845D0D80020C84518
:1016C000D9D2EAE7019B6345E4D0C8E7FF070000F1
:1016D000F0B557464E46DE464546E0B51F000B03C3
:1016E0001B0B16009A46CA0F4B000400914685B0AA
:1016F0005B0D00D1CFE1CD4A934255D05146420F08
:10170000C9000A43802109041143C2009046C84A17
:101710008A4693469B440023002502933C037B00AA
:10172000FA0F0196240B5B0D009200D188E1BF4AAD
:10173000934200D192E0BE4A944663449B440A2DF2
:1017400042DCE400730F23438024494624041C43F5
:10175000F3000193009B00205940CBB20393022D6C
:1017600000DC94E00123AB401D00A6232A00DB002F
:101770001A401D4200D029E290239B001D4200D157
:101780004DE20023802499462403A84B10004A46CA
:101790001B052343D2071343190005B0F0BCBB4619
:1017A000B246A946A046F0BD52460243904600D03C
:1017B000ACE19B460223924608250293AEE7009BCC
:1017C000A2469946019B9846029B022B00D1CAE192
:1017D000032B00D192E1012B10D100230024002221
:1017E000D4E701227B083A4013435246D207134301
:1017F000984653465B089A46039B99465B46581C9D
:101800008023DB005B44002B00DCB1E14246520741
:101810000BD00F2241460A40042A06D04246111D31
:10182000414592418846524292445246D20106D5E1
:101830005246804B1A4080239246DB00C3187E4AF2
:10184000934200DD8FE14246D108524652070A43D7
:1018500051465B054C02240B5B0D97E7734B264307
:101860009C46E344002E00D16FE1032349461D430B
:10187000009B5940CBB203930A2D00DD33E10123D5
:10188000AB401D000323029388222A4297D142468F
:1018900043461204120C160001981D0C030C0004A0
:1018A000000C4643B4461E006E4300961600070027
:1018B0005E436146B0466F430E0CB8444644B7429F
:1018C00005D9802149028846009F47440097614618
:1018D0000904090C370C36048C463100614401912F
:1018E0001100260C2404240C61438C46210069431A
:1018F00089466146090C884672434A44424475430E
:10190000914503D98021490288464544110C8846F7
:1019100061460904090C8C4612046244B91802910C
:101920005146090C8C4651460F043F0C3900414387
:1019300045448846614641438A4641466046090C13
:10194000894658437B4353444B449A4503D98021ED
:10195000490289464844190C894641460904090C44
:101960008846390061431B044344884661464C4322
:1019700071438C46414677430E0C3F19F619484493
:10198000B44203D9802149028946CC440299009F80
:10199000894631044F4489464146974292410C049E
:1019A000240C4C44FF1852426419A1189F429B41D9
:1019B000884682465B42994690459241AC42A4419A
:1019C000C244D14452426442144399459B418245EA
:1019D00092415B42524213434A46360CA419E31823
:1019E00063445B02D20D1A43019992467A020A437C
:1019F000501E8241FF0D17434A4652021743B84614
:101A0000DB0100D5EDE60D4B039A5B449146002BBC
:101A100000DCACE03A00520700D110E70F22584634
:101A20003A40042A00D0F9E609E7C046FF07000063
:101A300001FCFFFFFFFFFFFEFE070000FF030000A9
:101A4000220032436FD0002C00D1C2E02000FEF70C
:101A500035FD020003000B3A1D20821A30001900E8
:101A6000D04008398C400200224334008C40594653
:101A7000CB1A86498B469B440A2D00DDA4E64946D5
:101A8000009B01945940CBB2140000200393022D17
:101A900000DD67E6FBE65346034398463CD05346D9
:101AA000002B00D1A3E05046FEF708FD0B235B425C
:101AB0009C460200844411005046083988401D238A
:101AC000804660461B1A2000D8400300404603436E
:101AD0009A4623008B4098466C4B00259B1A9B46E8
:101AE000002302931AE60F2D00D0C9E0802352464E
:101AF0001B031A4202D01C4200D192E080245346BC
:101B000024031C4324034246240B3EE69B46032346
:101B100080460C25029301E600239A469B4601333A
:101B200004250293FAE501210D430A2D00DD4BE661
:101B3000494600984140C9B20391022D00DC96E06D
:101B400000230024012001930CE649460223009A59
:101B50002B435140CAB203920A2B00DD34E6002D1C
:101B600057D1039B994600240022494B0EE6584664
:101B70000121C91A382900DD2FE61F2956DD1F2251
:101B800054465242D31ADC40202907D0414B4246EA
:101B90009C465346604483401A4390464246072180
:101BA000531E9A410B00224313400024114209D0D6
:101BB0000F231340042B5DD0111D91429B410A005D
:101BC0005B425B07D2081A430023DFE5039B99467B
:101BD000FAE50198FEF772FC02000300153220338B
:101BE0001C2A00DC38E7019A083882403FE7FEF7FC
:101BF00065FC15239C4684440200634620321C2B5E
:101C000000DC58E7002398462300083883409A46B2
:101C100062E71D000023002402200193A2E5029048
:101C200032E61C43009B019A9946AEE51A4B524698
:101C3000C31840469A40C8400243404698400300BB
:101C4000581E834154461A43CC40530709D00F23F2
:101C50001340042B05D0131D934292415242A41805
:101C60001A00230208D50123002400228EE58946AC
:101C700000248BE50023A5E763076402240BA1E79A
:101C8000009BA2469946019B984637E70DFCFFFF53
:101C9000FF0700003E0400001E040000F0B5574698
:101CA0004E464546DE46E0B583B0009001910C03F8
:101CB0004D00CE0F610A009C5F00640F0C43009939
:101CC00000920193C80019037B0D9946019BCC4FEC
:101CD000DB0F9C464B0A00998046490F1943009B35
:101CE0008B46DA0092466D0DB94500D1BFE0012365
:101CF000614659404B468C46EB1A8E4275D0002BFC
:101D000000DCA3E24946002900D1CEE0BD4200D16B
:101D100000E20127382B19DC802759463F0439435C
:101D20008B461F2B00DDFAE12027F91A8C46594615
:101D30006746B9400F001100D9400F4361468A4001
:101D4000511E8A415946D9401743641AC71BB842ED
:101D500080414042241A230200D440E16402640A14
:101D6000002C00D154E12000FEF7A8FB0300083B43
:101D700020213800CA1AD0409C4002009F402243D4
:101D80009D4200DDA6E1581B0130091A3C008F403E
:101D9000C4407B1E9F4113008B4027431F43C2401A
:101DA0003B0014000025134300D1F7E17B0700D16D
:101DB00077E30F2338003B40042B04D0381DB84292
:101DC000BF417F42E419230200D468E38C4B013504
:101DD0009D4200D1F4E08B4B6D051C406D0D6707F3
:101DE000C00864020743240BECE0002B00DC29E36D
:101DF0004946002900D0D6E05946114300D12EE1D2
:101E0000591E012B00D1E6E1BB4200D182E101273E
:101E10000B00382914DC1F2B00DD3CE22027F91AC7
:101E20008C4659466746B9400F001100D9400F4310
:101E300061468A40511E8A415946D9401743641869
:101E40003F188742804140422418230200D4C6E054
:101E50006B4B01359D4200D1B2E00121694B7A08FC
:101E60001C4039400A43E707174364089EE7664B66
:101E700011438A46EB18002928D066452CD0002B48
:101E80005BD0002D00D12CE15B4666465F07D2088F
:101E90001743DD083B002B4300D1E2E080242403FC
:101EA0002C432403564D240B8CE05946114300D19A
:101EB000D5E0591E012B00D1B9E1BB4200D1B1E1FF
:101EC00001270B00382900DD40E72AE7614601279A
:101ED00079408C466645D2D1002B00D1C5E0002D5B
:101EE00000D055E14B462500054300D112E2591EB2
:101EF0008C46012B00D149E2414DAB4200D18FE22B
:101F00000127382911DC63461F2B00DD5BE26146A7
:101F1000202327005B1A050098409F40CD40431EB8
:101F20009841CC402F430743A344BF1897429241A6
:101F300052425A4414004D4687E7344F6B1C3B42D3
:101F400000D0B6E05946230011430F000343002D93
:101F500000D026E1002B00D1C0E1002900D1A1E092
:101F6000831A98465B464045AD41E31A6D425B1BC0
:101F700080252D042B4200D14BE15B46101A824292
:101F800092411C1B0700012663465242A41A2743B4
:101F90001E40002F00D142E12C4200D16DE2194BCE
:101FA00001251C401BE7BD4200D13BE10127382B36
:101FB00000DD45E7802759463F0439438B462AE731
:101FC000002400272D052543F60735433800290056
:101FD00003B0F0BCBB46B246A946A046F0BD7B07A5
:101FE00004D00F233B40042B00D0E7E62B00F80879
:101FF000034A67070743E508934200D14AE7A5E093
:10200000FF070000FFFF7FFF01F8FFFFFE07000052
:102010003800FEF753FA030018331F2B00DCA7E645
:102020003A00083882409D4200DD8AE05B1B581C64
:102030001F2800DCD8E117001F3BDF40202805D017
:1020400040231B1A9A40531E9A4117430025002F24
:1020500000D1E5E07B0700D0ABE62C00C6E7C00866
:10206000C6E700270024D14DACE7D14F6B1C3B42A3
:1020700071D123000343002D00D04EE15746002BC1
:1020800000D1B5E1002F0DD08318834280415C441C
:1020900040422418220200D5C8E11F009846274379
:1020A00000D1BCE043466707DB081F43E508002377
:1020B0004CE0831A98465B464045BF41E31A7F4295
:1020C000DB1B1F027CD447461F4300D1A6E01C0047
:1020D000474645E6B74CED1A14407B0700D080E731
:1020E00084E74B462500054366D05F1E012B00D1D7
:1020F000FCE0AE4DAB4200D15EE16646382F00DC1D
:10210000B4E00120171ABA4292415B4652424D4652
:102110009C1A20E66707C0080743E508BAE61F00D7
:102120005946203FF9400F00202B05D04021CB1A03
:10213000594699400A43924653465A1E93411F43BB
:1021400004E6EB1A9B4D15406F07ED082C035D0567
:10215000240B6D0D36E7954DAB4200D1D6E08218C9
:10216000210082428041594440420818C707520862
:1021700017434408520700D485E10F221D003A405E
:10218000042A00D01AE6FF08640727430509DDE7A3
:102190005B46D2085F071743DD087BE60027002473
:1021A00010E7002B00D0D6E0002900D02FE18024DA
:1021B00000267E4D240305E766465C46D00817E7F7
:1021C0005B46171ABA4292411C1B012663465242D3
:1021D000A41A1E40C4E58318834280415C444042F7
:1021E00025182A0200D4DAE0724A5B081540EA0793
:1021F0001A4369085B0700D44AE10F231340042BFC
:1022000000D1FCE0171D9742A441644202256418E6
:10221000ECE647461C001F4300D043E7002600259C
:102220000024CFE6C00867070743E50832E6871AAF
:102230005B46B8428041E41A4042241A230228D463
:102240006307FF081F43E50801237FE7002B00D148
:1022500073E64B465F1B3B00002D00D142E7382F51
:1022600000DDECE080230E001B041C431F2F25DC47
:1022700020252300ED1B0100A840AB40F940451E7E
:10228000A8410B43FC4018435B461B1B9B4639E7A8
:102290006646012562E51F005946203FF9408C46FD
:1022A000202B05D040275946FB1A99400A439246F5
:1022B00057467B1E9F4163461F43C1E53B002500F7
:1022C000203BDD40202F04D04023DB1B9C402043DB
:1022D00080464046431E9841284313E700299DD07D
:1022E000012663465C4690461E40DBE6171A5B46B5
:1022F000BA4292411C1B5242A41A2302C8D463075B
:10230000FF081F4366460123E5081FE71D00002460
:10231000002757E65C46D0086AE6002B00D137E775
:102320005346C00867070743E508002B00D1B1E515
:1023300080231B031D4208D05946C808184204D107
:10234000D20849070A43170005007B0FFF00FF086A
:102350005B071F439EE5C00863071843E508002993
:1023600053D080231B031D420AD05946CC081C427F
:1023700006D1012663462500D008490708431E40C0
:10238000470FC000C0087F07074383E583189342C7
:1023900092415C445242A5182A0200D524E76F07F7
:1023A000DB081F43ED080123D0E6C046FF0700000D
:1023B000FE070000FFFF7FFF5B46D2085F0766460F
:1023C0001743DD0866E52500203BDD406346202BF2
:1023D00005D0402361465B1A9C4020438046474617
:1023E0007B1E9F412F43A0E520210027091AD2E43C
:1023F000002F00D113E75C4617000025F6E5D7084B
:10240000490702230F432D09A0E6070042E55B467A
:1024100001265F07DD086346D20817431E4039E5F1
:102420005B46D2085F071743DD0833E51E4ADB0829
:1024300022405707520201251F43140BC2E50E002C
:1024400001205FE6002B0DD04B465B1B9C46002D08
:1024500000D148E50127382B00DD66E580231B0409
:102460001C4350E56B1C114D2B4200D073E65946BE
:10247000230011438A46034300E66707C008002390
:102480000743E50862E66407FF08274305095DE6A0
:10249000D208490711430F0002232D0956E6070011
:1024A000A4E538008FE4C046FFFF7FFFFE07000071
:1024B000F0B5C6461E03360BB0460D4E0C034D005C
:1024C0005F0000B5240B6D0D7F0DB5420BD00849A0
:1024D00000208F4204D1464616433000431E9841E7
:1024E00080BCB846F0BD04430120002CF8D1EEE7D3
:1024F000FF0700000B00020070B5164D0C0382B000
:102500004900002000920193240B490DDE0FA942DF
:1025100004DD1148814203DD104BF01802B070BD9C
:102520008020400320430E4C641A1F2C08DD0D4B05
:102530005B1AD84003005842002EEFD11800EDE797
:10254000094B009A9C46030061448B40E2401343D0
:10255000F1E7C046FE0300001D040000FFFFFF7FFF
:102560003304000013040000EDFBFFFF70B50028EA
:1025700016D0C317C5185D40C40F2800FDF79EFF95
:10258000104B1B1A5B055B0D0A2814DC02002E00A1
:10259000153296400B22121AD5402D032D0B03E065
:1025A00000240023002500261B052B43E4072343BA
:1025B0003000190070BD0B3885402D0300262D0B0F
:1025C000F2E7C0461E04000010B5041E10D0FDF74F
:1025D00075FF0E4B1B1A5B055B0D0A280FDC0B22E7
:1025E0002100121AD14015300A038440120B01E079
:1025F000002300221B0513432000190010BD2200F8
:102600000B38824012030024120BF3E71E04000073
:1026100010B5002903D1FDF751FF203002E008007A
:10262000FDF74CFF10BDC046F0B5C64600B5CCB0B6
:102630000AAF0023F8257A1913600023F422BA1890
:10264000136000237A1DFF321360C023FB18E24A97
:1026500013CA13C31168196012791A717023FB1819
:10266000180034231A00002118F000FD6F23FB1816
:1026700005221A7002F01EF802F02CF8D74B0193D5
:10268000D74B0093002300220021032013F09CFD70
:10269000D44B0293D44B0193D44B009300230022DC
:1026A0000021032013F090FDD14B00930023002262
:1026B0000021032013F088FDCE4B0193CE4B0093F5
:1026C000002300220021032013F07EFD58243B1933
:1026D000180014231A00002118F0C8FC21007B18F0
:1026E000C64A1A607B18C64A5A607B18C54ADA6027
:1026F0007B18C54A9A607B18C44A1A617B18180077
:1027000009F0BCFB14F054FA0200C14B1A6000221D
:102710000C21102014F079FD0200BE4B1A608023BA
:102720005A00BD49BD48002301931823009300239C
:1027300015F0ECFA08F08EFF03007A1913607B198C
:102740001B68002B0ED0B64AB6497B191B68019353
:10275000B54B009313000A000121012013F034FD52
:1027600001F009F809F080FC0300F8203A18136022
:102770003B181B68002B0ED0A94AAC493B181B68BC
:102780000193AB4B009313000A000121012013F0C9
:102790001BFD00F0F0FFA74B009300230022002157
:1027A000032013F011FD08F0D1FA0300F8203A18C5
:1027B00013603B181B68002B0ED0994A9E493B18AA
:1027C0001B6801939D4B009313000A000121012017
:1027D00013F0FAFC00F0CFFF994B00930023002286
:1027E0000021032013F0F0FC964BF6221900022082
:1027F00007F07AFD0300F8203A1813603B181B68B5
:10280000002B0ED0864A90493B181B6801938F4BD2
:10281000009313000A000121012013F0D5FC00F001
:10282000AAFF8B4B0093002300220021032013F00A
:10283000CBFCD4243B19180007F0A4FE0300F822B7
:10284000B9180B60BB181B68002B35D12600BB19CB
:102850001B781A00BB195B781900BB199B7818000C
:10286000BB19DB781C00BB191B791D00BB195B79F8
:10287000069305950494039002910192754B009381
:10288000002300220021032013F09EFCBB195B797A
:102890001A007149A4243B19180018F07FFA3B195B
:1028A000180007F0A7FE0300F822B9180B60BB1848
:1028B0001B68002B20D00FE0594A6849F823FB1809
:1028C0001B680193664B009313000A00012101204D
:1028D00013F07AFC00F04FFF514A6249F823FB18CD
:1028E0001B680193604B009313000A000121012033
:1028F00013F06AFC00F03FFF5C4B009300230022C2
:102900000021032013F060FC002007F009FE030003
:10291000F8203A1813603B181B68002B3CD0404944
:10292000A8239A003B181B680193514B00930B009E
:102930000121012013F048FC00F01DFFD4203A18BB
:102940007B1DFF331B68D3181B781B09DBB21900F2
:102950007B1DFF331B680A335B00C0243A19515CAE
:10296000444AD1543A187B1DFF331B68D3181B7897
:102970001A000F231A407B1DFF331B680A335B00CC
:1029800001333919895C3B4AD1547B1DFF331B68E5
:1029900001337A1DFF3213607B1DFF331B68052B4B
:1029A000CCDD344B180007F041FE0300F8203A1844
:1029B00013603B181B68002B62D0194A2E493B1844
:1029C0001B6801932D4B009313000A000121012085
:1029D00013F0FAFB00F0CFFE4CDD0108CCD3010868
:1029E000F4D301081CD4010828D4010834D4010808
:1029F00044D40108C4D3010870D40108453F00083D
:102A000005400008314000081B400008454500080B
:102A1000EC050020E005002090D40108F5370008FF
:102A2000A4D4010861020000B0D4010869020000CA
:102A3000DCD4010810D501087202000024D5010879
:102A400058D501081C0300207B0200006CD501084A
:102A5000A0D50108B4D5010810D601088B020000EA
:102A6000E8D501089302000024D6010844D60108E5
:102A700054D6010800000020AE02000074D6010800
:102A8000B54B0093002300220021032013F09CFB90
:102A9000B24B0093002300220021032013F094FB8B
:102AA000AF4B02221900002007F0DCFD0300F820E4
:102AB0003A1813603B181B68002B0ED0A94AAA498C
:102AC0003B181B680193A94B009313000A000121D6
:102AD000012013F079FB00F04EFEA54B02221900F5
:102AE000012007F0BFFD0300F8203A1813603B18DF
:102AF0001B68002B0ED09B4A9E493B181B68019314
:102B00009A4B009313000A000121012013F05CFB93
:102B100000F031FE3B1DFF3300221A706CE03B1DBC
:102B2000FF331A78944B1201D05C3B1DFF331B78A6
:102B3000914A1B01D31801331C783B1DFF331B78CE
:102B40008D4A1B01D31804331D683B1DFF331B78CE
:102B5000894A1B01D31808331E783B1DFF331B78AD
:102B6000854A1B01D31809331B783A1DFF321278AE
:102B7000814912018A180A321278019200933300B7
:102B80002A00210007F0AAFD0300F8243A19136077
:102B90003B191B68002B17D03B1DFF331B78764A6F
:102BA0001B01D3180C331B686E4974483A1912681C
:102BB00002920193724B00930B000200012101204D
:102BC00013F002FB00F0D7FD3B1DFF331B786A4A70
:102BD0001B01D3180C331B6801936A4B009300232D
:102BE00000220021032013F0EFFA3B1DFF331A7877
:102BF0003B1DFF3301321A703B1DFF331B78062B40
:102C00008DD907F0B7FD0300F8203A1813603B1880
:102C10001B68002B0ED0534A5B493B181B6801937D
:102C20005A4B009313000A000121012013F0CCFA43
:102C300000F0A1FD564B0093002300220021032049
:102C400013F0C2FA534B009300230022002103200B
:102C500013F0BAFA042007F0FFFD0300F8203A1839
:102C600013603B181B68002B0CD03E4A4A493B18A6
:102C70001B680193494B009313000A0001210120B6
:102C800013F0A2FA464B00930023002200210320F8
:102C900013F09AFA07F060FC0300F8203A1813606A
:102CA0003B181B68002B0ED02E4A3E493B181B6870
:102CB00001933D4B009313000A000121012013F002
:102CC00083FA00F058FD394B0093002300220021C5
:102CD000032013F079FA364B1868364901235B421A
:102CE00000930023012213F07EFF0300F422B918A1
:102CF0000B60BB181B680122134000D152E12E4B20
:102D00009B7C002B1BD02C4BDB7C180007F056FC67
:102D10000300F8203A1813603B181B68002B00D101
:102D200040E1104A25493B181B680193244B00934E
:102D300013000A000121012013F046FA32E1214B71
:102D40000093002300220021032013F03DFA1E4BC4
:102D5000180007F01BFE18E194D60108B0D6010850
:102D6000D8D60108A4D40108BB020000FCD6010893
:102D70001CD70108C50200004C2A0208D20200003C
:102D800040D701085CD70108DD0200006CD70108BC
:102D900098D70108C0D70108E7020000ECD7010866
:102DA00018D80108EF02000030D8010854D80108F3
:102DB000EC050020FFFFFF00F005002002030000EB
:102DC00070D8010890D8010844060020E54B1B6824
:102DD000013BF026BA191360E249BB191A681300C7
:102DE0009B009B18DB009B1ACB1804331B78180040
:102DF000DC49BB191A6813009B009B18DB009B1A67
:102E0000CB1805331B781C00D649BB191A68130070
:102E10009B009B18DB009B1ACB1806331B781D0008
:102E2000D049BA19126813009B009B18DB009B1A4B
:102E3000CB1807331B781E00CA49F023FA18126812
:102E400013009B009B18DB009B1ACB1808331B78E0
:102E50009C46C449F023FA18126813009B009B1883
:102E6000DB009B1ACB1809331B7806936246059248
:102E70000496039502940190BB4B0093002300221B
:102E80000021032013F0A0F9F023FB181A681300A7
:102E90009B009B18DB009B1AB24A9B18043300214D
:102EA000180007F053FD0300F8203A1813603B1890
:102EB0001B68002B0CD0AD4AAD493B181B68019331
:102EC000AC4B009313000A000121012013F07CF9A0
:102ED000A449F026BB191A6813009B009B18DB005D
:102EE0009B1ACB1804331B7818009E49BB191A682B
:102EF00013009B009B18DB009B1ACB1805331B7833
:102F00001C009849BB191A6813009B009B18DB0032
:102F10009B1ACB1806331B781D009249BA19126808
:102F200013009B009B18DB009B1ACB1807331B7800
:102F30001E008C49F023FA18126813009B009B189E
:102F4000DB009B1ACB1808331B789C468549F0237D
:102F5000FB181A6813009B009B18DB009B1ACB1808
:102F600009331B78069363460593049603950294F0
:102F70000190814B0093002300220021032013F0D5
:102F800023F9784B180007F001FD764B1B68002BE6
:102F900000D01BE7794B009300230022002103207F
:102FA00013F012F9F423FB181A688023DB00134096
:102FB00031D0734B1B78002B2DD0724B84246400CE
:102FC0001B19DB19180021231A00002118F04EF8F4
:102FD0006B4B1800FDF7A2F80300DBB20133DAB245
:102FE000694B1A70674B1B19DB1904221A70664B68
:102FF0001B78013B1A0062493B1D0133180018F091
:1030000078F8614B1B781A00391D604B180018F0D6
:103010008DF900F0EFFEF423FB181B68202213400B
:1030200000D11CE25A4B1A78594B5B781343DBB240
:10303000002B00D013E2574B009300230022002105
:10304000032013F0C1F8544B1B78012B00D0B5E0DE
:10305000524B0093002300220021032013F0B4F808
:1030600013F0A6FD02004E4B1A604E4A4E4B110063
:10307000180009F037F94A4B18684C4B00930023AD
:103080000122022113F0AFFD0300022B0AD0374AC0
:103090004749484B009313000A000121012013F017
:1030A00093F868E30023FC22BA18136052E0424B05
:1030B0005A68FC257B191B682E214B43D3181B78BB
:1030C000002B41D0314BDC203A1813603A4B5A6840
:1030D0007B191B682E214B43D3182A229A5C3B187C
:1030E0001B685A70344B5A687B191B682E214B435E
:1030F000D31821229B5C1A003B181B685A602E4B88
:103100005A687B191B682E214B43D31822229A5EE2
:103110003B181B685A8004003B181B6808331800D2
:10312000254B5A687B191B682E214B43D31821224B
:10313000190018F0FBF83B191B6820221A70124B7B
:103140002C221A7000F018FEFC22BB181B680133F9
:10315000BA181360184B1B68FC22BA1812689A42FE
:10316000A5D37CE144060020A8D80108A4D4010816
:1031700013030000DCD8010804D9010834D9010880
:103180000C050020FCFEFFFFD005002014040020E9
:10319000F00500204CD901081C03002064D9010867
:1031A000DC050020C93E0008300500201027000083
:1031B0004903000078D90108D4050020B54B1B78DD
:1031C000032B38D1B44B00930023002200210320AD
:1031D00012F0FAFFB14B180009F0A4F90300F8202F
:1031E0003A1813603B181B68002B14D0AC49DA2343
:1031F0009A003B181B680193AA4B00930B00012116
:10320000012012F0E1FF80231A04A74B11001800DF
:1032100001F0BCF923E1A54B00930023002200211B
:10322000032012F0D1FF8023DA039F4B1100180016
:1032300001F0ACF913E1974B1B78042B2AD19C4B7E
:103240000093002300220021032012F0BDFF012083
:1032500009F09AFA0300F822B9180B60BB181B6832
:10326000002B08D1934B0093002300220021032060
:1032700012F0AAFFF3E08A49DF239A00F823FB1833
:103280001B6801938C4B00930B000121012012F06D
:103290009BFFE4E07F4B1B78052B00D0DFE0EE23A3
:1032A000FB1804221A804023E822B9180B60FA2385
:1032B0009B00E4217818036000237B655226BB192C
:1032C00000221A80E3203B1800221A704023FB18CA
:1032D000180011231A00002117F0C8FE3C257B19A5
:1032E00000221A6038243B1900221A6034217B180E
:1032F00000221A60714B009300230022002103205A
:1033000012F062FF34217A1839197B19180007F07E
:1033100075FF031E00D0A2E02200BB181B781D0021
:10332000BB185B781900BB189B781C00BB18DB78B6
:10333000634A402038180293019400912B00102119
:1033400017F0F6FCE822BC18236899B2E422BA18F8
:1033500013689CB2EE23FB181A8840203818BB195A
:1033600001935423FB180093230007F0C3FF031EAF
:103370006BD1BB191B88002B0AD1494A5149524BCA
:10338000009313000A000121012012F01DFF66E0E6
:10339000EE243B191B885226BA1912889B1A642204
:1033A0005A433B191B8819001000FCF75DFF03000E
:1033B0001A00E3257B191A703B191B88BA19128869
:1033C00010007A191278796D04910392029001939A
:1033D0003E4B0093002300220021032012F0F4FE54
:1033E0002C217B1805221A703B191B881B0A9BB2E3
:1033F000DAB27B185A703B191B88DAB27B189A70C4
:103400007B187A191278DA707B6D1B0EDAB27B1892
:103410001A717B6D1B0CDAB27B185A717B6D1B0A1B
:10342000DAB27B189A717B6DDAB27B18DA71284BAD
:1034300008221A70264B1B781A007918254B1800A1
:1034400017F074FF00F0D6FC09E0154A2249234B1F
:10345000009313000A000121012012F0B5FEF423AD
:10346000FB181A688023DB03134000D1ACE0702303
:10347000FA186F23FB181100180009F04BFA031E0D
:1034800030D0174B0093002300220021032012F0BC
:103490009BFE80E11C03002088D901085C05002008
:1034A000A4D4010898D90108EC050020B0D901087E
:1034B000C0D90108D4D90108E8D9010800DA010807
:1034C0000CDA01089A0300001CDA010830DA01085E
:1034D000D005002014040020B703000078DA0108AA
:1034E00088DA0108AE4B70257A1913CA13C313CAC0
:1034F00013C303CA03C312781A70AA4B00930023A4
:1035000000220021032012F05FFE29007B182122F7
:103510009B5C18007B1822229B5C1C007B182322DA
:103520009B5C1D007B1824229B5C1E007B182522BF
:103530009B5C9C467B1826229B5C98467B189A6A6B
:103540007B18DB6A79180991089307924346069322
:10355000634605930496039502940190924B009361
:10356000002300220021032012F02EFE8F4B842422
:1035700064001B19DB19180021231A00002117F021
:1035800075FD8B4B1800FCF7C9FD0300DBB201335E
:10359000DAB2884B1A70854B1B19DB1904221A709A
:1035A000844B1B78013B1A0081493B1D01331800F5
:1035B00017F09FFD7F4B1B781A00391D7E4B1800BA
:1035C00017F0B4FE00F016FCF423FB181A688023F1
:1035D0001B04134011D028217B18832252001A802B
:1035E000744B02221A70734B1B781A007918724BB5
:1035F000180017F09BFE00F0FDFBF423FB181A687F
:1036000080239B02134035D06C4B6D4A9A606B4B04
:10361000DB7CFF2B26D0694BDA7C684B9B6819005A
:10362000100007F073F90300F8203A1813603B18F4
:103630001B68002B0DD0634A63493B181B6801933C
:10364000624B009313000A000121012012F0BCFD1F
:1036500010E05F4B0093002300220021032012F0B2
:10366000B3FD07E05B4B0093002300220021032001
:1036700012F0AAFDF423FB181A6880231B031340E1
:103680002FD04E4BDB7CFF2B23D04C4BDB7C180028
:1036900007F000F90300F8203A1813603B181B6884
:1036A000002B0DD0474A4C493B181B6801934B4BEC
:1036B000009313000A000121012012F085FD10E0A3
:1036C000474B0093002300220021032012F07CFDD1
:1036D00007E0404B0093002300220021032012F05A
:1036E00073FDF423FB181A6880235B0213402FD06C
:1036F000324BDB7CFF2B23D0304BDB7C180007F0F8
:10370000E7F80300F8203A1813603B181B68002BF9
:103710000DD02C498423DA003B181B680193314BF0
:1037200000930B000121012012F04EFD10E02E4B02
:103730000093002300220021032012F045FD07E042
:10374000244B0093002300220021032012F03CFDB3
:10375000F423FB181A6880231B02134001D1FFF7E2
:10376000BAFA224B0093002300220021032012F01A
:103770002BFDFFF7B0FA06F0BFFE07F005FD08F0DD
:1037800085FD08F08FF81A4B0093002300220021DA
:10379000032012F019FDBD4642B080BCB846F0BD12
:1037A0000C050020A8DA0108D0DA0108FCFEFFFFB2
:1037B0005C050020D005002014040020F005002046
:1037C00040E20100A4D40108F20300001CDB010860
:1037D00090DB0108A0DB010809040000FCDB010804
:1037E0007CDC010894DC01080CDD010820DD010807
:1037F00034DD0108B0B58EB002AF78601423FB1839
:1038000018000C231A00002117F030FC1323FB18BA
:1038100003221A700023FB600023BB6200237B623B
:103820000223FB622323FB1800221A70E64B1B685D
:103830000122524214243919180013F0B5FE030076
:10384000012BF3D12200BB181B78002B00D0EBE139
:10385000BB189A6822217B1812781A707B181B7883
:10386000082B00D9A0E19A00D84BD3181B689F46BB
:10387000D74B1B68002B07D0D54B1B68180016F0E0
:103880008FF8D34B00221A602223FB181B78002BE1
:1038900001D1D04B00E0D04B0193D04B00930023DB
:1038A00000220021032012F08FFCCD4B00221A6071
:1038B000002007F065FE0300FB62FB6A002B00D1CD
:1038C00041E2C8498F23DA00FB6A0193C64B00939B
:1038D0000B000121012012F077FC13217B18032239
:1038E0001A700023FB607A18FA239B0001930C23C3
:1038F000FB18009301230121012006F07FFF22E243
:10390000B84ABA49BA4B009313000A0001210120BA
:1039100012F05AFC13217B1803221A700023FB605B
:103920007A18FA239B0001930C23FB1800930123C0
:103930000121012006F062FF08E2A54B1B68002B65
:1039400007D180231B01180015F07AFF0200A04B5D
:103950001A60A34B00221A60012007F011FE031E1B
:103960001AD1A44B0093002300220021032012F05F
:103970002BFC13217B1802221A700023FB607A189B
:10398000FA239B0001930C23FB18009301230121D0
:10399000012006F033FFD9E1924A9749974B0093F3
:1039A00013000A000121012012F00EFC13217B18E4
:1039B00003221A700023FB607A18FA239B000193FC
:1039C0000C23FB18009301230121012006F016FFB0
:1039D000BCE1834B1B68002B00D1B6E17C4B1B681C
:1039E000002B00D1B1E12323FB181B7801225340A7
:1039F000DBB2002B09D0764B1A68794B1B68190093
:103A0000100007F005FE0300FB62714B1B681800F5
:103A100015F0C6FF6E4B00221A60FB6A002B1ED009
:103A2000704A7749FB6A0193764B009313000A00B2
:103A30000121012012F0C8FB13217B1803221A7008
:103A40000023FB607A18FA239B0001930C23FB18D8
:103A5000009301230121012006F0D0FE76E16A4B9C
:103A60000093002300220021032012F0ADFB5C4BE9
:103A700000221A6069E15A4B1B68002B4AD0544B54
:103A80001B68002B46D02323FB181B7801225340D0
:103A9000DBB2002B09D04E4B1A68514B1B68190042
:103AA000100007F0B5FD0300FB62494B1B681800CE
:103AB00015F076FF464B00221A60FB6A002B1ED0E1
:103AC000484A5249FB6A01934E4B009313000A0087
:103AD0000121012012F078FB13217B1803221A70B8
:103AE0000023FB607A18FA239B0001930C23FB1838
:103AF000009301230121012006F080FE26E1424BC4
:103B00000093002300220021032012F05DFB344BC0
:103B100000221A6013243B1901221A700023FB6053
:103B20003A19FA239B0001930C257B19009301237A
:103B30000121012006F062FEFA239B00180014F018
:103B40009FFA07F045FD0300FB62FB6A002B1CD0C7
:103B5000244A2F49FB6A01932E4B009313000A005D
:103B60000121012012F030FB3B1903221A700023BF
:103B7000FB603A19FA239B0001937B190093012300
:103B80000121012006F03AFEE0E0234B00930023E0
:103B900000220021032012F017FB204B180014F024
:103BA0006FFA01F0BCFBD1E02223FB181B780D4A11
:103BB0001B4901931B4B009313000A0001210120B4
:103BC00012F002FBC2E0C046E0050020BC2A020859
:103BD000E405002060DD010868DD010870DD0108F2
:103BE000E8050020A4D401087CDD0108830400005E
:103BF000A0DD0108C4DD01089F040000E4DD010828
:103C0000B5040000F8DD010824DE0108CF0400003F
:103C1000E404000044DE010864DE0108983A000074
:103C2000F204000084DE010814217B181B78022BAB
:103C300000D08BE0494B1B68002B00D186E07B183D
:103C40005A68474B1B68D318BB62BB6A454A944607
:103C500063447B62BA6A80231B019A425ED33F4B66
:103C60001A683F4B1B68D0187B1899683C4B1B683F
:103C700080221201D31A1A0017F058FB374B1B6829
:103C8000802212011100180007F0C2FC0300FB6241
:103C9000FB6A002B1ED0344A3449FB6A0193344B33
:103CA000009313000A000121012012F08DFA132164
:103CB0007B1803221A700023FB607A18FA239B00FA
:103CC00001930C23FB18009301230121012006F02E
:103CD00095FD07E0274B00930023002200210420DC
:103CE00012F072FABA6A80231B019A4212D91B4B56
:103CF00018681423FB189A68194B1B688021090166
:103D0000CB1AD3187A6A190017F010FB144B7A6A91
:103D10001A601BE0124B00221A6017E00F4B1A6862
:103D20000F4B1B68D01814243B1999683B195B682A
:103D30001A0017F0FBFA3B195A68094B1B68D21896
:103D4000074B1A6002E0C04600E0C0461423FB188F
:103D50009B68180015F024FE68E5C046E4050020C5
:103D6000E805002000F8FFFFA4D401080B050000BF
:103D7000A4DE0108CCDE010880B584B002AF0023C8
:103D80003B60154B0093002300220021032012F01A
:103D90001BFA124B1B781900114A124B01933B007E
:103DA00000930B000221002006F0FAFC03007B6068
:103DB0007B68002B0CD00C4A0C497B6801930C4BA0
:103DC000009313000A000121012012F0FDF9C04602
:103DD000C046BD4602B080BDE8DE0108D005002027
:103DE0001404002070170000A4D401083905000055
:103DF00000DF010880B584B002AF00233B60154BA3
:103E00000093002300220021032012F0DDF9124B61
:103E10001B781900114A124B01933B0000930B00D1
:103E20000321002006F0BCFC03007B607B68002BB4
:103E30000CD03B680B49AA22D20001930A4B009395
:103E40000B000121012012F0BFF9C046C046BD465B
:103E500002B080BDE8DE0108D00500201404002077
:103E600070170000A4D4010820DF010880B582B0DB
:103E700000AF0200BB1D1A80BB1D1B88082B01D19F
:103E800011F0E0FFC046BD4602B080BD80B582B0F3
:103E900000AF0200BB1D1A80BB1D1B88082B01D17F
:103EA00012F006F8BB1D1A8880239B019A4204D1A8
:103EB000044B0121180000F069FBC046BD4602B06A
:103EC00080BDC046EC05002080B584B002AF7860AC
:103ED0003960184B0093002300220021032012F0C8
:103EE00073F93B68180008F063FA3B681B68002B05
:103EF00008D1114B0093002300220021032012F06F
:103F000063F90DE00D4B08220021180017F0AEF800
:103F10003B681A68094B1A603B685A68074B5A603D
:103F2000074B1B680221180012F030FFC046BD4647
:103F300002B080BD40DF010854DF0108D405002035
:103F4000DC05002080B584B002AF02003960FB1DA3
:103F50001A70FB1D1B786A2B28D042DC662B02D01E
:103F6000672B08D03DE08023DA03204B11001800B6
:103F700000F00CFB36E01E4B21220021180017F048
:103F800075F81C4B40220021180017F06FF81A4BEF
:103F90000093002300220021032012F015F9174B93
:103FA00021220021180017F061F81BE0104B21229C
:103FB0000021180017F05AF80E4B4022002118007B
:103FC00017F054F83B68180008F030FD0300019327
:103FD0000B4B0093002300220021032012F0F4F881
:103FE00000E0C046C046BD4602B080BDEC050020E2
:103FF0005C0500207D05002068DF01080C0500201D
:1040000090DF010880B582B000AF02003960FB1D6F
:104010001A70C046BD4602B080BD80B582B000AF08
:1040200002003960FB1D1A70C046BD4602B080BD5B
:1040300090B58FB006AF02003960FB1D1A703B6867
:10404000BB61FB1D1B78793B132B00D968E29A00FA
:10405000E84BD3181B689F46BB6937229B5C0193D2
:10406000E54B0093002300220021032012F0ACF85E
:10407000BB6937229A5CE14BDA74BB6936229A5CE1
:10408000DE4B9A74BB6970331A00DC4B4C33110061
:104090000622180017F04AF9BB6938331A00D74BCB
:1040A000143311001A22180017F040F9BB6952337B
:1040B0001900D24B2E229B181E22180017F036F939
:1040C000CF4B0221180000F061FA2AE2CD4B009399
:1040D000002300220021032012F076F8C84B0821AB
:1040E000180000F053FA1CE2C74B00930023002293
:1040F0000021032012F068F8C04B00221A82BF4B47
:1041000000229A74BD4BFF22DA74C04B1A220021A0
:10411000180016F0ABFFBE4B06220021180016F067
:10412000A5FFBC4B1E220021180016F09FFFB44BC8
:104130000421180000F02AFAF3E1BB691B781A0089
:10414000BB695B7802930192B34B0093002300227A
:104150000021032012F038F880235A00A84B1100E8
:10416000180000F013FADCE1BB691B781A00BB6988
:104170005B7802930192A94B009300230022002157
:10418000032012F021F880239A009D4B11001800A3
:1041900000F0FCF9C5E1BB691B781A00BB695B78CC
:1041A000029301929E4B00930023002200210320E2
:1041B00012F00AF88023DA00914B1100180000F089
:1041C000E5F9AEE1BB691B781A00BB695B78029325
:1041D0000192944B0093002300220021032011F050
:1041E000F3FF80231A01864B1100180000F0CEF96E
:1041F00097E18D4B0093002300220021032011F052
:10420000E3FF80235A017E4B1100180000F0BEF935
:1042100087E1864B0093002300220021032011F048
:10422000D3FFBB6937229A5C744BDA74BB691A7886
:10423000724B1A70BB695A78704B5A70BB691A6B13
:104240006E4BDA60BB6937229B5C1A00BB691B7836
:104250001900BB695B781800BB691B6B0493039062
:1042600002910192724B009300230022002103204F
:1042700011F0AAFF614B1B78012B2ED1BB695A7834
:104280000C217B181A70BB691A6B7B185A600C00E2
:104290007B185B68180015F0D3FA02003B199A608E
:1042A0003B1998683B195A68624B190017F03EF8A1
:1042B0000023BB60604B18680823FA1839190023E3
:1042C00013F0FBF8BB68002B1FD0BB68002B1CD081
:1042D0005A4B802252051A6017E00023FB610FE061
:1042E000544AFB69D3181B780193554B0093002364
:1042F00000220021032011F067FFFB690133FB61FD
:10430000BB691B6BFA699A42EAD33C4B1B78002BC2
:1043100043D13A4B5B78012B3FD14A4B00930023AA
:1043200000220021032011F04FFF424B1B78012B8C
:1043300016D1324BDB685A1E4349444B180016F025
:10434000F5FF2E4BDB68013B404A0021D154404B26
:104350000093002300220021032011F035FF1CE010
:10436000344B1B78022B18D1244BDB685A1E36497C
:10437000384B180016F0DAFF204BDB68013B334A5C
:104380002121D3185B1800221A70334B00930023AD
:1043900000220021032011F017FF194B20211800E3
:1043A00000F0F4F8BDE02D4B009300230022002123
:1043B000032011F009FF124B1021180000F0E6F85D
:1043C000AFE0BB6937229A5C0C4BDA740B4BDB7C99
:1043D0000193234B0093002300220021032011F0BE
:1043E000F3FE80239A02064B1100180000F0CEF86D
:1043F00097E0C046E02A02089CDF0108F005002093
:10440000EC050020C4DF0108E8DF010804060020F5
:104410003C0600201E06002000E001083CE00108E8
:1044200078E00108B4E00108F0E0010808E10108C3
:1044300018E101081C030020E005002004ED00E065
:1044400058E1010864E101081D0300205C0500201B
:104450007CE101087D05002088E1010890E1010868
:10446000A0E10108BB6937229A5C304BDA74BB6962
:10447000DA682E4B9A602D4B9B682C4AD27C0292B4
:1044800001932B4B0093002300220021032011F005
:104490009BFE80231A03274B1100180000F076F8CA
:1044A0003FE0BB6937229A5C204BDA741F4BDB7C00
:1044B0000193214B0093002300220021032011F0DF
:1044C00083FE80235A021B4B1100180000F05EF897
:1044D00027E01A4B0093002300220021032011F053
:1044E00073FE80231A02134B1100180000F04EF8DF
:1044F00017E0BB69DA680D4B9A600C4B9B6801931F
:104500000F4B0093002300220021032011F05CFEDA
:104510008023DA02074B1100180000F037F800E0A2
:10452000C046C046BD4609B090BDC046F00500205B
:10453000CCE10108EC05002000E201082CE20108B2
:1045400048E2010880B586B004AF02003960FB1D67
:104550001A70FB1D1B78180007F0ECFC0100084ADC
:1045600008483B6802930191074B00931300020037
:104570000121012011F028FEC046BD4602B080BDD9
:10458000A4D401088F06000064E2010880B586B05B
:1045900000AF786039600023FB60EFF305837B6137
:1045A0007B69002B02D100233B6101E001233B61C9
:1045B0003B69002B12D07B681B680C22BA18396843
:1045C000180012F0BDFCFB68002B0ED0FB68002B1E
:1045D0000BD0084B802252051A6006E07B681B68EE
:1045E0003A681100180012F0D1FBC046BD4606B073
:1045F00080BDC04604ED00E080B582B000AF7860B9
:10460000FA239B00391D0448012204F023F97B683A
:104610001800BD4602B080BDC407002080B584B03C
:1046200000AF78600023FB60094B1B680C22BA18AE
:104630001100180014F0BCFBFB68002B03D0054BE5
:10464000802252051A60C046BD4604B080BDC046F7
:104650009806002004ED00E0B0B584B000AF7860AB
:104660000F243B1900221A7014F0D2F902000F4BEC
:104670001A607B681800FBF751FD03009AB2250011
:104680003C1979680A4B180004F088F9030023707C
:104690007B191B78002B05D101235B4219000120F7
:1046A00014F040FBC046BD4604B0B0BD98060020E3
:1046B000C407002080B500AF044B180011F02EFD98
:1046C0000200034B1A60C046BD4680BD5946000833
:1046D0009C06002080B500AFC046BD4680BD0000EE
:1046E00080B500AF00F00AFD00F020F800F02EF9D0
:1046F00000F006F900F078F800F0B4F815F058FA78
:1047000012F02CF9064A074B0021180012F06EF93E
:104710000200054B1A6012F043F9C046FDE7C0469F
:10472000302B0208994A00085808002090B595B02F
:1047300000AF14243B1918003C231A00002116F086
:1047400095FC3B1D180010231A00002116F08EFC6A
:1047500080239B00180001F01FFB3B1902221A6006
:104760003B1980225200DA6021007B1800221A6176
:104770007B1840225A617B1802221A627B1802229F
:104780005A627B1800229A627B180822DA627B1830
:10479000802292021A637B18802292045A637B184B
:1047A000802292059A637B18180001F041FB031EDA
:1047B00001D000F08BF93B1D07221A603B1D02223D
:1047C0005A603B1D00229A603B1D0022DA603B1DAF
:1047D0000221180001F08CFE031E01D000F076F9D2
:1047E000C046BD4615B090BD80B500AF1B4B1C4AFE
:1047F0001A601A4B822252005A60184B00229A60AB
:10480000164BE022D200DA60144B00221A61134BDF
:1048100000225A61114B802292009A610F4B0022B4
:10482000DA610E4B00221A620C4B00225A620B4BCB
:1048300000229A62094B0722DA62084B00221A63AF
:10484000064B08225A63054B180002F061FA031E5A
:1048500001D000F03BF9C046BD4680BDA006002057
:104860000030014080B500AF234B244A1A60224B30
:10487000E12252025A60204B00229A601E4B002215
:10488000DA601D4B00221A611B4B0C225A611A4B35
:1048900000229A61184B0022DA61174B00221A623B
:1048A000154B00225A62144B00229A62124B1800D8
:1048B00003F07AFF031E01D000F008F90E4B00212F
:1048C000180005F015FC031E01D000F0FFF80A4B9C
:1048D0000021180005F04CFC031E01D000F0F6F892
:1048E000054B180005F0CAFB031E01D000F0EEF8DE
:1048F000C046BD4680BDC046C407002000440040FD
:1049000080B582B000AF104B9A6B0F4B01210A4368
:104910009A630D4B9B6B012213407B607B680022E6
:104920000321092000F0D6FC092000F0E8FC002259
:1049300003210A2000F0CEFC0A2000F0E0FCC04673
:10494000BD4602B080BDC0460010024090B58BB09D
:1049500000AF14243B19180014231A00002116F08C
:1049600085FB494B5A6B484B04210A435A63464B1B
:104970005B6B042213403B613B69434B5A6B424BD8
:1049800020210A435A63404B5B6B20221340FB609B
:10499000FB683D4B5A6B3C4B01210A435A633A4B2F
:1049A0005B6B01221340BB60BB68374B5A6B364BC5
:1049B00002210A435A63344B5B6B022213407B6033
:1049C0007B683249324B0022180001F09EF93B19F6
:1049D000802292011A603B19842292035A603B198B
:1049E00000229A603B192B4A1900100001F004F8CC
:1049F0003B1911221A603B1901225A603B1900220F
:104A00009A603B190222DA603B19214A1900100012
:104A100000F0F2FF21007B188022D2011A600C0006
:104A20003B1901225A603B1900229A603B1900226F
:104A3000DA603B19164A1900100000F0DDFF210072
:104A40007B1808221A607B18C42292035A607B18D4
:104A500000229A607B180E4A1900100000F0CCFF6B
:104A600000220321062000F035FC062000F047FC60
:104A700000220321072000F02DFC072000F03FFC5E
:104A8000C046BD460BB090BD001002401140000072
:104A9000000400500008005080B582B000AF78607C
:104AA000012012F039F8FBE780B582B000AF7860E2
:104AB0007B681B68044A934201D100F03FFBC0466B
:104AC000BD4602B080BDC046002C014080B500AF9D
:104AD00072B6C046C046FDE780B582B000AF154B48
:104AE0001A6C144B01210A431A64124B1B6C0122ED
:104AF00013407B607B680F4BDA6B0E4B80214905BE
:104B00000A43DA630B4BDA6B80235B0513403B608F
:104B10003B6802235B4200220321180000F0DAFB0D
:104B2000C023DB00180000F025FBC046BD4602B0E4
:104B300080BDC0460010024090B58BB000AF7860D9
:104B400014243B19180014231A00002116F08EFAC1
:104B50007B681B684A4A934200D08CE0494B1A6C30
:104B6000484B802149010A431A64464B1A6C802342
:104B70005B0113403B613B69424B5A6B414B012146
:104B80000A435A633F4B5B6B01221340FB60FB6897
:104B900021007B18E0221A607B1802225A607B18E1
:104BA00000229A607B180322DA607B1800221A61C7
:104BB0007A18A023DB051100180000F01DFF324B0E
:104BC000324A1A60304B11225A602F4B10229A60E1
:104BD0002D4B0022DA602C4B80221A612A4B0022D6
:104BE0005A61294B00229A61274B0022DA61264B39
:104BF000802292011A62244B180000F095FB031EDC
:104C000001D0FFF763FF7B681F4A5A651E4B7A6825
:104C10009A621F4B1F4A1A601D4B10225A601C4B90
:104C200000229A601A4B0022DA60194B80221A6126
:104C3000174B00225A61164B00229A61144B002236
:104C4000DA61134B802292011A62114B180000F0B6
:104C50006BFB031E01D0FFF739FF7B680C4A9A6596
:104C60000B4B7A689A6200220321192000F032FB74
:104C7000192000F044FBC046BD460BB090BDC046B5
:104C800000300140001002400407002008000240EC
:104C9000640700201C00024090B59DB000AF786012
:104CA0005C23FB18180014231A00002116F0DEF90B
:104CB00010243B1918004C231A00002116F0D6F9D5
:104CC0007B681B68264A934246D13B1902221A6030
:104CD0003B1900229A603B19180001F0DDFD031E0C
:104CE00001D0FFF7F3FE1F4BDA6B1E4B80218902C8
:104CF0000A43DA631B4BDA6B80239B021340FB6091
:104D0000FB68184B5A6B174B01210A435A63154B2A
:104D10005B6B01221340BB60BB685C217B180C22DB
:104D20001A607B1802225A607B1800229A607B1856
:104D30000022DA607B1801221A617A18A023DB05B1
:104D40001100180000F058FE002203211C2000F082
:104D5000C1FA1C2000F0D3FAC046BD461DB090BD7C
:104D60000044004000100240B0B58CB000AF786045
:104D70002B23FB1800221A70384B1A6C374B8021FA
:104D800009010A431A64354B1A6C80231B01134036
:104D9000BB60BB680C23FA1810243B1911001800E3
:104DA00001F050FD3B19DB687B627B6A002B04D16C
:104DB00001F032FD0300FB6204E001F02DFD030071
:104DC0005B00FB62FB6A26491800FBF7C3F903008E
:104DD000013B3B62234B244A1A60224B234ADA6090
:104DE000204B3A6A5A601F4B00221A611D4B002269
:104DF0009A601C4B00229A612B257C19194B1800D4
:104E000003F038FA030023707B191B78002B1ED1A6
:104E10007C19144B180003F08DFA030023707B19E2
:104E20001B78002B13D10D2000F069FA7B68032B4F
:104E300009D87B68002219000D2000F04BFA0C4BBA
:104E40007A681A6003E02B23FB1801221A702B23C7
:104E5000FB181B781800BD460CB0B0BD0010024016
:104E600040420F005C080020002C0140E7030000D6
:104E70002800002080B500AFC046FDE780B500AF38
:104E8000C046FDE780B500AF082000F05BFFC046DC
:104E9000BD4680BD80B500AF80239B01180000F0A7
:104EA00051FFC046BD4680BD80B500AF034B180022
:104EB00000F034FCC046BD4680BDC046040700205B
:104EC00080B500AF034B180000F028FCC046BD467B
:104ED00080BDC0466407002080B500AF034B1800BA
:104EE00003F08AFAC046BD4680BDC0465C0800207B
:104EF00080B500AF034B180002F0DAFDC046BD4696
:104F000080BDC046A006002080B500AF034B18004E
:104F100003F0ECFDC046BD4680BDC046C40700207E
:104F200080B500AF01231800BD4680BD80B582B0BA
:104F300000AF7860396016F0C1F9030016221A60DC
:104F400001235B421800BD4602B080BD80B582B02F
:104F500000AF786001235A427B6811001800FFF708
:104F6000E5FFC046FDE780B586B000AFF860B960E8
:104F70007A6000237B610AE000E000BF0100BB68AB
:104F80005A1CBA60CAB21A707B6901337B617A69B4
:104F90007B689A42F0DB7B681800BD4606B080BD96
:104FA00080B586B000AFF860B9607A6000237B619D
:104FB00009E0BB685A1CBA601B781800FFF71CFB9D
:104FC0007B6901337B617A697B689A42F1DB7B689C
:104FD0001800BD4606B080BD80B582B000AF7860D5
:104FE00001235B421800BD4602B080BD80B582B08F
:104FF00000AF786039603B68802292015A600023DC
:105000001800BD4602B080BD80B582B000AF7860A8
:1050100001231800BD4602B080BD80B584B000AF4A
:10502000F860B9607A6000231800BD4604B080BD06
:1050300080B586B000AF7860144A154BD31A7B61F7
:105040007B693B61134B1B68002B02D1114B124A49
:105050001A60104B1A687B68D3183A699A4207D2D3
:1050600016F02CF903000C221A6001235B4209E0C0
:10507000084B1B68FB60074B1A687B68D218054B0E
:105080001A60FB681800BD4606B080BD00400220D3
:1050900000040000A8080020C0B8002080B500AFC0
:1050A000C046BD4680BD00000D488546FFF7F6FFAF
:1050B0000C480D490D4A002302E0D458C450043373
:1050C000C4188C42F9D30A4A0A4C002301E0136049
:1050D0000432A242FBD316F0F7F8FFF701FBFEE71C
:1050E000004002200000002000030020E8360208F3
:1050F00000030020BCB80020FEE7000080B582B0AD
:1051000000AFFB1D00221A700B4B1A680A4B80215E
:1051100049000A431A600320FFF726FE031E03D04E
:10512000FB1D01221A7001E0FFF7D6FCFB1D1B7866
:105130001800BD4602B080BD0020024080B500AF1F
:10514000054B1B781A00054B1B68D218034B1A60DD
:10515000C046BD4680BDC0462C000020AC080020E3
:1051600080B500AF024B1B681800BD4680BDC0462D
:10517000AC08002080B582B000AF7860064B1B6899
:10518000064A13401900044B7A680A431A60C04665
:10519000BD4602B080BDC04600000140FFF9FFFFE0
:1051A00080B582B000AF0200FB1D1A70FB1D1B789A
:1051B0007F2B09D8FB1D1B781A001F231A40044BB4
:1051C000012191400A001A60C046BD4602B080BD70
:1051D00000E100E090B583B000AF02003960FB1D34
:1051E0001A70FB1D1B787F2B28D82F4AFB1D1B78BC
:1051F0005BB29B08C0339B009B58FA1D12781100CC
:1052000003220A40D200FF2191400A00D2431A40F3
:1052100011003B689B01FF221A40FB1D1B78180000
:1052200003230340DB009A401F48FB1D1B785BB241
:105230009B080A43C0339B001A5031E01B4AFB1DF8
:105240001B7819000F230B40083B9B0806339B007B
:10525000D31804331B68FA1D1278110003220A4088
:10526000D200FF2191400A00D2431A4011003B684E
:105270009B01FF221A40FB1D1B78180003230340EB
:10528000DB009A400948FB1D1B781C000F232340BC
:10529000083B9B080A4306339B00C31804331A607B
:1052A000C046BD4603B090BD00E100E000ED00E067
:1052B00080B500AFBFF34F8FC046044B044ADA609D
:1052C000BFF34F8FC046C046FDE7C04600ED00E08B
:1052D0000400FA0580B584B000AFB9607A600F2190
:1052E0007B18021C1A70BA687B181B785BB211001D
:1052F0001800FFF76FFFC046BD4604B080BD80B503
:1053000082B000AF0200FB1D1A70FB1D1B785BB260
:105310001800FFF745FFC046BD4602B080BD80B50E
:1053200000AFFFF7C5FF000080B582B000AF786026
:105330007B68002B01D1012391E07B681B681A0078
:10534000494B9A4210D87B681B68484A944663448C
:1053500014211800FAF7FEFE03009A007B685A64D5
:105360007B68434A1A640FE07B681B68414A944695
:10537000634414211800FAF7EDFE03009A007B68DD
:105380005A647B683C4A1A647B682522022199543E
:105390007B681B681A687B681B6838490A401A607A
:1053A0007B681B6819687B689A687B68DB681A43AE
:1053B0007B681B691A437B685B691A437B689B693E
:1053C0001A437B68DB691A437B681B6A1A437B6854
:1053D0001B680A431A607B68180000F09FFA7B681C
:1053E0009A688023DB019A4202D17B6800225A60CE
:1053F0007B685A687B689B6C7F210A401A607B68D7
:10540000DB6C7A68126D5A607B685B68002B11D088
:105410007B685B68042B0DD87B68180000F0C8FA25
:105420007B685B6D00221A607B689B6D7A68D26D29
:105430005A6008E07B6800225A657B6800229A6502
:105440007B680022DA657B680022DA637B682522AC
:10545000012199547B6824220021995400231800CB
:10546000BD4602B080BDC04607040240F8FFFDBF44
:1054700000000240F8FBFDBF000402400F80FFFF68
:1054800080B586B000AFF860B9607A603B601723E2
:10549000FB1800221A70FB6824229B5C012B01D1AF
:1054A00002236FE0FB68242201219954FB68252226
:1054B0009B5CDBB2012B57D1FB682522022199545A
:1054C000FB680022DA63FB681B681A68FB681B68CC
:1054D00001218A431A603B687A68B968F86800F06D
:1054E000E1F9FB681B6B002B08D0FB681B681A688E
:1054F000FB681B680E210A431A600FE0FB681B68FB
:105500001A68FB681B6804218A431A60FB681B68E1
:105510001A68FB681B680A210A431A60FB689B6CC7
:105520001A6880235B02134008D0FB689B6C1A68E2
:10553000FB689B6C802149000A431A60FB685B6D25
:10554000002B08D0FB685B6D1A68FB685B6D8021DF
:1055500049000A431A60FB681B681A68FB681B68ED
:1055600001210A431A600AE0FB688022DA63FB68C3
:105570002422002199541723FB1801221A701723A3
:10558000FB181B781800BD4606B080BD80B582B000
:1055900000AF78607B68002B01D101234FE07B686E
:1055A00025229B5CDBB2022B08D07B680422DA63E5
:1055B0007B68242200219954012340E07B681B680A
:1055C0001A687B681B680E218A431A607B689B6C93
:1055D0001A687B689B6C1C490A401A607B681B68D0
:1055E0001A687B681B6801218A431A607B685B6CC0
:1055F0001C221A407B681B6C012191400A005A60F2
:105600007B68DB6C7A68126D5A607B685B6D002B7F
:105610000CD07B685B6D1A687B685B6D0A490A4039
:105620001A607B689B6D7A68D26D5A607B68252210
:10563000012199547B6824220021995400231800E9
:10564000BD4602B080BDC046FFFEFFFF80B584B0FE
:1056500000AF78600F217B1800221A707B6825222A
:105660009B5CDBB2022B06D07B680422DA637B18DA
:1056700001221A7048E07B681B681A687B681B6807
:105680000E218A431A607B681B681A687B681B6856
:1056900001218A431A607B689B6C1A687B689B6C4B
:1056A0001D490A401A607B685B6C1C221A407B68AB
:1056B0001B6C012191400A005A607B68DB6C7A68A0
:1056C000126D5A607B685B6D002B0CD07B685B6D44
:1056D0001A687B685B6D10490A401A607B689B6D95
:1056E0007A68D26D5A607B682522012199547B68C3
:1056F0002422002199547B689B6B002B04D07B688B
:105700009B6B7A68100098470F23FB181B781800D2
:10571000BD4604B080BDC046FFFEFFFF80B584B02B
:1057200000AF78607B681B6C1B68FB607B681B6844
:105730001B68BB607B685B6C1C22134004229A4090
:105740001300FA68134026D0BB680422134022D00D
:105750007B681B681B682022134007D17B681B688D
:105760001A687B681B6804218A431A607B685B6C3B
:105770001C221A407B681B6C042191400A005A606D
:105780007B681B6B002B00D180E07B681B6B7A6809
:10579000100098477AE07B685B6C1C221340022261
:1057A0009A401300FA6813403CD0BB6802221340B1
:1057B00038D07B681B681B68202213400BD17B68A4
:1057C0001B681A687B681B680A218A431A607B6819
:1057D0002522012199547B681B681A002E4B9A429E
:1057E00009D97B685B6C1C221A402C4B022191402A
:1057F0000A005A6008E07B685B6C1C221A40284B48
:10580000022191400A005A607B68242200219954A9
:105810007B68DB6A002B39D07B68DB6A7A68100012
:10582000984733E07B685B6C1C22134008229A4047
:105830001300FA6813402AD0BB680822134026D010
:105840007B681B681A687B681B680E218A431A6094
:105850007B685B6C1C221A407B681B6C01219140A9
:105860000A005A607B680122DA637B6825220121E5
:1058700099547B682422002199547B685B6B002B30
:1058800005D07B685B6B7A6810009847C046C046BD
:10589000BD4604B080BDC046800002400004024006
:1058A0000000024080B584B000AFF860B9607A6053
:1058B0003B60FB68DB6CFA68126D5A60FB685B6DDD
:1058C000002B04D0FB689B6DFA68D26D5A60FB68B0
:1058D0005B6C1C221A40FB681B6C012191400A0082
:1058E0005A60FB681B683A685A60FB689B68102B1B
:1058F00008D1FB681B687A689A60FB681B68BA6805
:10590000DA6007E0FB681B68BA689A60FB681B688E
:105910007A68DA60C046BD4604B080BD80B584B008
:1059200000AF78607B681B681A001D4B9A4214D840
:105930007B685B6C9B089B001A4A9A187B689A6488
:105940007B681B681A00FF231340083B14211800D2
:10595000FAF700FC0300FB6014E07B685B6C9B08BB
:105960009B00114A9A187B689A647B681B681A002E
:10597000FF231340083B14211800FAF7EBFB030048
:105980000733FB607B68094ADA64FB681F22134017
:1059900001229A407B681A65C046BD4604B080BDAE
:1059A00007040240000802401C0802408008024030
:1059B00080B584B000AF78607B685B687F2213405D
:1059C000FB60FB680A4A944663449B001A007B68AC
:1059D0005A657B68074A9A65FB68013B03221340BE
:1059E00001229A407B68DA65C046BD4604B080BD9E
:1059F0003F8200104009024080B586B000AF786059
:105A0000396000237B614DE13B681B6801217A69A5
:105A100091400A001340FB60FB68002B00D13EE17F
:105A20003B685B6803221340012B05D03B685B6831
:105A300003221340022B30D17B689B683B617B695A
:105A40005B0003229A401300DA433B6913403B6139
:105A50003B68DA687B695B009A4013003A6913433C
:105A60003B617B683A699A607B685B683B610122B5
:105A70007B699A401300DA433B6913403B613B6802
:105A80005B681B0901221A407B699A4013003A693E
:105A900013433B617B683A695A603B685B68032249
:105AA0001340032B17D07B68DB683B617B695B008D
:105AB00003229A401300DA433B6913403B613B6881
:105AC0009A687B695B009A4013003A6913433B6113
:105AD0007B683A69DA603B685B6803221340022BFB
:105AE00023D17B69DA087B6808329200D3583B6186
:105AF0007B69072213409B000F229A401300DA4370
:105B00003B6913403B613B681A697B6907210B4085
:105B10009B009A4013003A6913433B617B69DA08A2
:105B20007B68083292003969D1507B681B683B6101
:105B30007B695B0003229A401300DA433B69134000
:105B40003B613B685B6803221A407B695B009A40BB
:105B500013003A6913433B617B683A691A603B68FA
:105B60005A68C0239B02134000D198E0534A7B69D6
:105B70009B0818339B009B583B617B6903221340B1
:105B8000DB000F229A401300DA433B6913403B616C
:105B90007A68A023DB059A4219D07B68484A934271
:105BA00013D07B68474A93420DD07B68464A9342A4
:105BB00007D07B68454A934201D1042308E00523BE
:105BC00006E0032304E0022302E0012300E00023B7
:105BD0007A6903210A40D20093403A6913433B613A
:105BE00036497B699B0818339B003A695A50334BFE
:105BF0001B683B61FB68DA433B6913403B613B68D0
:105C00005A6880235B03134003D03A69FB6813434F
:105C10003B612A4B3A691A60284B5B683B61FB6821
:105C2000DA433B6913403B613B685A6880239B031E
:105C3000134003D03A69FB6813433B611F4B3A6939
:105C40005A601E4A8423D3583B61FB68DA433B69A0
:105C500013403B613B685A6880239B02134003D08A
:105C60003A69FB6813433B61144984223B698B50BA
:105C7000124A8023D3583B61FB68DA433B691340E7
:105C80003B613B685A6880235B02134003D03A694A
:105C9000FB6813433B61094980223B698B507B6958
:105CA00001337B613B681A687B69DA40131E00D0C0
:105CB000AAE6C046C046BD4606B080BD00180240F8
:105CC0000004005000080050000C0050001000506C
:105CD00080B584B000AF78600A00BB1C1A807B6876
:105CE0001B69BA1C1288134004D00F23FB18012231
:105CF0001A7003E00F23FB1800221A700F23FB1801
:105D00001B781800BD4604B080BD80B582B000AFDE
:105D1000786008001100BB1C021C1A807B1C0A1C46
:105D20001A707B1C1B78002B04D0BB1C1A887B6864
:105D30009A6103E0BB1C1A887B689A62C046BD4624
:105D400002B080BD80B582B000AF0200BB1D1A80DA
:105D5000104BDB68BA1D1288134008D00D4BBA1DDA
:105D60001288DA60BB1D1B881800FEF77FF8094B0C
:105D70001B69BA1D1288134008D0064BBA1D128841
:105D80001A61BB1D1B881800FEF780F8C046BD468F
:105D900002B080BD0018024080B584B000AF7860CA
:105DA000194B1B68194A13401900174B7A680A43AC
:105DB0001A607A6880239B009A421FD1144B1A689C
:105DC00013005B009B185B0012491800FAF7C2F938
:105DD00003000133FB6008E0FB68002B03D0FB6885
:105DE000013BFB6001E0032309E0074B5A69802374
:105DF000DB001A408023DB009A42EDD0002318001C
:105E0000BD4604B080BDC04600700040FFF9FFFFF2
:105E10002400002040420F0080B500AF034B9A6879
:105E2000E023DB0113401800BD4680BD0010024096
:105E300080B588B000AF78607B68002B02D1012369
:105E400000F050FB7B681B680122134000D17CE00E
:105E5000C34B9B6838221340BB61C14BDB680322F4
:105E600013407B61BB69102B02D17B69032B02D0ED
:105E7000BB69082B0BD1BA4B1A6880239B021340D5
:105E800062D07B685B68002B5ED101232AE37B68CC
:105E90005A6880235B029A4207D1B14B1A68B04B13
:105EA000802149020A431A6020E07B685A68A023D7
:105EB000DB029A420ED1AA4B1A68A94B8021C90273
:105EC0000A431A60A64B1A68A54B802149020A436F
:105ED0001A600BE0A24B1A68A14BA2490A401A6053
:105EE0009F4B1A689E4BA0490A401A607B685B680A
:105EF000002B14D0FFF734F903003B6108E0FFF7F3
:105F00002FF902003B69D31A642B01D90323E9E27C
:105F1000934B1A6880239B021340F0D015E0FFF7E3
:105F20001FF903003B6108E0FFF71AF902003B6923
:105F3000D31A642B01D90323D4E2894B1A68802336
:105F40009B021340F0D100E0C0467B681B68022230
:105F5000134000D199E0824B9B6838221340BB610B
:105F60007F4BDB68032213407B61BB69102B02D19E
:105F70007B69022B02D0BB69002B35D1784B1A68A4
:105F80008023DB00134005D07B68DB68002B01D148
:105F90000123A7E2724B5B68744A134019007B68C7
:105FA0005B691A026E4B0A435A60BB69002B12D11F
:105FB0006B4B1B686E4A134019007B681A69684B6B
:105FC0000A431A60664B1B68DB0A07221340694AC2
:105FD000DA40694B1A60694B1B681800FEF7C4FE73
:105FE000031E51D001237DE27B68DB68002B30D09B
:105FF0005B4B1B685E4A134019007B681A69584B5B
:106000000A431A60564B1A68554B802149000A43CF
:106010001A60FFF7A5F803003B6108E0FFF7A0F85E
:1060200002003B69D31A022B01D903235AE24C4BDD
:106030001A688023DB001340F0D0494B5B684B4A61
:10604000134019007B685B691A02454B0A435A608A
:106050001BE0434B1A68424B49490A401A60FFF75C
:106060007FF803003B6108E0FFF77AF802003B6924
:10607000D31A022B01D9032334E2394B1A68802347
:10608000DB001340F0D100E0C0467B681B680822AB
:10609000134047D0324B9B6838221340182B0AD14B
:1060A0002F4B1B6E022213403CD07B689B69002B58
:1060B00038D1012316E27B689B69002B19D0284B4D
:1060C0001A6E274B01210A431A66FFF749F80300AD
:1060D0003B6108E0FFF744F802003B69D31A022B4A
:1060E00001D90323FEE11E4B1B6E02221340F1D0A7
:1060F00018E01B4B1A6E1A4B01218A431A66FFF7F0
:106100002FF803003B6108E0FFF72AF802003B6923
:10611000D31A022B01D90323E4E1114B1B6E022297
:106120001340F1D17B681B680422134000D1C7E003
:106130001F23FB1800221A70094B9B68382213405A
:10614000202B1FD1064BDB6D0222134000D1B7E09C
:106150007B689B68002B00D0B2E00123C2E1C046FF
:1061600000100240FFFFFEFFFFFFFBFFFF80FFFF6D
:10617000FFC7FFFF0024F4002400002028000020B7
:10618000FFFEFFFFB54BDA6B80235B05134001D1A7
:10619000012300E00023002B11D0B04BDA6BAF4B92
:1061A000802149050A43DA63AC4BDA6B80235B0537
:1061B0001340FB60FB681F23FB1801221A70A84BD9
:1061C0001A6880235B0013401AD1A54B1A68A44BB0
:1061D000802149000A431A60FEF7C2FF03003B61B9
:1061E00008E0FEF7BDFF02003B69D31A022B01D97C
:1061F000032377E19A4B1A6880235B001340F0D0A9
:106200007B689B68012B06D1944BDA6D934B01217F
:106210000A43DA651CE07B689B68052B0CD18F4B29
:10622000DA6D8E4B04210A43DA658C4BDA6D8B4BA9
:1062300001210A43DA650BE0884BDA6D874B0121B7
:106240008A43DA65854BDA6D844B04218A43DA652B
:106250007B689B68002B14D0FEF782FF03003B6134
:1062600009E0FEF77DFF02003B69D31A7D4A9342A5
:1062700001D9032336E1794BDB6D02221340F0D0C4
:1062800013E0FEF76DFF03003B6109E0FEF768FFD6
:1062900002003B69D31A734A934201D9032321E1D7
:1062A0006E4BDB6D02221340F0D11F23FB181B78CD
:1062B000012B05D1694BDA6B684B6B490A40DA63F5
:1062C0007B681B682022134039D07B68DB69002B78
:1062D0001BD0624B1A68614B8021C9030A431A60C4
:1062E000FEF73EFF03003B6108E0FEF739FF0200C6
:1062F0003B69D31A022B01D90323F3E0574B1A68E9
:1063000080231B041340F0D019E0544B1A68534B00
:1063100056490A401A60FEF723FF03003B6108E07C
:10632000FEF71EFF02003B69D31A022B01D903239B
:10633000D8E04A4B1A6880231B041340F0D17B68D5
:106340001B6A002B00D1CCE0444B9B6838221340E1
:10635000102B00D17BE07B681B6A022B56D13F4B90
:106360001A683E4B42490A401A60FEF7F9FE0300E4
:106370003B6108E0FEF7F4FE02003B69D31A022BF2
:1063800001D90323AEE0354B1A6880239B041340E8
:10639000F0D1324BDB68374A134019007B685A6AE8
:1063A0007B689B6A1A437B68DB6A1B021A437B6823
:1063B0001B6B1A437B685B6B1A437B689B6B1A43AE
:1063C000264B0A43DA60254B1A68244B8021490486
:1063D0000A431A60214BDA68204B802149050A43A1
:1063E000DA60FEF7BDFE03003B6108E0FEF7B8FE91
:1063F00002003B69D31A022B01D9032372E0174B29
:106400001A6880239B041340F0D06AE0134B1A688B
:10641000124B17490A401A60FEF7A2FE03003B61C7
:1064200008E0FEF79DFE02003B69D31A022B01D95A
:10643000032357E0094B1A6880239B041340F0D1D3
:10644000064BDA68054B0C490A40DA6049E07B6884
:106450001B6A012B12D1012344E0C0460010024008
:106460000070004088130000FFFFFFEFFFFFBFFF39
:10647000FFFFFFFE8C80C111FCFFFEEE1B4BDB68B3
:106480007B617B6903221A407B685B6A9A4226D152
:106490007B6970221A407B689B6A9A421FD17A6995
:1064A000FE23DB011A407B68DB6A1B029A4216D18D
:1064B0007A69F8239B031A407B681B6B9A420ED1C2
:1064C0007A69E0231B051A407B685B6B9A4206D110
:1064D0007B695B0F5A077B689B6B9A4201D0012353
:1064E00000E000231800BD4608B080BD0010024047
:1064F00080B584B000AF786039607B68002B01D133
:106500000123E9E0764B1B68072213403A689A4260
:106510001ED9734B1B68072293431900704B3A68CE
:106520000A431A60FEF71CFE0300FB6009E0FEF759
:1065300017FE0200FB68D31A6A4A934201D903236B
:10654000CAE0674B1B68072213403A689A42EED1B3
:106550007B681B680222134015D07B681B680422ED
:10656000134006D0604B9A685F4BE021C9010A4393
:106570009A605D4B9B685D4A134019007B689A687E
:10658000594B0A439A607B681B680122134057D01D
:106590007B685B68012B07D1534B1A6880239B02F1
:1065A00013402BD1012397E07B685B68022B07D156
:1065B0004D4B1A6880239B0413401FD101238BE0AD
:1065C0007B685B68002B07D1474B1A688023DB0090
:1065D000134013D101237FE07B685B68032B06D156
:1065E000414B1B6E0222134008D1012374E03E4B45
:1065F000DB6D0222134001D101236DE03A4B9B6811
:106600000722934319007B685A68374B0A439A6004
:10661000FEF7A6FD0300FB6009E0FEF7A1FD020006
:10662000FB68D31A2F4A934201D9032354E02E4B1F
:106630009B6838221A407B685B68DB009A42ECD189
:10664000274B1B68072213403A689A421ED2244BFC
:106650001B68072293431900214B3A680A431A60CA
:10666000FEF77EFD0300FB6009E0FEF779FD020006
:10667000FB68D31A1B4A934201D903232CE0184B21
:106680001B68072213403A689A42EED17B681B6868
:106690000422134009D0144B9B68154A134019007B
:1066A0007B68DA68104B0A439A6000F029F8010011
:1066B0000D4B9B681B0A0F221A400E4B9200D358B9
:1066C0001F2213400A00DA400B4B1A600B4B1B6869
:1066D0001800FEF749FB03001800BD4604B080BD5A
:1066E000002002408813000000100240FFF0FFFF6E
:1066F000FF8FFFFF542B02082400002028000020F9
:1067000080B586B000AF3C4B9B68382213400FD158
:10671000394B1B68DB0A0722134001229A40130001
:106720003B6039683548F9F715FD03003B615DE0D2
:10673000314B9B6838221340082B02D1304B3B6110
:1067400054E02D4B9B6838221340102B38D12A4B34
:10675000DB6803221340FB60274BDB681B09072221
:1067600013400133BB60FB68032B0DD1B96824488B
:10677000F9F7F0FC030019001F4BDB681B0A7F22AE
:1067800013404B437B610DE0B9681C48F9F7E2FC0C
:1067900003001900184BDB681B0A7F2213404B4390
:1067A0007B61C046144BDB685B0F0722134001334B
:1067B0007B6079687869F9F7CDFC03003B6115E0EF
:1067C0000D4B9B6838221340202B03D180231B02E2
:1067D0003B610BE0084B9B6838221340182B03D118
:1067E000FA23DB013B6101E000233B613B691800B8
:1067F000BD4606B080BDC046001002400024F40033
:1068000000127A0080B500AF024B1B681800BD462D
:1068100080BDC04624000020B0B500AFFFF7F2FFF6
:106820000400FFF7F9FA03001A0B054B9200D35846
:106830001F221340DC4023001800BD46B0BDC046F7
:10684000942B020880B582B000AF786039607B6815
:1068500007221A600E4B9B6807221A407B685A6019
:106860000B4B9A68F0231B011A407B689A60084B17
:106870009A68E023DB011A407B68DA60054B1B68ED
:1068800007221A403B681A60C046BD4602B080BD70
:10689000001002400020024080B586B000AF786052
:1068A0001323FB1800221A701223FB1800221A70FF
:1068B0007B681A6880239B02134000D1ADE0112051
:1068C0003B1800221A70474BDA6B80235B0513409C
:1068D00010D1444BDA6B434B802149050A43DA63FC
:1068E000404BDA6B80235B051340BB60BB683B18F1
:1068F00001221A703C4B1A683B4B802149000A4325
:106900001A60FEF72DFC0300FB600BE0FEF728FC8D
:106910000200FB68D31A022B04D91323FB180322AD
:106920001A7005E0304B1A6880235B001340EDD0ED
:106930001323FB181B78002B5ED12A4BDA6DC02382
:106940009B0013407B617B69002B19D07B681B6C1B
:106950007A699A4214D0234BDB6D244A13407B6141
:10696000204BDA6D1F4B802149020A43DA651D4B2B
:10697000DA6D1C4B1E490A40DA651A4B7A69DA65F2
:106980007B690122134016D0FEF7EAFB0300FB608F
:106990000CE0FEF7E5FB0200FB68D31A154A9342B0
:1069A00004D91323FB1803221A7004E00D4BDB6D8E
:1069B00002221340EDD01323FB181B78002B0AD1C1
:1069C000084BDB6D094A134019007B681A6C054BB4
:1069D0000A43DA6516E01223FB181322BA1812785C
:1069E0001A700FE00010024000700040FFFCFFFF33
:1069F000FFFFFEFF881300001223FB181322BA18B2
:106A000012781A701123FB181B78012B05D1B64B95
:106A1000DA6BB54BB5490A40DA637B681B68012223
:106A2000134009D0B04B5B6D0322934319007B6880
:106A30005A68AD4B0A435A657B681B6802221340B3
:106A400009D0A94B5B6D0C22934319007B689A68AF
:106A5000A54B0A435A657B681B680422134009D082
:106A6000A14B5B6D3022934319007B68DA689E4B23
:106A70000A435A657B681B681022134009D09A4B61
:106A80005B6D9B4A134019007B681A69964B0A4359
:106A90005A657B681A6880235B01134009D0924BCA
:106AA0005B6D944A134019007B685A698E4B0A4308
:106AB0005A657B681A6880239B00134009D08A4B73
:106AC0005B6D8D4A134019007B689A6A864B0A43B6
:106AD0005A657B681A688023DB00134009D0824B1B
:106AE0005B6D864A134019007B68DA6A7E4B0A4365
:106AF0005A657B681B682022134009D07A4B5B6D76
:106B00007F4A134019007B689A69774B0A435A659C
:106B10007B681B684022134009D0734B5B6D794A38
:106B2000134019007B68DA696F4B0A435A657B682A
:106B30001A688023DB01134015D06B4B5B6D9B0003
:106B400099087B681A6B684B0A435A657B681A6B15
:106B50008023DB059A4206D1634BDA68624B8021C1
:106B600049020A43DA607B681A6880231B031340DA
:106B700009D05D4B5B6D4022934319007B685A6BD3
:106B8000594B0A435A657B681A6880239B0313405C
:106B900016D0554B5B6D5C4A134019007B689A6BAD
:106BA000514B0A435A657B689A6B8023DB039A42F8
:106BB00006D14D4BDA684C4B802149040A43DA6018
:106BC0007B681A688023DB03134016D0464B5B6D4D
:106BD0004E4A134019007B68DA6B434B0A435A65EF
:106BE0007B68DA6B80235B049A4206D13E4BDA68FD
:106BF0003D4B802149040A43DA607B681A68802390
:106C00001B01134014D0384B9B6D03229343190092
:106C10007B681A6A344B0A439A657B681B6A012BAE
:106C200006D1314BDA68304B802149020A43DA60E1
:106C30007B681A6880239B01134014D02A4B9B6DFC
:106C40000C22934319007B685A6A274B0A439A65C2
:106C50007B685B6A042B06D1234BDA68224B8021C8
:106C600049020A43DA607B681A6880235B04134098
:106C700016D01D4B9B6D224A134019007B685A6C3D
:106C8000194B0A439A657B685A6C80239B019A4290
:106C900006D1154BDA68144B802149040A43DA60A7
:106CA0007B681A6880239B04134016D00E4B9B6DA3
:106CB000104A134019007B689A6C0B4B0A439A6583
:106CC0007B689A6C80235B009A4206D1064BDA6897
:106CD000054B802149040A43DA601223FB181B7814
:106CE0001800BD4606B080BD00100240FFFFFFEF58
:106CF000FFF3FFFFFFFCFFFFFFFFF3FFFFFFCFFFEF
:106D0000FFCFFFFFFF3FFFFFFFFFBFFFFFFFFFFEC4
:106D100080B584B000AF78607B68002B01D101237F
:106D2000A8E07B685B6A002B09D17B685A688223E4
:106D30005B009A4209D07B680022DA6105E07B683B
:106D400000221A617B6800225A617B6800229A62E5
:106D50007B685D229B5CDBB2002B07D17B685C22E9
:106D6000002199547B681800FDF7E6FE7B685D22E0
:106D7000022199547B681B681A687B681B68402154
:106D80008A431A607B68DA68E023DB009A4202D902
:106D90000023FB6002E080235B01FB607B68DA6814
:106DA000F0231B019A4208D07B68DA68E023DB00FD
:106DB0009A4202D07B6800229A627B685A688223DA
:106DC0005B001A407B68996884231B020B401A43BE
:106DD0007B681B6902210B401A437B685B690121B8
:106DE0000B401A437B68996980239B000B401A4330
:106DF0007B68DB6938210B401A437B681B6A802162
:106E00000B401A4311007B689A6A80239B011A4049
:106E10007B681B680A431A607B689B691B0C042211
:106E20001A407B685B6A10210B401A437B685B6BDE
:106E300008210B401A437B68D968F0231B010B40E3
:106E40001A431100FA6880235B011A407B681B68B3
:106E50000A435A607B681B68DA697B681B680749CC
:106E60000A40DA617B6800221A667B685D22012194
:106E7000995400231800BD4604B080BDFFF7FFFF02
:106E800090B589B002AFF860B9603B60BB1D1A8055
:106E900017217B1800221A70FB685D229B5CDBB215
:106EA000012B03D07B1802221A702BE1FB685A6871
:106EB00082235B009A4213D1FB689B68002B0FD1A1
:106EC000FB685D2204219954BB1D1C88BA68B9680F
:106ED000F8683B680093230000F024F9030018E1F0
:106EE000FB685C229B5C012B01D1022311E1FB6852
:106EF0005C2201219954FEF733F903003B61BB6822
:106F0000002B03D0BB1D1B88002B04D11723FB18BB
:106F100001221A70F6E0FB685D2204219954FB6897
:106F200000221A66FB68BA681A64FB68BA1D44211D
:106F300012885A52FB68BA1D462112885A52FB68C1
:106F400000229A63FB6800229A87FB680022DA8796
:106F5000FB680022DA64FB6800221A65FB68DA68C5
:106F6000E023DB009A4208D9FB681B685A68FB687B
:106F70001B686A490A405A6008E0FB681B685A6847
:106F8000FB681B68802149010A435A60FB689A68C4
:106F900080231B029A420FD1FB681B681A68FB68AA
:106FA0001B6840218A431A60FB681B681A68FB68EB
:106FB0001B685B490A401A60FB681B681B6840221B
:106FC0001340402B07D0FB681B681A68FB681B68DE
:106FD00040210A431A60FB68DA68E023DB009A422A
:106FE00000D971E035E0FB681B689B680122134003
:106FF000012B17D1FB681B680C331A00FB681B6C54
:107000001278D2B21A70FB681B6C5A1CFB681A64A7
:10701000FB6846229B5A9BB2013B99B2FB68462211
:10702000995216E0FEF79CF802003B69D31A3A68C1
:107030009A4202D83B68013302D13B68002B08D149
:107040001723FB1803221A70FB685D220121995453
:1070500058E0FB6846229B5A9BB2002BC3D139E013
:10706000FB681B689B6801221340012B15D1FB684C
:107070001B68DA68FB681B6C92B21A80FB681B6C99
:107080009A1CFB681A64FB6846229B5A9BB2013B20
:1070900099B2FB684622995216E0FEF761F80200A9
:1070A0003B69D31A3A689A4202D83B68013302D14D
:1070B0003B68002B08D11723FB1803221A70FB68CA
:1070C0005D22012199541DE0FB6846229B5A9BB228
:1070D000002BC5D13A693968FB68180001F026F821
:1070E000031E02D0FB6820221A66FB681B6E002B71
:1070F00004D01723FB1801221A7003E0FB685D22FD
:1071000001219954FB685C22002199541723FB1834
:107110001B781800BD4607B090BDC046FFEFFFFFCB
:10712000FFBFFFFF80B58AB000AFF860B9607A603A
:107130001A00BB1C1A8001237B622323FB18002248
:107140001A70FB685C229B5C012B01D10223C4E115
:10715000FB685C2201219954FEF702F80300FB61F1
:107160001B203B18FA685D21525C1A70FB685B6853
:107170007B611223FB18BA1C12881A803B181B78FB
:10718000012B11D07A6982235B009A4207D1FB68F8
:107190009B68002B03D13B181B78042B04D02323BE
:1071A000FB1802221A7091E1BB68002B06D07B68A5
:1071B000002B03D0BB1C1B88002B04D12323FB18FE
:1071C00001221A7082E1FB685D229B5CDBB2042B1A
:1071D00003D0FB685D2205219954FB6800221A66E2
:1071E000FB687A681A64FB68BA1C462112885A52F6
:1071F000FB68BA1C442112885A52FB68BA689A6329
:10720000FB68BA1C1288DA87FB68BA1C12889A8756
:10721000FB680022DA64FB6800221A65FB68DA6802
:10722000E023DB009A4208D9FB681B685A68FB68B8
:107230001B68AC490A405A6008E0FB681B685A6842
:10724000FB681B68802149010A435A60FB681B6880
:107250001B6840221340402B07D0FB681B681A684C
:10726000FB681B6840210A431A60FB68DA68E02368
:10727000DB009A4200D883E0FB685B68002B05D0F6
:107280001223FB181B88012B00D06DE0FB689B6B61
:107290001A88FB681B68DA60FB689B6B9A1CFB68AA
:1072A0009A63FB68DB8F9BB2013B9AB2FB68DA877B
:1072B0005AE0FB681B689B6802221340022B1BD11B
:1072C000FB68DB8F9BB2002B16D07B6A012B13D19E
:1072D000FB689B6B1A88FB681B68DA60FB689B6B1A
:1072E0009A1CFB689A63FB68DB8F9BB2013B9AB2E6
:1072F000FB68DA8700237B62FB681B689B680122BE
:107300001340012B1CD1FB6846229B5A9BB2002BD9
:1073100016D0FB681B68DA68FB681B6C92B21A8097
:10732000FB681B6C9A1CFB681A64FB6846229B5A1C
:107330009BB2013B99B2FB684622995201237B62C2
:10734000FDF70EFF0200FB69D31A3A6B9A420BD885
:107350003B6B013308D02323FB1803221A70FB6810
:107360005D2201219954B1E0FB68DB8F9BB2002BB9
:107370009FD1FB6846229B5A9BB2002B99D189E092
:10738000FB685B68002B05D01223FB181B88012BC0
:1073900000D074E0FB689A6BFB681B680C331278B2
:1073A0001A70FB689B6B5A1CFB689A63FB68DB8F47
:1073B0009BB2013B9AB2FB68DA8760E0FB681B680E
:1073C0009B6802221340022B1CD1FB68DB8F9BB20F
:1073D000002B17D07B6A012B14D1FB689A6BFB68DA
:1073E0001B680C3312781A70FB689B6B5A1CFB6885
:1073F0009A63FB68DB8F9BB2013B9AB2FB68DA872A
:1074000000237B62FB681B689B6801221340012BF1
:107410001ED1FB6846229B5A9BB2002B18D0FB68FA
:107420001B680C331A00FB681B6C1278D2B21A70FE
:10743000FB681B6C5A1CFB681A64FB6846229B5A4B
:107440009BB2013B99B2FB684622995201237B62B1
:10745000FDF786FE0200FB69D31A3A6B9A4202D806
:107460003B6B013302D13B6B002B08D12323FB186C
:1074700003221A70FB685D220121995426E0FB6803
:10748000DB8F9BB2002B99D1FB6846229B5A9BB2A3
:10749000002B93D1FA69396BFB68180000F0A4FE49
:1074A000031E06D02323FB1801221A70FB6820223A
:1074B0001A66FB681B6E002B04D02323FB180122E5
:1074C0001A7003E0FB685D2201219954FB685C227D
:1074D000002199542323FB181B781800BD460AB0DD
:1074E00080BDC046FFEFFFFF90B587B000AFF860EA
:1074F000B960BB1D1A8017217B1800221A70FB6827
:107500005D229B5CDBB2012B03D07B1802221A7038
:107510000CE1FB689B68002B12D1FB685A68822340
:107520005B009A420CD1FB685D2204219954BB1D7B
:107530001B88BA68B968F86800F010F90300FCE02D
:10754000FB685C229B5C012B01D10223F5E0FB6808
:107550005C2201219954BB68002B03D0BB1D1B8802
:10756000002B04D11723FB1801221A70DEE0FB6800
:107570005D2204219954FB6800221A66FB68BA68F0
:107580001A64FB68BA1D442112885A52FB68BA1D5E
:10759000462112885A52FB680022DA64FB680022F6
:1075A0001A65FB6800229A87FB680022DA87FB686D
:1075B0009A6880231B029A420FD1FB681B681A68E5
:1075C000FB681B6840218A431A60FB681B681A68C5
:1075D000FB681B685B490A401A60FB681B685A68B5
:1075E000FB681B6858490A405A60FB68DA68E02368
:1075F000DB009A4208D9FB681B685A68FB681B6865
:1076000052490A405A6045E0FB681B685A68FB68AB
:107610001B68802149010A435A60FB689B6D9A6987
:107620008023DB009A4235D1FB681B685A68FB68EF
:107630001B6846490A405A60FB6846229B5A9BB227
:107640001A000123134011D1FB681B685A68FB68BC
:107650001B683D490A405A60FB6846229B5A9BB210
:107660005B0899B2FB684622995213E0FB681B68DD
:107670005A68FB681B68802189010A435A60FB68CD
:1076800046229B5A9BB25B089BB2013399B2FB68BE
:1076900046229952FB689B6D2D4A1A63FB689B6DCD
:1076A0002C4ADA62FB689B6D2B4A5A63FB689B6D20
:1076B00000229A63FB68986DFB681B680C33190005
:1076C000FB681B6C1C00FB6846229B5A9BB2220085
:1076D000FDF7D6FE031E0AD0FB681B6E10221A436C
:1076E000FB681A661723FB1801221A701EE0FB685C
:1076F0001B681B6840221340402B07D0FB681B68A7
:107700001A68FB681B6840210A431A60FB681B6803
:107710005A68FB681B6820210A435A60FB681B6893
:107720005A68FB681B6801210A435A60FB685C22A7
:10773000002199541723FB181B781800BD4607B089
:1077400090BDC046FFBFFFFFFFDFFFFFFFEFFFFF62
:10775000237E0008DD7C00085F7E000890B587B0BE
:1077600000AFF860B9607A601A00BB1C1A8017235A
:10777000FB1800221A70FB685C229B5C012B01D174
:1077800002237EE1FB685C220121995416203B18FC
:10779000FA685D21525C1A70FB685B683B6101000E
:1077A0007B181B78012B11D03A6982235B009A4227
:1077B00007D1FB689B68002B03D17B181B78042B37
:1077C00004D01723FB1802221A7053E1BB68002B68
:1077D00006D07B68002B03D0BB1C1B88002B04D178
:1077E0001723FB1801221A7044E1FB685D229B5CA1
:1077F000DBB2042B03D0FB685D2205219954FB68A2
:1078000000221A66FB68BA689A63FB68BA1C128881
:107810009A87FB68BA1C1288DA87FB687A681A6450
:10782000FB68BA1C442112885A52FB68BA1C4621D4
:1078300012885A52FB680022DA64FB6800221A653B
:10784000FB681B685A68FB681B6890490A405A60CD
:10785000FB68DA68E023DB009A4208D9FB681B6802
:107860005A68FB681B688A490A405A6074E0FB68E2
:107870001B685A68FB681B68802149010A435A60EB
:10788000FB685B6D9A698023DB009A4227D1FB6815
:107890009B8F1A00012313400FD1FB681B685A68A5
:1078A000FB681B687B490A405A60FB68DB8F9BB210
:1078B0005B089AB2FB68DA8711E0FB681B685A68BC
:1078C000FB681B688021C9010A435A60FB68DB8F93
:1078D0009BB25B089BB201339AB2FB68DA87FB6804
:1078E0009B6D9A698023DB009A4235D1FB681B6847
:1078F0005A68FB681B6866490A405A60FB68462262
:107900009B5A9BB21A000123134011D1FB681B68DC
:107910005A68FB681B6860490A405A60FB68462247
:107920009B5A9BB25B0899B2FB684622995213E0BE
:10793000FB681B685A68FB681B68802189010A4341
:107940005A60FB6846229B5A9BB25B089BB201338C
:1079500099B2FB6846229952FB685D229B5CDBB2C0
:10796000042B08D1FB689B6D4C4A1A63FB689B6D26
:107970004B4ADA6207E0FB689B6D4A4A1A63FB6870
:107980009B6D494ADA62FB689B6D484A5A63FB6803
:107990009B6D00229A63FB68986DFB681B680C3333
:1079A0001900FB681B6C1C00FB6846229B5A9BB2AB
:1079B0002200FDF765FD031E0AD0FB681B6E102236
:1079C0001A43FB681A661723FB1801221A7051E04C
:1079D000FB681B685A68FB681B6801210A435A60F0
:1079E000FB685B6D00221A63FB685B6D0022DA6244
:1079F000FB685B6D00225A63FB685B6D00229A6333
:107A0000FB68586DFB689B6B1900FB681B680C33A7
:107A10001A00FB68DB8F9BB2FDF732FD031E0AD014
:107A2000FB681B6E10221A43FB681A661723FB18AB
:107A300001221A701EE0FB681B681B68402213407D
:107A4000402B07D0FB681B681A68FB681B68402145
:107A50000A431A60FB681B685A68FB681B68202190
:107A60000A435A60FB681B685A68FB681B6802215E
:107A70000A435A60FB685C22002199541723FB18C3
:107A80001B781800BD4607B090BDC046FF9FFFFFA2
:107A9000FFEFFFFFFFBFFFFFFFDFFFFF237E0008B9
:107AA000DD7C0008417E00088D7D00085F7E0008B7
:107AB00080B588B000AF78607B681B685B68FB614D
:107AC0007B681B689B68BB61BB699B091A0001232B
:107AD00013400FD1BB69012213400BD0FB699B09F6
:107AE0001A000123134005D07B68DB6C7A68100014
:107AF0009847D5E0BB695B081A00012313400BD0FF
:107B0000FB69DB091A000123134005D07B681B6D5C
:107B10007A6810009847C3E0BB695B091A0001232B
:107B200013400CD1BB699B091A000123134006D1F5
:107B3000BB691B0A1A000123134000D1B0E0FB69A6
:107B40005B091A000123134000D1A9E0BB699B091E
:107B50001A000123134023D07B685D229B5CDBB2BB
:107B6000032B11D07B681B6E04221A437B681A66B4
:107B700000237B617B681B68DB687B617B681B681B
:107B80009B687B617B690BE000233B617B681B6822
:107B9000DB683B617B681B689B683B613B697FE0FE
:107BA000BB695B091A000123134014D07B681B6E6C
:107BB00001221A437B681A660023FB607B681B68FE
:107BC0009B68FB607B681B681A687B681B684021A8
:107BD0008A431A60FB68BB691B0A1A000123134021
:107BE0000CD07B681B6E08221A437B681A66002340
:107BF000BB607B681B689B68BB60BB687B681B6E57
:107C0000002B4CD07B681B685A687B681B68E0219E
:107C10008A435A607B685D2201219954FB690222E4
:107C2000134003D1FB690122134032D07B681B68EB
:107C30005A687B681B6803218A435A607B689B6D86
:107C4000002B10D07B689B6D174A9A637B689B6DF5
:107C50001800FDF7FBFC031E05D07B681B6E40225D
:107C60001A437B681A667B685B6D002B16D07B68B5
:107C70005B6D0D4A9A637B685B6D1800FDF7E6FC4F
:107C8000031E0BD07B681B6E40221A437B681A666A
:107C900004E07B68180000F019F800E0C046C04618
:107CA000BD4608B080BDC046A17E000880B582B048
:107CB00000AF7860C046BD4602B080BD80B582B0DE
:107CC00000AF7860C046BD4602B080BD80B582B0CE
:107CD00000AF7860C046BD4602B080BD80B584B0BC
:107CE00000AF78607B689B6AFB60FDF739FA0300A0
:107CF000BB607B681B681B6820221340202B3ED092
:107D0000FB681B685A68FB681B6820218A435A601D
:107D1000FB689B68002B0ED1FB685A6882235B00CE
:107D20009A4208D1FB681B685A68FB681B680321EC
:107D30008A435A6007E0FB681B685A68FB681B6847
:107D400001218A435A60BA68FB686421180000F078
:107D5000EDF9031E02D0FB6820221A66FB6846225A
:107D600000219952FB685D2201219954FB681B6E2A
:107D7000002B04D0FB681800FFF7A8FF03E0FB68A6
:107D8000180012F041F8BD4604B080BD80B584B043
:107D900000AF78607B689B6AFB60FDF7E1F9030048
:107DA000BB607B681B681B6820221340202B31D0EE
:107DB000FB681B685A68FB681B6820218A435A606D
:107DC000BA68FB686421180000F00EFA031E05D0A3
:107DD000FB681B6E20221A43FB681A66FB681B684F
:107DE0005A68FB681B6803218A435A60FB680022BB
:107DF000DA87FB68462200219952FB685D22012147
:107E00009954FB681B6E002B04D0FB681800FFF729
:107E10005DFF03E0FB68180012F004F8BD4604B0F3
:107E200080BD80B584B000AF78607B689B6AFB60E2
:107E3000FB681800FFF73AFFC046BD4604B080BD9E
:107E400080B584B000AF78607B689B6AFB60FB689C
:107E50001800FFF733FFC046BD4604B080BD80B5B3
:107E600084B000AF78607B689B6AFB60FB681B682E
:107E70005A68FB681B6803218A435A60FB681B6EC3
:107E800010221A43FB681A66FB685D22012199548F
:107E9000FB681800FFF71AFFC046BD4604B080BD5E
:107EA00080B584B000AF78607B689B6AFB60FB683C
:107EB000462200219952FB680022DA87FB681800ED
:107EC000FFF704FFC046BD4604B080BD80B588B052
:107ED00000AFF860B9603B60FB1D1A70FDF740F918
:107EE0000200BB6A9B1A3A68D318FB61FDF738F9A8
:107EF0000300BB613A4B1B685B011B0DFA695343DE
:107F00007B6158E03B68013355D0FDF729F9020049
:107F1000BB69D31AFA699A4202D9FB69002B42D194
:107F2000FB681B685A68FB681B68E0218A435A603B
:107F3000FB685A6882235B009A4213D1FB689A68F7
:107F400080231B029A4205D0FB689A688023DB00DD
:107F50009A4207D1FB681B681A68FB681B684021BE
:107F60008A431A60FB689A6A80239B019A4210D167
:107F7000FB681B681A68FB681B681A490A401A608C
:107F8000FB681B681A68FB681B68802189010A432B
:107F90001A60FB685D2201219954FB685C22002174
:107FA0009954032317E07B69002B01D10023FB6167
:107FB0007B69013B7B61FB681B689B68BA68134067
:107FC000BA68D31A5A425341DBB21A00FB1D1B7820
:107FD0009A4297D100231800BD4608B080BDC04624
:107FE00024000020FFDFFFFF80B58AB000AFF860FB
:107FF000B9607A603B601723FB1800221A70FDF706
:10800000AFF802003B6B9B1A3A68D3187B62FDF70E
:10801000A7F803003B62FB681B680C33FB61414B14
:108020001A6813009B009B18DA00D31A1B0D7A6A9A
:108030005343BB6168E0BA68C023DB009A420AD1AF
:108040007B68002B07D1FB691B78DAB217217B18FC
:108050001A707B181B783B68013355D0FDF780F808
:1080600002003B6AD31A7A6A9A4202D97B6A002BD1
:1080700042D1FB681B685A68FB681B68E0218A4391
:108080005A60FB685A6882235B009A4213D1FB68EE
:108090009A6880231B029A4205D0FB689A68802365
:1080A000DB009A4207D1FB681B681A68FB681B68F3
:1080B00040218A431A60FB689A6A80239B019A4296
:1080C00010D1FB681B681A68FB681B6816490A40D8
:1080D0001A60FB681B681A68FB681B6880218901AD
:1080E0000A431A60FB685D2201219954FB685C22F7
:1080F00000219954032310E0BB69002B01D1002318
:108100007B62BB69013BBB61FB681B689B68BA680B
:1081100013407A689A428ED100231800BD460AB0F7
:1081200080BDC04624000020FFDFFFFF80B586B081
:1081300002AFF860B9607A60FB685A6882235B001E
:108140009A4213D1FB689A6880231B029A4205D099
:10815000FB689A688023DB009A4207D1FB681B68A2
:108160001A68FB681B6840218A431A60BA68F8687D
:108170007B680093130000228021FFF7A7FE031EF7
:1081800007D0FB681B6E20221A43FB681A66032384
:1081900026E0FB685A6882235B009A421FD1FB6885
:1081A0009A6880231B029A4205D0FB689A68802354
:1081B000DB009A4213D1BA68C023D900F8687B6803
:1081C000009313000022FFF70FFF031E07D0FB6888
:1081D0001B6E20221A43FB681A66032300E000236B
:1081E0001800BD4604B080BD80B586B002AFF8600F
:1081F000B9607A60BA68C0235901F8687B68009357
:1082000013000022FFF7F0FE031E07D0FB681B6E71
:1082100020221A43FB681A66032327E0BA68F8682D
:108220007B680093130000228021FFF74FFE031E9E
:1082300007D0FB681B6E20221A43FB681A660323D3
:1082400014E0BA68C023D900F8687B680093130073
:108250000022FFF7C9FE031E07D0FB681B6E202219
:108260001A43FB681A66032300E000231800BD468A
:1082700004B080BD80B582B000AF78607B68002B11
:1082800001D101234AE07B683D229B5CDBB2002BDD
:1082900007D17B683C22002199547B68180000F0CC
:1082A00041F87B683D22022199547B681A687B68FB
:1082B00004331900100000F0C7F97B68482201213F
:1082C00099547B683E22012199547B683F22012109
:1082D00099547B684022012199547B6841220121F5
:1082E00099547B684222012199547B6843220121E1
:1082F00099547B684422012199547B6845220121CD
:1083000099547B684622012199547B6847220121B8
:1083100099547B683D220121995400231800BD46E1
:1083200002B080BD80B582B000AF7860C046BD4667
:1083300002B080BD80B584B000AF78607B683D221C
:108340009B5CDBB2012B01D0012347E07B683D221F
:10835000022199547B681B68DA687B681B680121DD
:108360000A43DA607B681B681E4A934214D07B681C
:108370001A688023DB059A420ED07B681B681A4A74
:10838000934209D07B681B68184A934204D07B68EB
:108390001B68174A934216D17B681B689B68154A75
:1083A0001340FB60FB68062B16D0FA6880235B0243
:1083B0009A4211D07B681B681A687B681B68012190
:1083C0000A431A6008E07B681B681A687B681B68B0
:1083D00001210A431A6000E0C04600231800BD4690
:1083E00004B080BD002C01400004004000080040A3
:1083F000004001400700010080B584B000AF786004
:108400007B681B68DB68FB607B681B681B69BB6063
:10841000BB680222134021D0FB68022213401DD00A
:108420007B681B68032252421A617B6801221A771B
:108430007B681B689B690322134004D07B6818008B
:1084400000F0EAF807E07B68180000F0DDF87B68D0
:10845000180000F0E9F87B6800221A77BB68042254
:10846000134022D0FB68042213401ED07B681B6897
:10847000052252421A617B6802221A777B681B68C8
:108480009A69C0239B00134004D07B68180000F059
:10849000C3F807E07B68180000F0B6F87B681800A6
:1084A00000F0C2F87B6800221A77BB6808221340EC
:1084B00021D0FB68082213401DD07B681B6809226D
:1084C00052421A617B6804221A777B681B68DB6959
:1084D0000322134004D07B68180000F09DF807E0E9
:1084E0007B68180000F090F87B68180000F09CF89A
:1084F0007B6800221A77BB681022134022D0FB68E9
:10850000102213401ED07B681B68112252421A6150
:108510007B6808221A777B681B68DA69C0239B0096
:10852000134004D07B68180000F076F807E07B6801
:10853000180000F069F87B68180000F075F87B6897
:1085400000221A77BB68012213400CD0FB6801227D
:10855000134008D07B681B68022252421A617B6874
:108560001800FCF7A1FABB688022134004D1BA6856
:1085700080239B0113400BD0FB688022134007D05F
:108580007B681B681E4A1A617B68180000F0FCF8C3
:10859000BA6880235B0013400BD0FB688022134035
:1085A00007D07B681B68174A1A617B68180000F0C7
:1085B000F3F8BB68402213400CD0FB684022134004
:1085C00008D07B681B68412252421A617B68180000
:1085D00000F032F8BB68202213400CD0FB68202248
:1085E000134008D07B681B68212252421A617B68C5
:1085F000180000F0C1F8C046BD4604B080BDC046BA
:108600007FDFFFFFFFFEFFFF80B582B000AF786025
:10861000C046BD4602B080BD80B582B000AF786074
:10862000C046BD4602B080BD80B582B000AF786064
:10863000C046BD4602B080BD80B582B000AF786054
:10864000C046BD4602B080BD80B584B000AF786042
:1086500039607B681B68FB607B683F4A93420CD0A3
:108660007A688023DB059A4207D07B683B4A9342B5
:1086700003D07B683A4A934208D1FB687022934347
:10868000FB603B685B68FA681343FB607B68324AB7
:1086900093421CD07A688023DB059A4217D07B680E
:1086A0002E4A934213D07B682D4A93420FD07B68A9
:1086B0002C4A93420BD07B682B4A934207D07B68AD
:1086C0002A4A934203D07B68294A934208D1FB6827
:1086D000284A1340FB603B68DB68FA681343FB6081
:1086E000FB68802293431A003B685B691343FB607D
:1086F0007B68FA681A603B689A687B68DA623B6854
:108700001A687B689A627B68134A93420BD07B6835
:10871000154A934207D07B68144A934203D07B6882
:10872000134A934203D13B681A697B681A637B68DA
:1087300001225A617B681B6901221340012B06D17B
:108740007B681B69012293431A007B681A61C0464B
:10875000BD4604B080BDC046002C0140000400406E
:10876000000800400020004000400140004401405B
:1087700000480140FFFCFFFF80B582B000AF786089
:10878000C046BD4602B080BD80B582B000AF786003
:10879000C046BD4602B080BD80B582B000AF7860F3
:1087A000C046BD4602B080BD80B582B000AF7860E3
:1087B0007B68002B01D1012346E07B6888229B580F
:1087C000002B07D17B688422002199547B68180014
:1087D000FCF762FA7B688822242199507B681B6829
:1087E0001A687B681B6801218A431A607B689B6A50
:1087F000002B03D07B68180001F008F87B68180094
:1088000000F0AEFC0300012B01D101231CE07B68CA
:108810001B685A687B681B680D490A405A607B6870
:108820001B689A687B681B682A218A439A607B6868
:108830001B681A687B681B6801210A431A607B6801
:10884000180001F097F803001800BD4602B080BD83
:10885000FFB7FFFF80B58AB002AFF860B9603B6038
:10886000BB1D1A80FB6888229B58202B00D090E00B
:10887000BB68002B03D0BB1D1B88002B01D101233B
:1088800088E0FB689A6880235B019A4209D1FB6803
:108890001B69002B05D1BB680122134001D00123C5
:1088A00078E0FB68902200219950FB688822212102
:1088B0009950FCF755FC03007B61FB68BA1D5421FD
:1088C00012885A52FB68BA1D562112885A52FB6808
:1088D0009A6880235B019A4208D1FB681B69002BD0
:1088E00004D10023FB61BB68BB6103E0BB68FB6193
:1088F0000023BB6130E07A69F8683B68009313009D
:108900000022802101F0E0F8031E05D0FB688822D8
:108910002021995003233DE0FB69002B0BD1BB695B
:108920001B881A00FB681B68D205D20D9A62BB69CE
:108930000233BB6107E0FB691A78FB681B689A6227
:10894000FB690133FB61FB6856229B5A9BB2013BDA
:1089500099B2FB6856229952FB6856229B5A9BB2E9
:10896000002BC8D17A69F8683B6800931300002295
:10897000402101F0A9F8031E05D0FB6888222021C0
:108980009950032306E0FB68882220219950002398
:1089900000E002231800BD4608B080BD80B58CB051
:1089A00000AFF860B960BB1D1A80FB6888229B5835
:1089B000202B00D08DE0BB68002B03D0BB1D1B8893
:1089C000002B01D1012385E0FB689A6880235B01BD
:1089D0009A4209D1FB681B69002B05D1BB680122B3
:1089E000134001D0012375E0FB68BA681A65FB6883
:1089F000BA1D542112885A52FB68BA1D562112889A
:108A00005A52FB6800229A67FB6890220021995015
:108A1000FB68882221219950FB685A6E80239B05B0
:108A20009A422AD1FB689A6880235B019A4207D157
:108A3000FB681B69002B03D1FB68284A9A6702E098
:108A4000FB68274A9A67EFF31083FB61FB69BB62FF
:108A500001233B623B6A83F31088C046FB681B68B6
:108A60009A68FB681B68802109040A439A60BB6A04
:108A70007B627B6A83F3108829E0FB689A68802315
:108A80005B019A4207D1FB681B69002B03D1FB688D
:108A9000144A9A6702E0FB68134A9A67EFF310835F
:108AA0003B613B69FB6201237B617B6983F3108837
:108AB000C046FB681B681A68FB681B6880210A4374
:108AC0001A60FB6ABB61BB6983F31088C046002350
:108AD00000E002231800BD460CB080BD019F0008D5
:108AE000159E0008579D0008A39C0008B0B5AAB0C9
:108AF00000AF78607B681B68DB69A422B9180B6043
:108B00007B681B681B68A02039180B607B681B689A
:108B10009B689C2439190B601100BB181B68A24A82
:108B200013409822BD182B60BB181B68002B1AD16C
:108B30007B181B682022134015D03B181B6820228D
:108B4000134005D13B191A6880235B0513400AD0F6
:108B50007B685B6F002B00D1DCE27B685B6F7A681F
:108B600010009847D6E29823FB181B68002B00D111
:108B700022E19C23FB181B688C4A134006D1A023DA
:108B8000FB181B688A4A134000D115E1A423FB1887
:108B90001B680122134012D0A023FB181A688023FF
:108BA0005B0013400BD07B681B6801221A627B6854
:108BB00090229B5801221A437B6890215A50A4238B
:108BC000FB181B680222134011D09C23FB181B6862
:108BD000012213400BD07B681B6802221A627B685B
:108BE00090229B5804221A437B6890215A50A42358
:108BF000FB181B680422134011D09C23FB181B6830
:108C0000012213400BD07B681B6804221A627B6828
:108C100090229B5802221A437B6890215A50A42329
:108C2000FB181B680822134017D0A023FB181B68F1
:108C30002022134005D19C23FB181B685B4A13407C
:108C40000BD07B681B6808221A627B6890229B58B5
:108C500008221A437B6890215A50A423FB181A68F3
:108C600080231B01134013D0A023FB181A68802314
:108C7000DB0413400CD07B681B68802212011A624F
:108C80007B6890229B5820221A437B6890215A507F
:108C90007B6890229B58002B00D13DE2A423FB1857
:108CA0001B682022134015D0A023FB181B6820222C
:108CB000134006D19C23FB181A6880235B051340E0
:108CC00008D07B685B6F002B04D07B685B6F7A6891
:108CD000100098477B6890229B5894217A18136063
:108CE0007B681B689B6840221340402B04D07B1894
:108CF0001B68282213404CD07B68180000F054FFFA
:108D00007B681B689B6840221340402B3CD1EFF3EB
:108D100010833B663B6E90203A18136001237B66FC
:108D20007B6E83F31088C0467B681B689A687B68FB
:108D30001B6840218A439A603B181B68BB66BB6E68
:108D400083F31088C0467B6880229B58002B16D086
:108D50007B6880229B58174A9A637B6880229B58C5
:108D60001800FCF773FC031E1CD07B6880229B5804
:108D70009B6B7A68802152581000984712E07B68FC
:108D8000180000F0D9F90DE07B68180000F0D4F964
:108D900008E07B68180000F0CFF97B689022002182
:108DA0009950B9E1C046B7E10F080000010000107A
:108DB00020010004759C00087B68DB6E012B00D04D
:108DC0003EE1A423FB181B681022134000D137E1B9
:108DD000A023FB181B681022134000D130E17B68F0
:108DE0001B6810221A627B681B689B684022134034
:108DF000402B00D0A4E07B6880229B581B685A68F7
:108E00007E217B181A807B181B88002B00D185E1FE
:108E10007B685C229B5A7A1812889A4200D37DE1C3
:108E20007B687A185E2112885A527B6880229B5890
:108E30001B681B682022134070D1EFF310833B6343
:108E40003B6BBB6701237B637B6B83F31088C0465E
:108E50007B681B681A687B681B68B4490A401A6003
:108E6000BB6FBB63BB6B83F31088C046EFF310830B
:108E7000FB63FB6B7B6701233B643B6C83F31088D4
:108E8000C0467B681B689A687B681B6801218A431F
:108E90009A607B6F7B647B6C83F31088C046EFF332
:108EA0001083BB64BB6C3B670123FB64FB6C83F3E7
:108EB0001088C0467B681B689A687B681B684021E5
:108EC0008A439A603B6F3B653B6D83F31088C046D5
:108ED0007B688C22202199507B680022DA66EFF3B0
:108EE00010837B657B6DFB660123BB65BB6D83F3E4
:108EF0001088C0467B681B681A687B681B68102155
:108F00008A431A60FB6EFB65FB6D83F31088C046D5
:108F10007B6880229B581800FCF738FB7B68022294
:108F20001A677B685C229A5A7B685E215B5A9BB207
:108F3000D31A9AB27B681100180000F005F9EDE031
:108F40007B685C22995A7B685E229B5A9AB28E207B
:108F50003B188A1A1A807B685E229B5A9BB2002BB0
:108F600000D1DDE03B181B88002B00D1D8E0EFF3E7
:108F70001083FB60FB6888243A19136001233B616E
:108F80003B6983F31088C0467B681B681A687B685E
:108F90001B6867490A401A603B191B687B617B6943
:108FA00083F31088C046EFF31083BB61BB69842450
:108FB0003A1913600123FB61FB6983F31088C046F3
:108FC0007B681B689A687B681B685A490A409A60EC
:108FD0003B191B683B623B6A83F31088C0467B6881
:108FE0008C22202199507B680022DA667B6800225F
:108FF0005A67EFF310837B627B6A80243A1913600F
:109000000123BB62BB6A83F31088C0467B681B6880
:109010001A687B681B6810218A431A603B191B6819
:10902000FB62FB6A83F31088C0467B6802221A67E2
:109030003B181A887B681100180000F085F86FE073
:10904000A423FB181A6880235B03134010D09C23D1
:10905000FB181A688023DB03134009D07B681B6868
:10906000802252031A627B68180000F0EFFF5AE07A
:10907000A423FB181B688022134016D0A023FB18E2
:109080001B688022134006D19C23FB181A6880239A
:109090001B04134009D07B689B6F002B42D07B6878
:1090A0009B6F7A68100098473CE0A423FB181B686C
:1090B000402213400AD0A023FB181B684022134013
:1090C00004D07B68180000F095FF2CE0A423FB1867
:1090D0001A6880231B0413400BD0A023FB181A68C6
:1090E0008023DB05134004D07B68180000F0BEFF2E
:1090F00019E0A423FB181A6880235B04134012D0E4
:10910000A023FB181B68002B0DDA7B68180000F009
:10911000A5FF08E0C04606E0C04604E0C04602E005
:10912000C04600E0C046BD462AB0B0BDFFFEFFFF0E
:10913000DFFEFFFFFEFFFFEF80B582B000AF78607B
:10914000C046BD4602B080BD80B582B000AF786039
:109150000A00BB1C1A80C046BD4602B080BD00009C
:10916000B0B590B000AF78621A2320229B18DB19AB
:1091700000221A707B6A9A687B6A1B691A437B6AB1
:109180005B691A437B6ADB691343FB637B6A1B6879
:109190001B68C14A134019007B6A1A68FB6B0B43BA
:1091A00013607B6A1B685B68BC4A134018007B6ACB
:1091B000D9687B6A1A6803000B4353607B6A9B691A
:1091C000FB637B6A1B68B64A934209D07B6A1B68C3
:1091D000B44A934204D07B6A1B6AFA6B1343FB6365
:1091E0007B6A1B689B68B04A134019007B6A1A6847
:1091F000FB6B0B4393607B6A1B68DB6A0F22934314
:1092000018007B6A596A7B6A1A6803000B43D362B1
:109210007B6A1B68A54A934231D1A54B5B6D032243
:109220001340032B1DD023D8022B0CD020D8002BA9
:1092300002D0012B0ED01BE01B2320229B18DB1930
:1092400000221A7054E11B2320229B18DB190222F2
:109250001A704DE11B2320229B18DB1904221A707F
:1092600046E11B2320229B18DB1908221A703FE1DC
:109270001B2320229B18DB1910221A7038E17B6A0D
:109280001B688C4A934231D1894B5B6D0C22134091
:109290000C2B1DD023D8082B0CD020D8002B02D0AB
:1092A000042B0ED01BE01B2320229B18DB1900226D
:1092B0001A701DE11B2320229B18DB1902221A7051
:1092C00016E11B2320229B18DB1904221A700FE1E0
:1092D0001B2320229B18DB1908221A7008E11B238C
:1092E00020229B18DB1910221A7001E17B6A1B688F
:1092F000714A934231D16E4B5B6D30221340302B5B
:109300001DD023D8202B0CD020D8002B02D0102B1E
:109310000ED01BE01B2320229B18DB1900221A70A1
:10932000E6E01B2320229B18DB1902221A70DFE0E3
:109330001B2320229B18DB1904221A70D8E01B2360
:1093400020229B18DB1908221A70D1E01B2320224F
:109350009B18DB1910221A70CAE07B6A1B68574AF7
:10936000934206D11B2320229B18DB1900221A707E
:10937000BEE07B6A1B68524A934206D11B2320221F
:109380009B18DB1900221A70B2E07B6A1B684D4AF9
:10939000934206D11B2320229B18DB1900221A704E
:1093A000A6E07B6A1B683E4A93423ED1404B5A6D11
:1093B000C0231B011340C0221201934227D0C022B8
:1093C000120193422AD880221201934211D08022A6
:1093D0001201934222D8002B04D08022D200934263
:1093E0000ED01BE01B2320229B18DB1900221A70D1
:1093F0007EE01B2320229B18DB1902221A7077E0E3
:109400001B2320229B18DB1904221A7070E01B23F7
:1094100020229B18DB1908221A7069E01B232022E6
:109420009B18DB1910221A7062E07B6A1B681D4AC8
:10943000934257D11E4B5A6DC0239B001340C0224C
:109440009200934240D0C0229200934243D880229F
:109450009200934211D08022920093423BD8002B7D
:1094600004D08022520093420ED034E01B232022ED
:109470009B18DB1900221A703AE01B2320229B184C
:10948000DB1902221A7033E01B2320229B18DB1900
:1094900004221A702CE0C046F369FFCFFFCFFFFF14
:1094A0000080004000840040FFF4FF1100380140BC
:1094B000001002400044004000480040004C0040C2
:1094C00000500040003C01401B2320229B18DB1968
:1094D00008221A700CE01B2320229B18DB19102293
:1094E0001A7005E01B2320229B18DB1910221A702A
:1094F0007B6A1B68C14A934205D07B6A1B68C04ADD
:10950000934200D093E01B2320229B18DB191B7889
:10951000082B15D018DC042B0DD015DC002B02D045
:10952000022B05D010E0FDF777F903007B6314E010
:10953000B44B7B6311E0FDF7E3F803007B630CE0C1
:1095400080231B027B6308E000237B631A23202215
:109550009B18DB1901221A70C0467B6B002B00D1CF
:1095600035E17B6A5A6AA84B5200D35A1900786BCE
:10957000F6F7F0FD0300BB627B6A5A6813005B00DC
:109580009B18BA6A9A4205D37B6A5B681B03BA6A66
:109590009A4206D91A2320229B18DB1901221A703D
:1095A00044E07B6BBB610023FB617B6A5A6A964B8C
:1095B0005200D35A3B6100237B613A697B69B869E9
:1095C000F969F6F799FF02000B00110E1D020D4319
:1095D00014027B6A5B685B08BB600023FB60B868B1
:1095E000F968001969417B6A5B683B6000237B6016
:1095F0003A687B68F6F780FF02000B0013003B63BC
:109600003A6BC0239B009A4209D33A6B80235B03D9
:109610009A4204D27B6A1B683A6BDA6006E01A232E
:1096200020229B18DB1901221A70D0E0CFE07B6A60
:10963000DA6980231B029A4200D070E01B232022AB
:109640009B18DB191B78082B15D018DC042B0DD0C8
:1096500015DC002B02D0022B05D010E0FDF7DCF862
:1096600003007B6314E0674B7B6311E0FDF748F870
:1096700003007B630CE080231B027B6308E0002374
:109680007B631A2320229B18DB1901221A70C04623
:109690007B6B002B00D19AE07B6A5A6A5A4B5200CE
:1096A000D35A1900786BF6F755FD03005A007B6A10
:1096B0005B685B08D2187B6A5B6819001000F6F7DC
:1096C00049FD03003B633B6B0F2B21D93A6B802391
:1096D0005B029A421CD23B6B9AB20E2020240319E3
:1096E000DB190F218A431A803B6B5B089BB2072270
:1096F000134099B20319DB190219D21912880A43CF
:109700001A807B6A1B680219D2191288DA605EE03F
:109710001A2320229B18DB1901221A7057E01B2301
:1097200020229B18DB191B78082B15D018DC042B82
:109730000DD015DC002B02D0022B05D010E0FDF778
:109740006BF803007B6314E02E4B7B6311E0FCF7A6
:10975000D7FF03007B630CE080231B027B6308E0E0
:1097600000237B631A2320229B18DB1901221A7025
:10977000C0467B6B002B2AD07B6A5A6A224B520070
:10978000D35A1900786BF6F7E5FC03001A007B6AE0
:109790005B685B08D2187B6A5B6819001000F6F7FB
:1097A000D9FC03003B633B6B0F2B0AD93A6B802338
:1097B0005B029A4205D23B6B9AB27B6A1B68DA6005
:1097C00005E01A2320229B18DB1901221A707B6AFC
:1097D0006A22012199527B6A6822012199527B6A8F
:1097E00000225A677B6A00229A671A2320229B185C
:1097F000DB191B781800BD4610B0B0BD00800040DA
:10980000008400400024F400B42B020880B582B02C
:1098100000AF78607B689B6A082213400BD07B689E
:109820001B685B684A4A134019007B689A6B7B6827
:109830001B680A435A607B689B6A012213400BD065
:109840007B681B685B68434A134019007B68DA6ACF
:109850007B681B680A435A607B689B6A022213403C
:109860000BD07B681B685B683B4A134019007B6820
:109870001A6B7B681B680A435A607B689B6A0422E8
:1098800013400BD07B681B685B68344A1340190097
:109890007B685A6B7B681B680A435A607B689B6ACB
:1098A000102213400BD07B681B689B682C4A134026
:1098B00019007B68DA6B7B681B680A439A607B68D7
:1098C0009B6A202213400BD07B681B689B68254A4B
:1098D000134019007B681A6C7B681B680A439A6006
:1098E0007B689B6A402213401DD07B681B685B68C5
:1098F0001D4A134019007B685A6C7B681B680A4339
:109900005A607B685A6C80235B039A420BD17B6858
:109910001B685B68154A134019007B689A6C7B686A
:109920001B680A435A607B689B6A802213400BD0F5
:109930007B681B685B680E4A134019007B68DA6C11
:109940007B681B680A435A60C046BD4602B080BDB2
:10995000FF7FFFFFFFFFFDFFFFFFFEFFFFFFFBFF9E
:10996000FFEFFFFFFFDFFFFFFFFFEFFFFFFF9FFFA7
:10997000FFFFF7FF80B592B002AF78607B6890225E
:1099800000219950FBF7ECFB0300FB637B681B682D
:109990001B6808221340082B2DD1FB6B80229103FA
:1099A0007868474A0092002200F08EF8031E22D009
:1099B000EFF310837B627B6ABB630123BB62BB6AEC
:1099C00083F31088C0467B681B681A687B681B6835
:1099D00080218A431A60BB6BFB62FB6A83F31088A9
:1099E000C0467B688822202199507B688422002110
:1099F0009954032360E07B681B681B6804221340B2
:109A0000042B46D1FB6B8022D10378682C4A00924C
:109A1000002200F059F8031E3BD0EFF31083FB60E7
:109A2000FB687B6301233B613B6983F31088C0467D
:109A30007B681B681A687B681B6822490A401A60A9
:109A40007B6B7B617B6983F31088C046EFF31083E7
:109A5000BB61BB693B630123FB61FB6983F3108836
:109A6000C0467B681B689A687B681B6801218A4333
:109A70009A603B6B3B623B6A83F31088C0467B680D
:109A80008C22202199507B68842200219954032341
:109A900012E07B688822202199507B688C2220214B
:109AA00099507B680022DA667B6800221A677B681F
:109AB00084220021995400231800BD4610B080BDB7
:109AC000FFFFFF01DFFEFFFF80B584B000AFF8604D
:109AD000B9603B60FB1D1A7051E0BB6901334ED089
:109AE000FBF73EFB02003B68D31ABA699A4202D3E5
:109AF000BB69002B01D1032351E0FB681B681B6885
:109B0000042213403BD0BB68802B38D0BB68402B6D
:109B100035D0FB681B68DB6908221340082B11D184
:109B2000FB681B6808221A62FB68180000F03CF80A
:109B3000FB68902208219950FB68842200219954E7
:109B400001232CE0FB681B68DA6980231B011A40A3
:109B500080231B019A4212D1FB681B6880221201EC
:109B60001A62FB68180000F01FF8FB6890222021A1
:109B70009950FB6884220021995403230FE0FB686D
:109B80001B68DB69BA681340BA68D31A5A4253415A
:109B9000DBB21A00FB1D1B789A429ED000231800EE
:109BA000BD4604B080BD000080B58EB000AF7860C7
:109BB000EFF310837B617B697B630123BB61BB692E
:109BC00083F31088C0467B681B681A687B681B6833
:109BD00026490A401A607B6BFB61FB6983F310889E
:109BE000C046EFF310833B623B6A3B6301237B6219
:109BF0007B6A83F31088C0467B681B689A687B6821
:109C00001B681B490A409A603B6BBB62BB6A83F3CB
:109C10001088C0467B68DB6E012B18D1EFF31083F0
:109C2000BB60BB68FB620123FB60FB6883F31088A9
:109C3000C0467B681B681A687B681B6810218A43D2
:109C40001A60FB6A3B613B6983F31088C0467B68FE
:109C50008C22202199507B680022DA667B680022E2
:109C60005A67C046BD460EB080BDC046DFFEFFFF4E
:109C7000FEFFFFEF80B584B000AF78607B689B6A21
:109C8000FB60FB685E2200219952FB68562200218E
:109C90009952FB681800FFF74FFAC046BD4604B062
:109CA00080BD80B58AB000AF78607B6888229B5801
:109CB000212B4CD17B6856229B5A9BB2002B32D170
:109CC000EFF31083BB60BB687B620123FB60FB6822
:109CD00083F31088C0467B681B681A687B681B6822
:109CE00080218A431A607B6A3B613B6983F3108859
:109CF000C046EFF310837B617B693B620123BB614C
:109D0000BB6983F31088C0467B681B681A687B6850
:109D10001B6840210A431A603B6AFB61FB6983F3BD
:109D20001088C04613E07B681B6D1A787B681B683F
:109D30009A627B681B6D5A1C7B681A657B68562289
:109D40009B5A9BB2013B99B27B6856229952C046FE
:109D5000BD460AB080BD80B58CB000AF78607B682E
:109D600088229B58212B51D17B6856229B5A9BB24B
:109D7000002B32D1EFF31083FB60FB68BB62012341
:109D80003B613B6983F31088C0467B681B681A6897
:109D90007B681B6880218A431A60BB6A7B617B6990
:109DA00083F31088C046EFF31083BB61BB697B620D
:109DB0000123FB61FB6983F31088C0467B681B6845
:109DC0001A687B681B6840210A431A607B6A3B6201
:109DD0003B6A83F31088C04618E07B681B6DFB620A
:109DE000FB6A1B881A007B681B68D205D20D9A6239
:109DF0007B681B6D9A1C7B681A657B6856229B5A90
:109E00009BB2013B99B27B6856229952C046BD462F
:109E10000CB080BD80B58CB000AF78607B688822C4
:109E20009B58212B65D12E23FB187A686A21525A40
:109E30001A8059E07B6856229B5A9BB2002B33D183
:109E4000EFF31083FB60FB68BB6201233B613B695E
:109E500083F31088C0467B681B689A687B681B6820
:109E600026490A409A60BB6A7B617B6983F310884C
:109E7000C046EFF31083BB61BB697B620123FB61CA
:109E8000FB6983F31088C0467B681B681A687B688F
:109E90001B6840210A431A607B6A3B623B6A83F37A
:109EA0001088C046C04624E07B681B68DB698022BE
:109EB000134013D07B681B6D1A787B681B689A620D
:109EC0007B681B6D5A1C7B681A657B6856229B5AFF
:109ED0009BB2013B99B27B68562299522E217B1886
:109EE0001A887B18013A1A802E23FB181B88002B36
:109EF000A0D1C046BD460CB080BDC046FFFF7FFF6D
:109F000080B58CB000AF78607B6888229B58212B8D
:109F10006AD12E23FB187A686A21525A1A805EE0B1
:109F20007B6856229B5A9BB2002B33D1EFF31083F0
:109F3000BB60BB687B620123FB60FB6883F3108816
:109F4000C0467B681B689A687B681B6828490A4082
:109F50009A607B6A3B613B6983F31088C046EFF3EC
:109F600010837B617B693B620123BB61BB6983F327
:109F70001088C0467B681B681A687B681B68402194
:109F80000A431A603B6AFB61FB6983F31088C04691
:109F9000C04629E07B681B68DB698022134018D02B
:109FA0007B681B6DBB62BB6A1B881A007B681B68E1
:109FB000D205D20D9A627B681B6D9A1C7B681A656C
:109FC0007B6856229B5A9BB2013B99B27B68562212
:109FD00099522E217B181A887B18013A1A802E2359
:109FE000FB181B88002B9BD1C046BD460CB080BD22
:109FF000FFFF7FFF80B586B000AF7860EFF310837E
:10A00000BB60BB687B610123FB60FB6883F3108846
:10A01000C0467B681B681A687B681B6840218A43BE
:10A020001A607B693B613B6983F31088C0467B689B
:10A030008822202199507B6800229A677B6818004B
:10A04000FAF7ECFAC046BD4606B080BD80B582B0D6
:10A0500000AF7860C046BD4602B080BD80B582B01A
:10A0600000AF7860C046BD4602B080BD80B582B00A
:10A0700000AF7860C046BD4602B080BD80B584B0F8
:10A0800000AF78607B6884229B5C012B01D10223A6
:10A0900027E07B688422012199547B68882224214F
:10A0A00099507B681B681B68FB607B681B681A689B
:10A0B0007B681B6801218A431A60FB680B4A1340C6
:10A0C000FB607B6800225A667B681B68FA681A602E
:10A0D0007B688822202199507B6884220021995432
:10A0E00000231800BD4604B080BDC046FFFFFFDF5F
:10A0F00080B584B000AF786039607B6884229B5C57
:10A10000012B01D102232EE07B6884220121995486
:10A110007B688822242199507B681B681B68FB6040
:10A120007B681B681A687B681B6801218A431A6078
:10A130007B681B689B68DB00D9087B681B683A68F2
:10A140000A439A607B68180000F054F87B681B682B
:10A15000FA681A607B688822202199507B688422E3
:10A160000021995400231800BD4604B080BD0000B2
:10A1700080B584B000AF786039607B6884229B5CD6
:10A18000012B01D102232FE07B6884220121995405
:10A190007B688822242199507B681B681B68FB60C0
:10A1A0007B681B681A687B681B6801218A431A60F8
:10A1B0007B681B689B680E4A134019007B681B680C
:10A1C0003A680A439A607B68180000F013F87B68CD
:10A1D0001B68FA681A607B688822202199507B6886
:10A1E00084220021995400231800BD4604B080BD8C
:10A1F000FFFFFFF1F0B585B000AF78607B685B6E64
:10A20000002B08D17B686A22012199527B68682261
:10A210000121995243E00F26BB1908221A700E2023
:10A220003B1808221A707B681B689B685B0EDAB2C9
:10A230000D243B1907210A401A707B681B689B6834
:10A240005B0FDAB20C257B1907210A401A703B1804
:10A250001B787A19127814498A5C5A4310007B19CA
:10A260001B78124AD35C1900F5F7FEFF030099B280
:10A270007B686A229952BB191B783A1912780A49ED
:10A280008A5C5A4310003B191B78084AD35C1900BA
:10A29000F5F7EAFF030099B27B6868229952C0463D
:10A2A000BD4605B0F0BDC046CC2B0208D42B020839
:10A2B00080B582B000AF7860094B1B687A681100E6
:10A2C000180003F031FB03001A00064B19001000C0
:10A2D00001F084FE03001800BD4602B080BDC046F8
:10A2E000B0080020382C0208F0B58DB002AFB9607C
:10A2F0007A600F23FB18021C1A702723FB18022216
:10A300001A700023BB6100237B6107F095FD0200FA
:10A310006D4B1A6001F0AAFD03003B623B6A002B03
:10A3200003D03B6ADB68002B0CD1684A684B009372
:10A3300013007922012101200BF046FF2723FB188F
:10A340001B78BCE027257C191823FB18180001F0A6
:10A35000C7FD030023707B191B78002B0BD05B4AD1
:10A360005C4B009313008022012101200BF02CFF95
:10A370007B191B78A3E0BB69012B4FD1524B1B68A3
:10A380001422BA181100180008F09AFE03001A00EF
:10A3900027257C19504B1900100001F01FFE030007
:10A3A00023707B191B78002B0BD0484A4B4B009332
:10A3B00013008B22012101200BF006FF7B191B7873
:10A3C0007DE07B69012B29D1404A454B0093130066
:10A3D0009222012102200BF0F7FE27257C19002094
:10A3E00001F05EFD030023702C003B191B78002B4D
:10A3F0000BD0364A3B4B00931300962201210120DB
:10A400000BF0E2FE3B191B7859E0304A364B0093C3
:10A4100013009922012102200BF0D6FE2A4B186866
:10A42000324B01930023009300230022002107F008
:10A430000BFD254B18687C68BA680F26BB19197884
:10A44000230003F0EFF903001A0027257C19224BA3
:10A450001900100001F0C2FD030023707B191B7866
:10A46000002B16D17C191F23FB181800FFF720FFC3
:10A470000300237029007B181B78002B09D11F23B0
:10A48000FB181B78BA1912789A4202D07B18022264
:10A490001A70174B180000F0ADF8031E0CD00B4AD1
:10A4A000144B00931300B222012101200BF08CFE0B
:10A4B0002723FB1802221A702723FB181B78180089
:10A4C000BD460BB0F0BDC046B008002080E20108D8
:10A4D0008CE20108D0E201084C2C0208E8E20108F5
:10A4E00008E3010854E3010874E30108C5A9000862
:10A4F0008CE3010898E3010880B500AF074B1B68A7
:10A50000002B08D0054B1B68180003F0D1F9034B52
:10A5100000221A6000E0C046BD4680BDB0080020A1
:10A5200080B582B000AF7860094B1B687A68110073
:10A53000180003F045FA03001A00064B190010003A
:10A5400001F04CFD03001800BD4602B080BDC046BE
:10A55000B00800205C2C020880B500AF074B1B68D8
:10A56000180003F047FA03001A00054B1900100009
:10A5700001F034FD03001800BD4680BDB008002086
:10A58000702C020880B582B000AF7860094B1B6860
:10A590007A681100180003F059FA03001A00064BFC
:10A5A0001900100001F01AFD03001800BD4602B0AA
:10A5B00080BDC046B0080020842C020880B582B05F
:10A5C00000AF7860094B1B687A681100180003F02F
:10A5D00023FA03001A00064B1900100001F0FEFCDC
:10A5E00003001800BD4602B080BDC046B008002080
:10A5F0009C2C020880B582B000AF7860094B1B68C4
:10A600007A681100180003F077FA03001A00064B6D
:10A610001900100001F0E2FC03001800BD4602B072
:10A6200080BDC046B0080020B02C020880B582B0C2
:10A6300000AF7860094B1B687A681100180003F0BE
:10A6400075FA03001A00064B1900100001F0C6FC51
:10A6500003001800BD4602B080BDC046B00800200F
:10A66000C82C020890B585B002AF39601100FB1DFF
:10A67000021C1A70BB1D0A1C1A70FB1D1B78022BD2
:10A680000ED91249D823FF331A0002230193104B2D
:10A6900000930B00012101200BF096FD022311E035
:10A6A0000C4B1868BB1D1C783A68FB1D19782300F9
:10A6B00003F056FA03001A00074B1900100001F0CE
:10A6C0008DFC03001800BD4603B090BD80E2010878
:10A6D00054E40108B0080020DC2C020890B587B0D3
:10A6E00004AF040008003A601900FB1D221C1A7018
:10A6F000BB1D021C1A707B1D0A1C1A70BB1D1B7827
:10A70000042B0DD91749F7235A0004230193164B44
:10A7100000930B00012101200BF056FD02231CE0E9
:10A72000124B18683C68BB1D1A78FB1D19781C2356
:10A73000FB181B7802931823FB181B7801937B1DD1
:10A740001B780093230003F037FA03001A00084B2C
:10A750001900100001F042FC03001800BD4603B0D0
:10A7600090BDC04680E2010884E40108B0080020E2
:10A77000F42C020880B500AF074B1B68180003F0EB
:10A7800055FA03001A00054B1900100001F026FCD1
:10A7900003001800BD4680BDB0080020142D02083B
:10A7A000F0B589B004AFBA607B600F257B19021C3D
:10A7B0001A700E26BB190A1C1A700E4B1868BC685A
:10A7C000BB191A787B191978FB6A0293BB6A01934B
:10A7D0007B680093230003F03BFA03001A00064B4A
:10A7E0001900100001F0FAFB03001800BD4605B087
:10A7F000F0BDC046B0080020342D0208F0B589B085
:10A8000004AFBA607B600F257B19021C1A700E26FC
:10A81000BB190A1C1A700E4B1868BC68BB191A7851
:10A820007B191978FB6A0293BB6A01937B680093DA
:10A83000230003F081FA03001A00064B19001000F0
:10A8400001F0CCFB03001800BD4605B0F0BDC046CA
:10A85000B0080020542D020880B582B000AF02007D
:10A86000FB1D1A70094B1A68FB1D1B78190010009C
:10A8700003F0D6FA03001A00054B1900100001F08E
:10A88000ADFB03001800BD4602B080BDB00800203B
:10A89000742D020880B582B000AF0200FB1D1A7053
:10A8A000094B1A68FB1D1B781900100003F0D6FA3B
:10A8B00003001A00054B1900100001F08FFB030084
:10A8C0001800BD4602B080BDB0080020902D0208DF
:10A8D00080B582B000AF0200FB1D1A70094B1A68E8
:10A8E000FB1D1B781900100003F0D6FA03001A00B4
:10A8F000054B1900100001F071FB03001800BD4664
:10A9000002B080BDB0080020B02D020880B582B032
:10A9100000AF02003960FB1D1A700A4B18683A68D4
:10A92000FB1D1B78190003F0D5FA03001A00064B33
:10A930001900100001F052FB03001800BD4602B0E0
:10A9400080BDC046B0080020D02D020880B582B07E
:10A9500000AF78600A00FB1C1A700A4B1868FB1CD9
:10A960001A787B68190003F0D7FA03001A00064B27
:10A970001900100001F032FB03001800BD4602B0C0
:10A9800080BDC046B0080020EC2D020880B582B022
:10A9900000AF7860094B1B687A681100180003F05B
:10A9A000FBFA03001A00064B1900100001F016FB19
:10A9B00003001800BD4602B080BDC046B0080020AC
:10A9C000042E020880B586B002AF02003960FB1D7C
:10A9D0001A703B68FB6001F049FA0300BB60BB687A
:10A9E000002B03D0BB68DB68002B0AD1BB4ABC49F3
:10A9F000BC4B009313000A00012101200BF0E4FB83
:10AA000069E1FB1D1B78153B162B00D962E19A000A
:10AA1000B54BD3181B689F46B44B0093002300220C
:10AA2000002104200BF0D0FBBB68DB68FA68110042
:10AA3000792098474FE1AE4B00930023002200217C
:10AA400004200BF0C1FBBB68DB68FA6811007B20B7
:10AA5000984740E1A74B00930023002200210420E7
:10AA60000BF0B2FBBB68DB68FA6811007A209847EC
:10AA700031E1A14B009300230022002104200BF0C0
:10AA8000A3FBBB68DB68FA6811008020984722E1CD
:10AA90009A4B009300230022002104200BF094FB2A
:10AAA000BB68DB68FA6811008120984713E1944B7A
:10AAB000009300230022002104200BF085FBBB68DB
:10AAC000DB68FA6811008D20984704E18D4B0093F4
:10AAD00000230022002104200BF076FBBB68DB681A
:10AAE000FA6811008E209847F5E0874B0093002309
:10AAF0000022002104200BF067FBBB68DB68FA68CA
:10AB0000110082209847E6E0804B0093002300224A
:10AB1000002104200BF058FBBB68DB68FA681100C9
:10AB200083209847D7E07A4B00930023002200212E
:10AB300004200BF049FBBB68DB68FA681100842035
:10AB40009847C8E0734B00930023002200210420A3
:10AB50000BF03AFBBB68DB68FA6811007D20984770
:10AB6000B9E06D4B009300230022002104200BF07C
:10AB70002BFBBB68DB68FA6811007C209847AAE0D1
:10AB8000664B009300230022002104200BF01CFBE5
:10AB9000634B1A68B0235B00D258614B1B68653366
:10ABA000FF331800904796E05E4B0093002300228D
:10ABB000002104200BF008FBBB68DB68FA68110079
:10ABC0007E20984787E0584B009300230022002105
:10ABD00004200BF0F9FABB68DB68FA6811007F20EB
:10ABE000984778E0514B0093002300220021042075
:10ABF0000BF0EAFABB68DB68FA6811008520984719
:10AC000069E04B4B009300230022002104200BF04D
:10AC1000DBFABB68DB68FA681100872098475AE0C6
:10AC2000444B009300230022002104200BF0CCFAB7
:10AC3000BB68DB68FA681100862098474BE03E4B02
:10AC4000009300230022002104200BF0BDFABB6812
:10AC5000DB68FA681100882098473CE0374B009386
:10AC600000230022002104200BF0AEFABB68DB6851
:10AC7000FA681100892098472DE0314B009300239A
:10AC80000022002104200BF09FFABB68DB68FA6801
:10AC900011008C2098471EE02A4B009300230022CD
:10ACA000002104200BF090FABB68DB68FA68110001
:10ACB0008A2098470FE0244B0093002300220021B4
:10ACC00004200BF081FABB68DB68FA6811008B2066
:10ACD000984700E0C046BD4604B080BD80E2010850
:10ACE000D50200008CE20108DC2B0208BCE401085C
:10ACF000CCE40108ECE4010800E5010818E50108CE
:10AD000034E5010850E5010870E501088CE501080B
:10AD1000A8E50108C0E50108CCE50108D8E501086F
:10AD2000B0080020E8E5010800E6010820E6010877
:10AD300034E601084CE6010860E6010878E60108FF
:10AD400090E60108A8E60108BCE60108F0B597B056
:10AD500002AF4F23FB1802221A703B23FB18032279
:10AD60001A7000237B6301233B630C23FB1818003C
:10AD700021231A00002110F079F908217B18EB4AF1
:10AD80001A603B1DEA4A1A607B180122DA7007F04C
:10AD900053F80200E74B1A60E64B1A68F8235B0091
:10ADA000D35C012B09D0E44AE44B00931300E52265
:10ADB000012101200BF008FADFE1E14B18000EF051
:10ADC0003FFD0200DF4B1A60DE4B1B68002B09D1F0
:10ADD000D94ADD4B00931300EE22012101200BF034
:10ADE000F3F9CAE1D74B1B68D54A0021180010F0CF
:10ADF0003DF901F03BF803003B643B6C002B03D0B2
:10AE00003B6C5B68002B09D1CB4AD04B00931300FD
:10AE1000F722012101200BF0D7F9AEE1C54B1868EC
:10AE2000CB4B00220192002200920022002107F069
:10AE30000BF8C04B1B68180006F038F803001A0026
:10AE40004F257C19C34B1900100001F0C7F803000F
:10AE500023702C003B191B78002B00D062E1B54B0E
:10AE60001B683422BA183B26B919180006F0A6F957
:10AE700003001A0025003C19B64B1900100001F020
:10AE8000ADF8030023702C003B191B78002B00D079
:10AE90004AE1BB1903221A70A64B1B683022BA186C
:10AEA000B919180006F08AF903001A0025003C19A8
:10AEB000A84B1900100001F091F8030023702C003A
:10AEC0003B191B78002B00D04EE1A3490C257B19C0
:10AED0002022180010F00DF9964B1B687A1911000A
:10AEE000180006F047F803001A0025003C19994B9A
:10AEF0001900100001F072F8030023702C003B19B8
:10AF00001B78002B00D031E18A4B1B683A1D0821C9
:10AF10007918180006F07AF803001A0025003C1989
:10AF20008C4B1900100001F059F8030023707B19B5
:10AF30001B78002B00D01BE14E23FB1800221A7057
:10AF400091E0804B1A684E26BB191B7845331B01D4
:10AF5000D31810220021180010F088F8794B1C68D3
:10AF6000BB191D780322002101200CF04EF90100CD
:10AF70008B23DB002A01A218D3181960714B1968C2
:10AF800034003B191A788B23DB0012018A18D3187E
:10AF90001B68002B00D1EDE0664B186890239A01E6
:10AFA0003B191B78190006F09FFA03001A004F2581
:10AFB0007C19684B1900100001F010F80300237091
:10AFC0007B191B78002B0FD07B191B78022B00D02C
:10AFD000D2E05949A2235A00604B00930B00012193
:10AFE00001200BF0F1F8C7E0524B18683C23FA1827
:10AFF0004E23FB181B78190006F098FA03001A007C
:10B000004F257C19534B1900100000F0E7FF030097
:10B0100023702C003B191B78002B0DD046494E2382
:10B02000FF331A004D4B00930B00012101200BF060
:10B03000CBF83B191B78A3E0FA6B90239B019A4253
:10B040000BD0FB6B3C49AA2252000193444B009366
:10B050000B00012102200BF0B7F84E217B181A7863
:10B060007B1801321A704E23FB181B78042B00D872
:10B0700067E70023BB6429E0324B1A68BB6CB82138
:10B080004B43D318B822002118000FF0EFFF2D4BCF
:10B090001A68BB6C2221B8204343D3185B180622E0
:10B0A0001A70284B1A68BB6CB8214B43D3180C3369
:10B0B0002C4A1A60234B1A68BB6CB8214B43D31837
:10B0C0001033284A1A60BB6C0133BB64BB6C052B80
:10B0D000D2D94723FB1800221A7017E0194B1B68BE
:10B0E00047203A1812789432D2000021D154154BDF
:10B0F0001A683B181B789433DB00D3180433002202
:10B100001A603B181A783B1801321A704723FB1853
:10B110001B780E2BE2D90B4B1A68A323DB0000210E
:10B12000D1502AE0C04628E0C04626E00A1360005D
:10B13000FFFFFF00B4080020BCE70108C8E70108D2
:10B140001C050000B8080020E8E7010814E8010821
:10B15000FDB30008282E020858E8010868E8010835
:10B160008CE8010810270000C04606E0C04604E055
:10B17000C04602E0C04600E0C0464F23FB181B78E3
:10B180001800BD4615B0F0BD80B582B000AF194BB8
:10B190001B68002B29D0184B1B68002B25D00023DF
:10B1A0007B600EE0134B19687A688B23DB00120179
:10B1B0008A18D3181B6818000CF08CFB7B680133CD
:10B1C0007B607B68042BEDD90B4B1B68180005F0E6
:10B1D000BBFE084B1B6818000EF0E2FB064B00227A
:10B1E0001A60044B00221A6000E0C046BD4602B05F
:10B1F00080BDC046B8080020B4080020B0B588B0B3
:10B2000002AFF860B9607A6017243B1902221A7005
:10B2100016217B1805221A707B180021180001F0F6
:10B2200079FB031E0CD02E49DA235A002D4B0093D4
:10B230000B00012101200AF0C7FF3B191B784BE0EE
:10B240001622BB181B78012B11D0BB181B78022BC0
:10B250000DD02349DD235A00234B00930B0001211D
:10B2600001200AF0B1FF1723FB181B7834E01F4BB5
:10B270001B68180005F098FE03001A0017257C19BA
:10B280001B4B1900100000F0A9FE030023707B196E
:10B290001B78002B1DD1154B1B68F333FF331900AE
:10B2A000FB680422180010F041F8104B1B68FB33B8
:10B2B000FF331900BB680422180010F037F80B4B5D
:10B2C0001B68F733FF3319007B680422180010F065
:10B2D0002DF81723FB181B781800BD4606B0B0BD2B
:10B2E000BCE70108BCE801081CE90108B40800201B
:10B2F000382E0208F0B58FB002AFF8600C001000D5
:10B3000019000A257B19221C1A8008243B19021CEB
:10B310001A80BB1D0A1C1A80164B18683B191C8822
:10B320007B191A88F96814257B190193BB1D1B88AA
:10B330000093230005F0BEFF03001A002F26BC195E
:10B340000D4B1900100000F049FE03002370BB19DB
:10B350001B78002B07D17B191A68BB6C1A607B190C
:10B360001A8AFB6C1A802F23FB181B781800BD4625
:10B370000DB0F0BDB4080020582E020890B589B079
:10B3800000AFF860B9607A6001235B42FB61FB6843
:10B39000022B03D0FB680A2B28D02AE014243B1987
:10B3A00000221A603A19BB68110018000BF034F93A
:10B3B0003B19042118000BF087F9031E18D17B6894
:10B3C000BB6121007B18DB781A067B189B781B0475
:10B3D000D2187B185B781B02D3187A1812789B1846
:10B3E0001A00BB691A600123FB6101E0C04600E05E
:10B3F000C046FB691800BD4609B090BD80B586B057
:10B4000002AF02003960FB1D1A703B68FB6000F060
:10B410002DFD0300BB60BB68002B03D0BB685B68DD
:10B42000002B0AD14F4A5049504B009313000A0099
:10B43000012101200AF0C8FE90E04D4B1B68002B53
:10B4400000D188E0FB1D1B78342B70D000DD84E038
:10B45000322B02D0332B56D07FE00EF059F9444BFB
:10B460001A68FB681B6843491B01D3185B181868EE
:10B47000FB685A683E4B1968FB681B6882183D4898
:10B480001B01CB181B181A600EF054F9384B1A68C0
:10B49000FB681B68F968098B45331B01D31802331D
:10B4A0000A1C1A80FB6808331900314B1A68FB68C4
:10B4B0001B6845331B01D31804331A000220FFF721
:10B4C0005DFF2B4B1968FB681A688B23DB001201A8
:10B4D0008A18D3181B68002B0ED0254B1968FB68FF
:10B4E0001A688B23DB0012018A18D318186800230E
:10B4F000002200210BF019FFBB685B68FA6811009D
:10B50000962098472AE0FB681B6801931A4B00932A
:10B5100000230022002104200AF056FE144B1A6872
:10B52000FB681B6845331B010121995416E0FB6839
:10B530001B680193114B009300230022002104207B
:10B540000AF042FE0A4B1A68FB681B6845331B0170
:10B550000021995402E0C04600E0C046BD4604B058
:10B5600080BDC046BCE701085107000014E801088F
:10B57000B80800205C04000018EF010830EF010853
:10B5800080B582B000AF786006F056FC02000E4B2A
:10B590001A607B68002B04D07B68012B01D002234A
:10B5A0000EE0094B1B687A681100180007F02EFCAA
:10B5B00003001A00054B1900100000F00FFD0300F6
:10B5C0001800BD4602B080BDBC080020682E0208ED
:10B5D00090B583B000AF0C4B1B68180007F030FC2F
:10B5E00003001A00FC1D094B1900100000F0F6FCC6
:10B5F00003002370044B00221A60FB1D1B78180007
:10B60000BD4603B090BDC046BC080020782E02089D
:10B6100080B582B000AF786039603B68002B01D103
:10B6200000230EE0094B1B683A687968180007F0A0
:10B6300019FC03001A00064B1900100000F0CEFCA4
:10B6400003001800BD4602B080BDC046BC08002003
:10B65000882E0208B0B586B002AF0023BB6001237C
:10B660005B427B6006F0E8FB0200834B1A60824B72
:10B670001B6802221C21180007F014FC7E4B1B687B
:10B68000180006F015FC03001A000F257C197B4BEF
:10B690001900100000F0A2FC030023707B191B7836
:10B6A000002B09D0764A774B0093130065220121C5
:10B6B00001200AF089FDD7E06F4B1B683A1D11008D
:10B6C000180007F051FD03001A000F257C196B4B81
:10B6D0001900100000F082FC030023707B191B7816
:10B6E000002B09D0664A684B009313006D2201219C
:10B6F00001200AF069FDB7E07B68012B1DD15E4B8C
:10B700001A68F8235B000121D1545B4B1B680822A7
:10B71000BA181100180007F0D3FC03001A000F2517
:10B720007C19564B1900100000F058FC03002370E0
:10B730007B191B78002B31D026E07B68002B13D1BE
:10B740004D4B1A68F8235B000021D1544C4A4F4BF3
:10B75000009313007F22012101200AF035FD0F2301
:10B76000FB1802221A707FE07B68454A0193484B20
:10B77000009313008622012101200AF025FD0F23EA
:10B78000FB1802221A706FE03D4A424B00931300EF
:10B790008F22012101200AF017FD65E0BB68012B13
:10B7A00020D0354B1B680121180007F00DFC030069
:10B7B0001A000F257C19314B1900100000F00EFC07
:10B7C000030023707B191B78002B09D02C4A324BC5
:10B7D000009313009922012101200AF0F5FC43E0B7
:10B7E000F9F79DFD244B1B68180006F01BFC0300B5
:10B7F0001A000F257C19214B1900100000F0EEFBF8
:10B80000030023707B191B78002B09D01C4A234BA3
:10B8100000931300A322012101200AF0D5FC23E0AC
:10B82000154B1B681A001E4B1A6000F073F8124B80
:10B830001B6862229B5C012B05D10F4B1B6800210A
:10B84000180006F0D5FB0C4B1A680B4B1B689421B3
:10B850005B581900100007F09DFB002000F020FB52
:10B860000F23FB1800221A700F23FB181B781800F7
:10B87000BD4604B0B0BDC046C0080020AC2E0208D2
:10B880004CEF010858EF01086CEF010884EF010844
:10B89000BCEF0108D4EF0108F4EF01080CF0010837
:10B8A000DC08002080B500AF164B1B68002B25D0AC
:10B8B000144B1B6800220121180007F017FB114BE5
:10B8C0001B68180006F01CFB03001A000E4B190041
:10B8D000100000F083FB0D4B1B68002B07D00B4BB7
:10B8E0001B6818000EF05CF8084B00221A60084B29
:10B8F00000221A60034B00221A6000E0C046BD46D9
:10B9000080BDC046C0080020B82E0208D80800201C
:10B91000DC080020F0B5DE4657464E464546E0B509
:10B9200095B010AF5C4B0093002300220021032050
:10B930000AF04AFC594B0093002300220021032007
:10B940000AF042FC564B1B681B781A00544B1B68CC
:10B950005B781900524B1B689B780393029101920C
:10B96000504B009300230022002103200AF02CFCFE
:10B970004B4B1B681B791A00494B1B685B791900FC
:10B98000474B1B689B79039302910192464B0093AE
:10B9900000230022002103200AF016FC404B1B6804
:10B9A000DB79002B0BD03E4B1B68DB7901933F4BBF
:10B9B000009300230022002103200AF005FC3C4BE9
:10B9C000009300230022002103200AF0FDFB344BEA
:10B9D0001B681B7A1A00324B1B685B7A1900304BCC
:10B9E0001B689B7A039302910192324B00930023D0
:10B9F0000022002103200AF0E7FB294B1B681B7B78
:10BA00001A00274B1B685B7B1900254B1B689B7B2F
:10BA1000039302910192284B0093002300220021FE
:10BA200003200AF0D1FB1E4B1B681B7C1A001C4B29
:10BA30001B685B7C19001A4B1B689B7C039302916B
:10BA400001921E4B009300230022002103200AF0E4
:10BA5000BBFB134B1B6814330193194B009300235A
:10BA60000022002103200AF0AFFB164B00930023B5
:10BA70000022002103200AF0A7FB094B1B68632268
:10BA80009B5C002B22D1104B00930023002200214D
:10BA900003200AF099FB2FE024F0010850F0010880
:10BAA000DC08002074F001089CF00108C4F00108D3
:10BAB000CCF00108D0F00108F8F0010820F10108ED
:10BAC00048F1010868F1010884F10108D84B1B68AE
:10BAD00063331C00D64B1B6862229B5C180000F08D
:10BAE00055FA030002930194D24B009300230022E5
:10BAF000002103200AF068FBCF4B009300230022B3
:10BB0000002103200AF060FBC94B1B687C229B5A72
:10BB10000193CA4B009300230022002103200AF066
:10BB200053FBC34B1B687F229B5C0193C44B009368
:10BB300000230022002103200AF046FBBC4B1B68B7
:10BB40007E229B5C0193BF4B0093002300220021C7
:10BB500003200AF039FBB64B1B685B6BFA2291009D
:10BB60001800F4F7F7FA03001C00B14B1B685B6B7D
:10BB7000FA2291001800F4F773FB0B000293019472
:10BB8000B14B009300230022002103200AF01CFB8C
:10BB9000A74B1B6838229B561C00A54B1B683922FB
:10BBA0009B561D00A24B1B683A229B561E00A04BC1
:10BBB0001B683B229B569C469D4B1B683C229B5618
:10BBC00098469B4B1B683D229B569946984B1B6899
:10BBD0003E229B569A46964B1B683F229B569B469D
:10BBE000934B1B6840229B56FB60914B1B68412284
:10BBF0009B56BB608E4B1B6842229B567B608C4BD6
:10BC00001B6843229B561800894B1A684423D3565D
:10BC10001900874B1A684523D3560E930D910C904B
:10BC20007A680B92BA680A92FB6809935B4608939C
:10BC3000534607934B460693434605936346049346
:10BC4000039602950194814B00930023002200216A
:10BC500003200AF0B9FA764B1B6846229B561C005B
:10BC6000734B1B6847229B561D00714B1B68482273
:10BC70009B561E006E4B1B6849229B569C466C4B84
:10BC80001B684A229B569846694B1B684B229B5661
:10BC90009946674B1B684C229B569A46644B1B681F
:10BCA0004D229B569B46624B1B684E229B56FB6067
:10BCB0005F4B1B684F229B56BB605D4B1B6850223D
:10BCC0009B567B605A4B1B6851229B561800584B61
:10BCD0001A685223D3561900554B1A685323D3566A
:10BCE0000E930D910C907A680B92BA680A92FB68D9
:10BCF00009935B460893534607934B460693434686
:10BD0000059363460493039602950194504B009368
:10BD100000230022002103200AF056FA444B1B683E
:10BD200054229B561900424B1B6855229B56180003
:10BD30003F4B1B6856229B561C003D4B1B685722ED
:10BD40009B561D003A4B1B6858229B560593049541
:10BD50000394029001913F4B0093002300220021A5
:10BD600003200AF031FA324B1B6859229B5601938B
:10BD7000394B009300230022002103200AF024FA0B
:10BD80002B4B1B685A229B5C1900294B1B685B22BA
:10BD90009B5C1800264B1B685C229B5C1C00244BA0
:10BDA0001B685D229B5C1D00214B1B685E229B5C17
:10BDB0001E001F4B1B685F229B5C06930596049533
:10BDC000039402900191254B00930023002200214F
:10BDD00003200AF0F9F9164B1B6860229B5C019363
:10BDE0001F4B009300230022002103200AF0ECF9EE
:10BDF0000F4B1B6861229B5C01931A4B009300233D
:10BE00000022002103200AF0DFF9174B00930023E2
:10BE10000022002103200AF0D7F900231800BD46B4
:10BE200005B0F0BCBB46B246A946A046F0BDC04630
:10BE3000DC08002090F10108CCF0010898F101081D
:10BE4000B8F10108DCF1010800F2010828F201084C
:10BE50007CF20108D0F2010800F3010820F3010888
:10BE600060F3010880F30108A0F3010880B500AF7A
:10BE7000014B1800BD4680BDC408002090B583B0BA
:10BE800000AF7860054B7A6813CA13C303CA03C3B3
:10BE900000231800BD4603B090BDC046C408002072
:10BEA00080B582B000AF78600B4B18687B68002BC0
:10BEB00001D1002300E002230022190007F016F848
:10BEC00003001A00054B1900100000F087F803006A
:10BED0001800BD4602B080BDC0080020C42E020874
:10BEE000B0B584B000AF78600023BB600F4B1B6817
:10BEF0000822BA181100180007F03CF803001A00D5
:10BF00000F257C190A4B1900100000F067F8030098
:10BF10002370BB685A1E9341DBB21A007B681A601B
:10BF20007B191B781800BD4604B0B0BDC0080020C6
:10BF3000D82E020880B582B000AF0200FB1D1A7037
:10BF4000FB1D1B78042B0ED89A00094BD3181B68D5
:10BF50009F46084B08E0084B06E0084B04E0084BFE
:10BF600002E0084B00E0084B1800BD4602B080BD5F
:10BF7000982E020848F501084CF5010854F501080F
:10BF80005CF5010870F5010878F5010880B582B00C
:10BF900000AF0200FB1D1A70FB1D1B78032B0ED097
:10BFA0000FDC022B09D00CDC002B02D0012B02D0BD
:10BFB00007E0064B06E0064B04E0064B02E0064BAA
:10BFC00000E0024B1800BD4602B080BD84F10108BC
:10BFD00080F5010884F5010888F5010880B584B072
:10BFE00000AF02003960FB1D1A70FB1D1B78052B8A
:10BFF00017D01BDC032B0FD018DC002B02D0012B39
:10C0000005D013E00F23FB1800221A7013E00F2352
:10C01000FB1801221A700EE00F23FB1803221A707E
:10C0200009E00F23FB1804221A7004E00F23FB1809
:10C0300002221A70C0460F22BB181B78002B0AD0B0
:10C04000084B1B69002B06D0064B1B693968BA18D0
:10C050001278100098470F23FB181B781800BD4674
:10C0600004B080BDC4080020B0B588B002AF17236B
:10C07000FB1802221A700023BB607B4B3B6105F06A
:10C08000DBFE0200794B1A6020200DF0D9FB020084
:10C09000774B1A60764B1B68002B09D1754A764B9B
:10C0A00000931300E422012101200AF08DF8D4E06E
:10C0B0006F4B1B682022002118000EF0D7FF6B4B3E
:10C0C0001B68180007F046FB03001A0017257C19AF
:10C0D0006A4B19001000FFF781FF030023707B19E2
:10C0E0001B78002B00D0ABE0614B1C680AF060FDB0
:10C0F00003002360FFF7BAFE0300FB60FB68002B20
:10C1000003D0FB681B68002B09D15A4A5C4B009393
:10C110001300F722012101200AF056F89DE0534B4D
:10C120001868584A584900230193002300930023BC
:10C1300005F08AFE4D4B1B6862229B5C012B34D1BB
:10C14000FB1D00221A70494B1B68FA1D11001800D4
:10C1500007F0C2FF03001A0017257C19474B19008E
:10C160001000FFF73BFF030023702C003B191B78E6
:10C17000002B67D1FB1D1B78002B16D03B4B1B6897
:10C180000021180007F064FF03001A0025003C1985
:10C190003A4B19001000FFF721FF030023707B19B1
:10C1A0001B78002B50D1F9F7BAF817257C1900F04D
:10C1B0007BFB030023702C003B191B78002B45D11F
:10C1C0002A4B1B680021180007F00CFB03001A0023
:10C1D00025003C19294B19001000FFF7FFFE030052
:10C1E00023702C003B191B78002B31D11F4B1B688F
:10C1F0003A6908217918180007F0B0FE03001A0008
:10C2000025003C191D4B19001000FFF7E7FE030045
:10C2100023707B191B78002B1CD1144B1B68012148
:10C22000180007F0F3FE031E16D1104B1B689C226A
:10C23000012199500D4B1B68A022012199500CE05F
:10C24000C0460AE0C04608E0C04606E0C04604E03A
:10C25000C04602E0C04600E0C0461723FB181B782A
:10C260001800BD4606B0B0BD54FA0108E008002031
:10C27000E408002058FA010864FA0108402F020877
:10C2800094FA01087DCC000891CA000880B500AF7F
:10C29000124B1B68002B1ED0114B1B68002B1AD0B1
:10C2A0000E4B1B681B6818000AF0ECFD0B4B1B685B
:10C2B00000221A600A4B1B68180007F06BFA084B43
:10C2C00000221A60054B1B6818000DF069FB034B38
:10C2D00000221A6000E0C046BD4680BDE408002090
:10C2E000E0080020B0B586B002AF786039602B4B13
:10C2F0001A68EC235B003968D150284B1B687A68B8
:10C300001100180007F0C6FA03001A000F257C1967
:10C31000234B19001000FFF761FE030023702C006F
:10C320003B191B78002B0CD01E49AE235A001E4B24
:10C3300000930B000121012009F046FF3B191B78F7
:10C3400027E0164B1B68180007F04CFB03001A008F
:10C350000F257C19124B19001000FFF73FFE030058
:10C3600023707B191B78002B09D00E49B2235A0089
:10C370000E4B00930B000121012009F025FF074B14
:10C380001A680F203B181978EE235B00D1503B1838
:10C390001B781800BD4604B0B0BDC046E0080020C0
:10C3A000502F020858FA0108D8FA0108F4FA0108D7
:10C3B000F0B5DE4657464E464546E0B591B00CAF67
:10C3C00078607B68002B00D19FE07B685B68002B66
:10C3D00000D19AE07B681B68002B08D14F4B00937B
:10C3E000002300220021032009F0EEFE8EE000234E
:10C3F000FB6083E07B685A68FB682E214B43D318AF
:10C4000024229B5C1D007B685A68FB682E214B43ED
:10C41000D31825229B5C1E007B685A68FB682E217E
:10C420004B43D31826229B5C98467B685A68FB686E
:10C430002E214B43D31827229B5C99467B685A6870
:10C44000FB682E214B43D31828229B5C9A467B68BD
:10C450005A68FB682E214B43D31829229B5C9B46CC
:10C460007B685A68FB682E214B43D3182A229B5CB9
:10C470003B607B685A68FB682E214B43D31821220E
:10C480009B5C180000F0BCFA04007B685A68FB68EB
:10C490002E214B43D3182C229B5C180000F0DEFAAF
:10C4A0007B685A68FB682E214B43D31822229B5E7F
:10C4B0009C467B685A68FB682E214B43D3180B932C
:10C4C00062460A92099008943B6807935B4606937C
:10C4D000534605934B4604934346039302960195B6
:10C4E0000F4B0093002300220021032009F06CFE73
:10C4F00005200BF0C5FDFB680133FB607B681B6802
:10C50000FA689A4200D275E700E0C046BD4605B021
:10C51000F0BCBB46B246A946A046F0BD0CFB0108E4
:10C5200020FB0108B0B58AB002AF78601F23FB186A
:10C5300002221A707B687B61FFF798FC03003B6165
:10C540003B69002B03D03B691B68002B0DD17E4952
:10C55000CD235A007D4B00930B000121012009F0EF
:10C5600033FE1F23FB181B78E9E0794B1A68EE2392
:10C57000FF33D35C012B0AD17349A223FF331A0086
:10C58000744B00930B000121022009F01DFE704B3B
:10C590001B680121180007F039FD031E09D16C4BFF
:10C5A0001B689C2201219950694B1B68A022012124
:10C5B0009950674B1B687A691100180007F0F0FA70
:10C5C00003001A001F257C19634B19001000FFF7A8
:10C5D00005FD030023707B191B78002B00D0AAE017
:10C5E0005E4B1B6801229A605D4B00930023002282
:10C5F0000021042009F0E8FD554B1B68594A9B5C5B
:10C60000012B03D1554B1B680122DA607B68DB6E7E
:10C61000002B0AD0544B0093002300220021042059
:10C6200009F0D2FD0223BB6101E01223BB614B4B39
:10C630001B681868B9694D4B0093002301220AF06A
:10C64000D2FA0300FB60454B1B6800229A60FB682E
:10C65000022213403DD1FB681022134013D03A4907
:10C66000D423FF331A00424B00930B000121012019
:10C6700009F0AAFD394B1B6804221A711F23FB180D
:10C6800002221A7058E03049DC23FF331A00394B7C
:10C6900000930B000121012009F096FD2F4B1B6830
:10C6A00004221A717B68DB6E002B0DD0284B1B68AF
:10C6B0000021180007F036FC2F4B009300230022C6
:10C6C0000021042009F080FD1F23FB1802221A70AC
:10C6D00032E01F4B1B68234A9B5C012B2BD1274B5D
:10C6E0000093002300220021042009F06DFD1B4B64
:10C6F0001B681868224B00930023012204210AF0D2
:10C7000072FA0300FB60FB680422134014D10E4947
:10C71000FA23FF331A001B4B00930B000121012069
:10C7200009F052FD0D4B1B680022DA601F23FB1835
:10C7300002221A7000E0C0461F23FB181B78180065
:10C74000BD4608B0B0BDC04658FA010894FA0108C9
:10C75000E008002088FB0108602F0208E4080020A0
:10C76000ECFB01081202000014FC01081027000075
:10C7700024FC01083CFC010858FC010868FC010885
:10C78000983A000098FC0108B0B588B002AF786014
:10C790001723FB1802221A70FFF768FB03003B61A6
:10C7A0003B69002B03D03B691B68002B0DD1344A39
:10C7B0003449354B009313000A000121012009F090
:10C7C00003FD1723FB181B7856E0304B1B681B79C1
:10C7D000012B12D02D4B1B681B79022B0DD0284A40
:10C7E0002B492C4B009313000A000121012009F072
:10C7F000EBFC1723FB181B783EE0244B1B6801223F
:10C800001A61254B1B687A681100180007F08AFB33
:10C8100003001A0017257C19204B19001000FFF7A0
:10C82000DDFB030023702C003B191B78002B1CD16F
:10C83000164B1B6818681A4B00930023012208212D
:10C840000AF0D1F90300FB60FB68082213400CD109
:10C850000B4989239A00134B00930B0001210120FF
:10C8600009F0B2FC3B1902221A70084B1B68002227
:10C870001A611723FB181B781800BD4606B0B0BD1F
:10C8800058FA01080F02000094FA0108E408002099
:10C8900016020000B0FC0108E0080020742F020816
:10C8A00088130000ECFC010890B583B000AF164B74
:10C8B0001B68180006F0DAFF03001A00FC1D134B7A
:10C8C00019001000FFF78AFB03002370FB1D1B7883
:10C8D000002B13D10E4B1B6804221A710A4B1A68E5
:10C8E000F6235B000421D154094B1B6802225A71C4
:10C8F000054B1A68EE23FF330221D154FB1D1B7830
:10C900001800BD4603B090BDE0080020882F020843
:10C91000E4080020B0B586B002AF7860396000232B
:10C92000BB60324B1B681A797B681A703B68002B1E
:10C9300051D02E4B1B681B79022B04D02B4B1B684C
:10C940001B79012B47D12A4B1B680822BA1811000A
:10C95000180007F031FA03001A000F257C19254B47
:10C9600019001000FFF73AFB030023707B191B78B6
:10C97000002B25D138681E4B1B687D33FF332122E5
:10C9800019000EF0D3FC3B6821331800184B1B68CC
:10C99000D233FF33062219000EF0C8FCBA683B6898
:10C9A000DA62134B1A68D4235B00D2583B689A6250
:10C9B0000F4B1A68D2235B00D2583B681A630EE013
:10C9C0000D499F239A000D4B00930B00012102207B
:10C9D00009F0FAFB03E00F23FB1800221A700F2363
:10C9E000FB181B781800BD4604B0B0BDE408002059
:10C9F000E0080020A02F020858FA010828FD0108CD
:10CA000080B582B000AF78607B68082B01D9054BF8
:10CA100003E0054B7A689200D3581800BD4602B077
:10CA200080BDC04620FA0108EC2E020880B582B015
:10CA300000AF78607B681B68192B01D9054B04E0B7
:10CA40007B681A68044B9200D3581800BD4602B0A8
:10CA500080BDC04620FA01083000002080B582B0B9
:10CA600000AF0200FB1D1A70FB1D1B78042B01D9BF
:10CA7000054B04E0FB1D1A78044B9200D3581800B4
:10CA8000BD4602B080BDC04620FA0108102F020842
:10CA900080B586B002AF02003960FB1D1A70FFF747
:10CAA000E5F90300FB60FB68002B03D0FB681B6803
:10CAB000002B0AD16B4A6C496C4B009313000A009F
:10CAC0000121012009F080FBC9E0FB1D1B78062B2A
:10CAD00000D9BFE09A00664BD3181B689F46654B90
:10CAE0001A68EC235B00D258624B1968EE235B0096
:10CAF000C858604B1B68E133FF3319009047AEE024
:10CB00005D4B1B6801221A715A4B1A68F6235B00B1
:10CB10000121D15464200BF0B3FA574B1B689B687A
:10CB2000012B06D1544B1B681B68022118000AF028
:10CB30002DF9504B1A68F8235B00D35C002B0AD107
:10CB40004C4B1B68B4229B58002B04D0494B1B68EC
:10CB5000B4229B589847FB681B68002166209847C1
:10CB60007DE0454B1B6802221A71424B1A68F6237E
:10CB70005B000221D154FB681B68002168209847A4
:10CB80003D4B1B68DB68012B66D13B4B1B681B6868
:10CB9000042118000AF0FAF8374B1B680022DA600B
:10CBA0005AE0354B1B6804221A71324B1A68F6237F
:10CBB0005B000421D154304B1B681B69012B0AD147
:10CBC0002D4B1B681B68082118000AF0DFF82A4B60
:10CBD0001B6800221A61FB681B68002167209847C8
:10CBE000244B1A68F8235B00D35C002B36D1214B11
:10CBF0001B68B8229B58002B30D01E4B1B68B822F4
:10CC00009B5898472AE01C4B1B6803221A71194B4A
:10CC10001A68F6235B000321D154FB681B680021CE
:10CC2000692098471BE03B681B68BB60124B1B6880
:10CC30009B68012B06D1104B1B681B681021180044
:10CC40000AF0A4F8FB681B680822BA1811006A20D1
:10CC5000984704E0C04602E0C04600E0C046BD463A
:10CC600004B080BD58FA01082D04000094FA0108B0
:10CC7000242F0208E0080020E408002080B586B0D8
:10CC800002AF02003960FB1D1A70FFF7EFF80300D6
:10CC9000FB60FB68002B03D0FB681B68002B0AD1EC
:10CCA000244A2549254B009313000A000121012045
:10CCB00009F08AFA3BE0FB1D1B780C2B2FD035DCEA
:10CCC0000A2B02D00B2B07D030E0FB681B683A68B8
:10CCD00011006E2098472AE0194B1B685B69012BF5
:10CCE00016D1174B1B68183318003B680433062213
:10CCF00019000EF0EDF9031E0AD1114B1B681B68D9
:10CD0000202118000AF042F80D4B1B6800225A61DE
:10CD1000FB681B683A6811006F20984707E0FB68C2
:10CD20001B683A6811007020984700E0C046BD4675
:10CD300004B080BD58FA01089B04000094FA010871
:10CD4000E408002080B582B000AF0200FB1D1A701D
:10CD5000FB1D1B780A2B03D0FB1D1B780D2B01D16B
:10CD6000012300E000231800BD4602B080BD80B55D
:10CD700084B000AF78600023FB6002E0FB68013301
:10CD8000FB607B681B6BFA689A4209D27B68DA6A9F
:10CD9000FB68D3181B781800FFF7D4FF031EEDD1F2
:10CDA000FB68002B07D07B68D86A7B683033FA6851
:10CDB000190000F05DF8C046BD4604B080BD90B5D6
:10CDC00085B000AF786039600E23FB1800221A800E
:10CDD00018E07B68DA6A0E243B191B88D3181B788D
:10CDE0001800FFF7AFFF031E06D03B683A19128800
:10CDF0001A803B191B880DE00E22BB18BA18128846
:10CE000001321A800E23FB181A887B681B6B9A422A
:10CE1000DFD300231800BD4605B090BD80B586B0B5
:10CE200000AFF860B9607A6000237B610FE0FA68B8
:10CE30007B69D3181A787B681B789A4201D000234B
:10CE400012E07B6901337B617B6801337B607A6927
:10CE5000BB689A4203D27B681B78002BE7D17B68C2
:10CE60001B785A425341DBB21800BD4606B080BD64
:10CE700080B586B000AFF860B9607A60BB681B68A7
:10CE80007A689A4203D3BB6800221A601CE0002330
:10CE90007B610CE07A697B68D318FA68D218F9686C
:10CEA0007B69CB1812781A707B6901337B61BB6890
:10CEB0001A687B68D31A7A699A42EBD3BB681A68FE
:10CEC0007B68D21ABB681A60C046BD4606B080BDFA
:10CED00080B58AB000AFF860B9607A603B6000232B
:10CEE0007B621723FB1800221A70FB68002B0FD0FF
:10CEF000FB689B69002B0BD0BB68002B08D07B68BC
:10CF0000002B05D03B68002B02D07B6B002B02D19D
:10CF100016235B429FE07B689B893B627B689B8911
:10CF2000FB617B689B681800F3F7F8F803003B612E
:10CF300061E0FB689A69FB69D3181B78222B0FD13B
:10CF400017217B181B785A1E9341DBB201225340F4
:10CF5000DBB21A007B181A701A7801210A401A7085
:10CF60001723FB181B78002B03D0FB690133FB61EF
:10CF700041E00023BB612BE0FB689A69FB69D31891
:10CF80001A787B689968BB69CB181B789A421CD1C8
:10CF9000FB6899697B6B1B889B003A68D3183A6AD7
:10CFA0008A181A60FB689A69FB69D31800221A7004
:10CFB000FB6901333B627B6A01337B627B6B1B88BD
:10CFC00001339AB27B6B1A8006E0BB690133BB6107
:10CFD000BA693B699A42CFD37B681B8A1A007B6A85
:10CFE00093420DDA7B6B1B881A003B6B934209D08E
:10CFF000FB690133FB61FA69BB689A4299D302E08D
:10D00000C04600E0C046FA693B6A9A4215D9FB68FF
:10D0100099697B6B1B889B003A68D3183A6A8A1817
:10D020001A60FB689A69FB69D31800221A707B6B3F
:10D030001B8801339AB27B6B1A807B6B1A887B68E2
:10D04000DB899A4202D216235B4204E07B689B890B
:10D050001A003B6A9B1A1800BD460AB080BDB0B5E5
:10D0600098B002AFF860B9607A6000237B65002356
:10D070003B6516257B1900221A8018243B192C22A7
:10D08000002118000DF0F2FFFB681B8A002B11D065
:10D090003C19FA68B96878687B1901930B230093EF
:10D0A0002300FFF715FF03007B657B6D002B01DA82
:10D0B0007B6D4AE0FB689B891A007B6DD318FB648B
:10D0C0007B68DB6ABB647B681B6B7B64FB6C002B3F
:10D0D00010D07B681B6BFA6C9A420BD87B68DA6ABB
:10D0E000FB6CD2187B68DA627B681A6BFB6CD21A15
:10D0F0007B681A63FB681B68002B14D0FB681C68F4
:10D10000BB689AB2FB689B89D31A9AB27B6D9BB2BB
:10D11000D31A99B21623FB181B881822BA187868FC
:10D12000A04703003B657B68BA6CDA627B687A6C67
:10D130001A633B6D0B3307D07B68D86A7B6830334A
:10D14000FA6C1900FFF794FE3B6D1800BD4616B04F
:10D15000B0BD90B585B000AF78600023FB605AE0A9
:10D160007B68FA689200D358002B50D07A68FB682D
:10D1700002339B00D31804331B68002B47D00023D5
:10D18000BB6039E07B68FA689200D158BA68130036
:10D190009B009B189B00CB185B681B78002B1DD055
:10D1A0007B6898697B68FA689200D158BA68130066
:10D1B0009B009B189B00CB185C687B68FA68920008
:10D1C000D158BA6813009B009B189B00CB189B8911
:10D1D0001A0021000DF07CFF031E0AD17B68FA685B
:10D1E0009200D158BA6813009B009B189B00CB1883
:10D1F00015E0BB680133BB607A68FB6802339B00B3
:10D20000D31804331B68BA689A42BBD300E0C04607
:10D21000FB680133FB60FB68022BA1D900231800D7
:10D22000BD4605B090BD90B585B000AF78600023D5
:10D23000FB605EE07B68FA689200D358002B54D004
:10D240007A68FB6802339B00D31804331B68002BF9
:10D250004BD00023BB603DE07B68FA689200D15858
:10D26000BA6813009B009B189B00CB189B7C002B7B
:10D270002DD07B68FA689200D158BA6813009B00E1
:10D280009B189B00CB185B681B78002B14D07B6825
:10D29000D86A7B681C6B7B68FA689200D158BA68C0
:10D2A00013009B009B189B00CB185B681A002100A1
:10D2B000FFF7B4FD031E0AD07B68FA689200D158CC
:10D2C000BA6813009B009B189B00CB1815E0BB6845
:10D2D0000133BB607A68FB6802339B00D3180433C8
:10D2E0001B68BA689A42B7D300E0C046FB680133B6
:10D2F000FB60FB68022B9DD900231800BD4605B0DA
:10D3000090BD90B587B000AF786039600023FB60B6
:10D310007B681B6BBE22D200D31A7B617B69002B1A
:10D3200002D10C235B421CE03B681C687B68DA6A14
:10D330007B681B6BD1180C23FB187A693868A047EF
:10D3400003003B613B69002B02DBFB68002B01D132
:10D35000002306E07B681A6BFB68D2187B681A63AF
:10D3600000231800BD4607B090BDB0B588B000AF2F
:10D370007860A9E07B681800FFF7F9FC7B681B6BFD
:10D38000002B00D1A6E07B681800FFF74CFF0300DC
:10D39000FB61FB69002B1ED0FB691B68002B1AD0B8
:10D3A000FB691C68FB699989786800230022A04703
:10D3B0000300BB61BB690B3300D18DE0BB69002B5F
:10D3C00000DC80E07B68D86A7B683033BA6919007A
:10D3D000FFF74EFD77E016257C190E23FA187B68BF
:10D3E00011001800FFF7EBFC030023802A00BB1894
:10D3F0001B88002B00D171E07B68DB69591EBB18CC
:10D400001A880B00934200D913003B617B6898692E
:10D410007B68DB6A3A6919000DF088FF7B689A69BE
:10D420003B69D31800221A707B689B6B0122524221
:10D43000110018000AF070F97B681800FFF789FEE8
:10D440000300FB61FB69002B25D07A683969FB6911
:10D450001800FFF704FE0300BB61BB690B3307D163
:10D460007B68986B00230022002109F05EFF36E004
:10D470007B681B6B002B07D17B68986B0023002215
:10D48000002109F052FF2AE00E23FA187B681100F0
:10D490001800FFF794FC7B68986B002300220021A2
:10D4A00009F043FF7B681B6B002B0DD07B68D86AAB
:10D4B0007B68303319000E23FB181B8801331A00D8
:10D4C000FFF7D6FC00E0C0467B681B6B002B00D04A
:10D4D00050E704E0C04602E0C04600E0C046C04657
:10D4E000BD4608B0B0BD80B584B000AF786039608B
:10D4F0007B68002B1DD07B685B68002B19D03B68D4
:10D50000002B16D03B681B68002B12D07B685B6831
:10D51000FB603A68FB6811001800FFF7F2FE030099
:10D52000BB60FB681800FFF720FFBB68002BF0D141
:10D5300000E0C046BD4604B080BD80B582B000AFFB
:10D5400078607B68002B02D116235B4201E07B6888
:10D550001B6A1800BD4602B080BD80B582B000AF26
:10D56000786039607B68002B02D116235B4203E0B0
:10D570007B683A681A6200231800BD4602B080BD7D
:10D5800080B584B000AFF860B9607A601A00FB1C07
:10D590001A70FB68002B02D116235B420DE0FB687A
:10D5A000BA689A60FB687A685A61FB1C1B78002B8A
:10D5B00002D0FB6800221A6200231800BD4604B0A6
:10D5C00080BD80B586B000AFF860B9607A607A68D7
:10D5D000BB68110018000AF09FF803007B617B69AB
:10D5E000012B06D1FB681800FFF7A7FF03007B6142
:10D5F00002E074235B427B617B691800BD4606B084
:10D6000080BD80B584B000AFF860B9607A60FB6817
:10D610005B687A68B968F868984703001800BD46E7
:10D6200004B080BD90B587B000AFF860B9607A6093
:10D630003B6000237B61FB68002B09D0BB68002B9B
:10D6400006D0BB685B68002B02D0BB6A002B02D1FE
:10D6500016235B426AE03B6B002B02D10023FB6286
:10D6600005E0FB6A002B02D116235B425EE0BB683B
:10D670005B683B617B6B0122134007D13B695B6BAD
:10D6800001225242110018000AF046F87B6B022278
:10D6900013400AD13A68796838690123FFF770FFAF
:10D6A00003007B617B69002B31DBFB6A002B04D01C
:10D6B000FB6A002118000AF02FF8FB685C68BB6A5F
:10D6C0001800F2F72BFD0200B96AFB681800A047AA
:10D6D000FB685C683B69596A3B699A6AFB68180099
:10D6E000A047FB6A002B07D03A6BF96A3B69180028
:10D6F000FFF767FF03007B617B6B0422134008D1B7
:10D700003869002300220021FFF73AFF02E0C046FB
:10D7100000E0C0467B6B0122134006D13B69586B89
:10D7200000230022002109F000FE7B691800BD469D
:10D7300007B090BD80B584B000AFF860B9607A6082
:10D74000FB68002B05D0BB68002B02D07B68002B48
:10D7500002D116235B425EE07B681B68002B13D06E
:10D760007B685B68002B0FD07B685B69002B03D064
:10D770007B689B69002B07D07B68DB69002B06D098
:10D780007B681B6A002B02D116235B4243E0FB68D7
:10D79000BA685A60BB6800221A63FB68204A1A60A4
:10D7A0007B681A68BB689A617B685A68BB68DA61F3
:10D7B0007B689A68BB685A627B685A69BB681A6062
:10D7C0007B689A69BB68DA607B68DA69BB685A6013
:10D7D0007B681A6ABB681A61BB685B6A002B06D05B
:10D7E000BB685B6A1800F2F799FC020000E00022B7
:10D7F000BB689A627B681A69BB68DA63012009F02A
:10D8000078FD0200BB685A63012009F072FD020036
:10D81000BB689A6300231800BD4604B080BDC046B3
:10D82000E7D4000890B5B5B000AFF8607A603B600F
:10D830000B203B180A1C1A70FA68B8235B00796841
:10D84000D1503968FA68B6235B00D150FA68B42326
:10D850005B000021D150FA68B2235B000021D15057
:10D86000FA68BA235B000021D154FB68A4210D4A59
:10D870005A50FB68C0210C4A5A503B181B780B4A7F
:10D8800010243819C0210DF053FAFA23DA0039199F
:10D89000FB68180002F0ABFD03001800BD4635B070
:10D8A00090BDC046B5E3000895FC000838000208AA
:10D8B00080B582B000AF78607A68B4235B00D3583B
:10D8C000002B10D07A68B4235B00D35818000CF0FA
:10D8D00067F87A68B4235B000021D1507A68B223DC
:10D8E0005B000021D1507A68B8235B000021D15041
:10D8F0007A68B6235B000021D1507B68A422002106
:10D9000099507B68C02200219950FA23DA0005491A
:10D910007B68180002F06BFD03001800BD4602B0E2
:10D9200080BDC0464C000208F0B5D3B002AF7860AD
:10D93000396087256D007B1900221A8080235A00E8
:10D940001D490C23FB1818000DF0D3FB4026FF36B1
:10D95000BC197D19194A0C23F9187868FA23DB00E1
:10D96000019388235B00FB1800932B0002F064FDF9
:10D9700003002370BB191B78002B02D0BB191B7846
:10D9800016E087235B00FB181B88002B01D10223C4
:10D990000EE088235B00FB181B6818000CF050FA9F
:10D9A0000300DAB23B681A704023FF33FB181B7880
:10D9B0001800BD4651B0F0BD5C0002086C000208C2
:10D9C00090B5B3B000AF786039603B68084A08246E
:10D9D0003819C0210DF0ACF9FA23DA0039197B6847
:10D9E000180002F004FD03001800BD4633B090BDDE
:10D9F0007800020880B582B000AF7860FA23DA00C0
:10DA000004497B68180002F0F2FC03001800BD46D0
:10DA100002B080BDA800020890B5B3B000AF786036
:10DA200039603B68084A08243819C0210DF080F994
:10DA3000FA23DA0039197B68180002F0D8FC0300D9
:10DA40001800BD4633B090BDCC000208F0B5D3B08D
:10DA500002AF78603960254BA02252009B18DB1979
:10DA600000221A8080235A0021491023FB18180035
:10DA70000DF03FFB4026FF36BC190E22BD181D4A93
:10DA80001023F9187868FA23DB00019388235B00E0
:10DA9000FB1800932B0002F0CFFC03002370BB198E
:10DAA0001B78002B02D0BB191B781BE00F4BA02268
:10DAB00052009B18DB191B88002B01D1022311E0B7
:10DAC000882464003B191B68180002F00DFE3B1906
:10DAD0001B683A681100180008F02BFE4023FF3342
:10DAE000FB181B781800BD4651B0F0BDCEFEFFFFFD
:10DAF0002C0102083C01020890B5B3B000AF786079
:10DB000039603B68084A08243819C0210DF010F923
:10DB1000FA23DA0039197B68180002F068FC030068
:10DB20001800BD4633B090BD4801020890B5B3B0AF
:10DB300000AF786039603B68084A08243819C02172
:10DB40000DF0F6F8FA23DA0039197B68180002F0B4
:10DB50004EFC03001800BD4633B090BD78010208AA
:10DB600090B5B7B002AFF86008007A6019000B24D6
:10DB70003B19021C1A700A203B180A1C1A703B1928
:10DB800019783B181B780B4A1024381901937B68CD
:10DB900000930B00C0210DF0CBF8FA23DA003919FD
:10DBA000FB68180002F023FC03001800BD4635B0E6
:10DBB00090BDC04610030208F0B5BBB006AFF860D8
:10DBC000080011007B600B243B19021C1A700A200C
:10DBD0003B180A1C1A703B191E783B181A78EC2364
:10DBE000FB181978F023FB181878E823FB181B782A
:10DBF0000D4D10243C190493039002917B6801930E
:10DC0000009233002A00C02120000DF091F8FA2381
:10DC1000DA0010243919FB68180002F0E8FB030051
:10DC20001800BD4635B0F0BD8803020880B582B04B
:10DC300000AF7860FA23DA0004497B68180002F02C
:10DC4000D6FB03001800BD4602B080BDF0030208F9
:10DC5000F0B5B9B002AFF860080011007B600B238B
:10DC6000FB18021C1A700A23FB180A1C1A70E82100
:10DC700008200B18DB191A68BE23DB009A4204D96E
:10DC8000BE23DB000A18D2191360EC2308201B18EE
:10DC9000DB191B68E8221218D21912681A60F021E9
:10DCA0000B18DB191A68FA23DB009A4204D2FA2314
:10DCB000DB000A18D21913600B23FB181C780A2307
:10DCC000FB181B781B491426B819E8250822AA1846
:10DCD000D21912680192009323000A00C0210DF0AE
:10DCE00027F8D723FC180823E918CA1915687A6899
:10DCF000B919F86801230193F0260823F618F619DC
:10DD0000336800932B0002F009FC03002370D72333
:10DD1000FB181B78002B06D0EC2308229B18DB197C
:10DD20001B6800221A60D723FB181B781800BD4619
:10DD300037B0F0BD08040208F0B5B9B002AFF86022
:10DD4000080011007B600B23FB18021C1A700A23C9
:10DD5000FB180A1C1A70E82108200B18DB191A6836
:10DD6000BE23DB009A4204D9BE23DB000A18D21975
:10DD70001360EC2308201B18DB191B68E82212181B
:10DD8000D21912681A60F0210B18DB191A68FA23ED
:10DD9000DB009A4204D2FA23DB000A18D21913607E
:10DDA0000B23FB181C780A23FB181B781B4914262D
:10DDB000B819E8250822AA18D2191268019200930E
:10DDC00023000A00C0210CF0B3FFD723FC1808235E
:10DDD000E918CA1915687A68B919F8680023019317
:10DDE000F0260823F618F619336800932B0002F08A
:10DDF00095FB03002370D723FB181B78002B06D05C
:10DE0000EC2308229B18DB191B6800221A60D72319
:10DE1000FB181B781800BD4637B0F0BD2804020877
:10DE200090B5B3B000AF78600A00FB1C1A70FB1C01
:10DE30001B78094A08243819C0210CF079FFFA230D
:10DE4000DA0039197B68180002F0D1FA03001800D3
:10DE5000BD4633B090BDC0462405020890B5B3B0AE
:10DE600000AF78600A00FB1C1A70FB1C1B78094A83
:10DE700008243819C0210CF05BFFFA23DA003919A5
:10DE80007B68180002F0B3FA03001800BD4633B0F7
:10DE900090BDC0467C05020890B5B3B000AF786075
:10DEA0000A00FB1C1A70FB1C1B78094A082438194D
:10DEB000C0210CF03DFFFA23DA0039197B68180005
:10DEC00002F095FA03001800BD4633B090BDC0467D
:10DED0009C05020890B5B7B002AFF8607A600B20DD
:10DEE0003B180A1C1A703B1819780A4A1024381972
:10DEF0007B6800930B00C0210CF01AFFFA23DA00B4
:10DF00003919FB68180002F072FA03001800BD46C8
:10DF100035B090BDBC050208F0B5C64600B5BAB034
:10DF200006AFF860B9607A60BB681B789846BB683A
:10DF300001331B781900BB6802331B781C00BB68D7
:10DF400003331B781D00BB6804331B781E00BB68BD
:10DF500005331B789C460F4A1023F8187B680593FD
:10DF60006346049303960295019400914346C021B1
:10DF70000CF0DEFEFA23DA001023F918FB68180013
:10DF800002F035FA03001800BD4634B080BCB84634
:10DF9000F0BDC046F4050208B0B58EB004AF78609D
:10DFA00039607B6889229200944663447B627B6A75
:10DFB0009B683B6208257B191E4A13CA13C303CA18
:10DFC00003C33B6A5B6B012252421100180009F047
:10DFD000A3FB7A6AB8235B003968D1503B68002202
:10DFE0001A607B6A4C3318007B6A191D7B6A9B6D33
:10DFF0007C1901220392FA22D200029201930E4B65
:10E00000009301232200FFF70DFB03001F257C195D
:10E01000180002F0C0F9030023703B6A586B00231C
:10E020000022002109F081F97B191B781800BD46F8
:10E030000AB0B0BD6C0602083006020880B588B090
:10E0400000AFF86008007A6019000A23FB18021C70
:10E050001A8008203B180A1C1A80FB68DB6BFB61E6
:10E06000FA69B8235B00D358BB613B181B88032BAC
:10E070003BD97B681B6818000BF0E2FE03007B6154
:10E080007B69042B31D8BB691B785BB21A007B69B2
:10E0900093422AD1BB695B687A69D2B21A707B68F5
:10E0A00004331B68180002F01FFB7B6804331868F8
:10E0B000BB695B6803331122190001F0F5FE7B6830
:10E0C00008331B6818000BF0BBFE0200BB695B68DD
:10E0D000D2B25A707B680C331B6818000BF0B0FE8C
:10E0E0000200BB695B68D2B29A7000231800BD467B
:10E0F00008B080BD80B588B000AFF86008007A60D5
:10E1000019000A23FB18021C1A8008203B180A1C5D
:10E110001A80FB68DB6BFB61FA69B8235B00D3589C
:10E12000BB613B181B88052B58D97B681B681800FE
:10E130000BF086FE03007B617B6804331B681800CC
:10E140000BF07EFE03003B617B69042B46D8BB6964
:10E150001B785BB21A007B6993423FD13B69042B69
:10E160003CD8BB695B785BB21A003B69934235D1FE
:10E17000BB695B683A69D2B21A707B6808331B6866
:10E18000180002F0B1FA7B6808331868BB695B6855
:10E1900002331122190001F087FE7B680C331B68E3
:10E1A00018000BF04DFE0200BB695B68D2B2DA7456
:10E1B0007B6810331B6818000BF042FE0200BB693D
:10E1C0005B68D2B21A757B6814331B6818000BF0B9
:10E1D00037FE0200BB695B68D2B25A700023180098
:10E1E000BD4608B080BD000090B593B000AFF860A8
:10E1F00008007A6019000A23FB18021C1A80082400
:10E200003B190A1C1A80FB68DB6B3B641423FB1868
:10E21000180026231A0000210CF028FF3A6CB823BE
:10E220005B00D358FB633B191B88022B00D8B4E07A
:10E23000FB6B1B68012B00D9AFE0FB6B1A68511C0C
:10E24000FB6B19603B243B191A707B681B68113308
:10E2500000221A707B6818683B191A7813009B001B
:10E260009B18DB009B1AFA6BD3180433190008F0D3
:10E2700060FA7B6804331B684A4A11001800F1F702
:10E2800043FF031E0CD13B191A78F96B13009B0056
:10E290009B18DB009B1ACB180A3300221A7054E03B
:10E2A0007B6804331B68404A11001800F1F72CFF0B
:10E2B000031E0DD13B23FB181A78F96B13009B004A
:10E2C0009B18DB009B1ACB180A3301221A703CE022
:10E2D0007B6804331B68354A11001800F1F714FFFE
:10E2E000031E0DD13B23FB181A78F96B13009B001A
:10E2F0009B18DB009B1ACB180A3302221A7024E009
:10E300007B6804331B682A4A11001800F1F7FCFEF1
:10E31000031E0DD13B23FB181A78F96B13009B00E9
:10E320009B18DB009B1ACB180A3303221A700CE0EF
:10E330003B23FB181A78F96B13009B009B18DB003A
:10E340009B1ACB180A33FF221A707B6808331B68AC
:10E350001422BA181000190026231A000CF0E6FF48
:10E3600000237B6416E07B6C05333B22BA181278DD
:10E3700014217918C85CF96B13009B009B18DB0013
:10E380009B1ACA187B6CD3180B33021C1A707B6C57
:10E3900001337B647B6C1F2BE5DD00231800BD4639
:10E3A00013B090BD80060208880602089006020895
:10E3B0009C060208F0B5EE4CA54400AFF860B960C9
:10E3C0007A60FB68E42464003A191360E94B8625FF
:10E3D000AD005B19DB191800A4231A0000210CF012
:10E3E00045FEE54B5B19DB19180021231A000021BB
:10E3F0000CF03CFE002385229200BA1813603B19F2
:10E400001B68002B01D101F01BFC3B191B689022FB
:10E410009B58002B01D101F013FCBB681B88002B1B
:10E4200001D101F00DFC7B681B68D44A1100180073
:10E43000F1F76AFE031E1CD17B6804331B681800C9
:10E440000BF0FEFC0200C821FF317B181A70C94B8B
:10E450005B19DB197A18372112785A543B191B685B
:10E4600090229B587A1DFF3211001720984701F027
:10E4700002FC7B681B68C24A11001800F1F744FED9
:10E48000031E00D08DE0BB681B88022B00D888E0FB
:10E490007B6804331B6818000BF0D2FC0200C82410
:10E4A000FF343B191A70B34B8626B6009B19DB1953
:10E4B0003A19372112785A547B6808331B681800C0
:10E4C00002F012F97B68083318683B191A781300B8
:10E4D0001B019B189B000933FF33E4256D007A195B
:10E4E0001268D3180633190008F023F93B191A787B
:10E4F00013001B019B189B000933FF337A19126824
:10E50000D31806330621180008F0DEF8031E01D0E8
:10E5100001F098FB3B191A787B191968D420130075
:10E520001B019B189B00CB181B1801221A703B196A
:10E530001A787B191968D52013001B019B189B00C2
:10E54000CB181B1820003A1912781A707B191B6817
:10E55000D0229B5C0133D9B27B191B68D02299541D
:10E560003B181A78834B9B19D9197B191868D0244A
:10E5700013001B019B189B00C3181B190222343186
:10E5800008009B18442219000CF0D0FE7B191B6870
:10E5900090229B587A1DFF3211001520984701F0F8
:10E5A0006AFB7B681B68774A11001800F1F7ACFD25
:10E5B000031E00D0A1E0BB681B88022B00D89CE0A2
:10E5C0007B6804331B6818000BF03AFC0200C82675
:10E5D000FF36BB191A70674B862292009B18DB1915
:10E5E000BA19372112785A54BB191A78E4246400F6
:10E5F0003B191968D42013001B019B189B00CB18F2
:10E600001B1800221A70BB191A7813001B019B18E3
:10E610009B000933FF3338190268D31806330622EA
:10E62000002118000CF022FDBB191A7813001B0101
:10E630009B189B00D03338190268D31806331A226E
:10E64000002118000CF012FDBB191A7813001B01F1
:10E650009B189B00E83338190268D31808331E2230
:10E66000002118000CF002FDBB191A783B1918683C
:10E670008A23590013001B019B189B00C3185B18C9
:10E6800000221A70BB191A783B191968D22013009E
:10E690001B019B189B00CB181B1800221A803B19EA
:10E6A0001B68D0229B5C013BD9B225003B191B683B
:10E6B000D0229954BB191A782E4B862189005B18F9
:10E6C000D9197B191868D02413001B019B189B00D3
:10E6D000C3181B190222343108009B184422190068
:10E6E0000CF024FE7B191B6890229B587A1DFF3288
:10E6F00011001620984701F0BEFA7B681B68224A79
:10E7000011001800F1F700FD031E00D09CE0BB686B
:10E710001B88022B00D897E07B6804331B68180025
:10E720000BF08EFB0300E02464003A1913607B6851
:10E7300008331B6818000BF083FB0300DE22520035
:10E74000B9180B60BB681B88032B29D13B191B68C8
:10E75000022B25D1BB181B68002B17D1E4235B00CB
:10E76000FB181B6890229B5800212A20984769E0DB
:10E77000E4FDFFFFECFEFFFFC8FEFFFFA806020856
:10E78000B4060208C0060208D0060208E4235B00B3
:10E79000FB181B6890229B5800212B20984751E0C2
:10E7A000BB681B88042B01D001F04EFADE256D00FA
:10E7B0007B191B68DAB2D14B8624A4001B19DB1924
:10E7C0001A707B680C331B6818000BF039FB0300D0
:10E7D000DAB2CA4B20001B18DB195A70E02464001F
:10E7E0003B191B68D9B2C54B1B18DA197B191B687A
:10E7F000D31806330A1C1A703B191B68002B0CD166
:10E80000E4235B00FB181B6890229B587A1DFF32A3
:10E8100011001D20984701F017FAE0235B00FB1858
:10E820001B68012B01D001F00FFAE4235B00FB18F9
:10E830001B6890229B587A1DFF3211001C209847BC
:10E8400001F002FA01F000FA7B681B68AC4A110083
:10E850001800F1F759FC031E55D1BB681B88032B28
:10E8600051D97B6808331B6818000BF0E9FA0300E4
:10E87000DAB2A24B8624A4001B19DB191A707B683C
:10E8800004331B6818000BF0DBFA02009B4B1B19CA
:10E89000DB191B781900D2B2984B1B19DB195B18D6
:10E8A0001A717B680C331B6818000BF0C9FA03005F
:10E8B000DAB2924B1B19DB195A70904B1B19DB19FA
:10E8C0001B781A008D4B1B19DB199B181B79002B29
:10E8D0000CD0E4235B00FB181B6890229B587A1D28
:10E8E000FF3211001E20984701F0C5F9E4235B00B8
:10E8F000FB181B6890229B587A1DFF3211001F20C5
:10E90000984701F0B8F97B681B687E4A110018002F
:10E91000F1F7FAFB031E00D099E1E4235B00FB183A
:10E920001A68B4235B00D358002B01D101F08EF993
:10E93000EFF30583D6225200B9180B60BB181B6891
:10E94000002B05D10023D4225200BA18136004E032
:10E950000123D4225200BA181360D4235B00FB18A1
:10E960001B68002B03D009F0B7FC030002E009F09C
:10E97000A5FC0300DC2040003A181360E4214900A4
:10E980007B181A68B2235B00D358092B00D939E1F0
:10E990007B181A68BA235B00D35C002B00D031E1EE
:10E9A0007B181A68BC235B00D3583A181268D31A34
:10E9B000554A934200D925E1544B8624A4001B19E3
:10E9C000DB19180006231A0000210CF04FFB7B68AE
:10E9D00004331B68180001F087FE7B6804331B6852
:10E9E000D8257A191100180007F0A3FE7B1906211B
:10E9F000180007F069FE031E01D001F029F97B68B9
:10EA000008331B6818000BF01BFA0300DA225200CF
:10EA1000BA1813603E4B1B19DB19180064231A0047
:10EA200000210CF023FB7B680C331B681B78002B48
:10EA300008D07B680C3319681023FB186322180078
:10EA40000CF057FB334B862292009B18DB19180001
:10EA500064231A0000210CF009FB7B6810331B684B
:10EA60001B78002B08D07B68103319687423FB18BF
:10EA7000632218000CF03DFB7B6814331B68180000
:10EA80000BF0DEF90300D8225200BA1813600023FD
:10EA900084229200BA1813601EE0E4235B00FB1886
:10EAA0001A68B4235B00D1588424A4003B191A6867
:10EAB00013001B019B189B00CB183C331900D82373
:10EAC000FB18062218000CF0B1FA031E24D03B19E3
:10EAD0001B6801333A191360E4235B00FB181A68C2
:10EAE000B2235B00D358842189007A1812689A42B5
:10EAF00013D27B181B68092BCFD90EE0ECFEFFFF69
:10EB0000DC060208EC06020888130000C0FEFFFFC6
:10EB1000F8FDFFFF5CFEFFFFC0468425AD007B19BA
:10EB20001B68092B00D98FE0E42040003B181A68CD
:10EB3000B4235B00D1587B191A6813001B019B1882
:10EB40009B00CB18DA225200BA18126812B21A804F
:10EB500004003B191B686533FF3319007B191A68E1
:10EB60001023FB18180001F0DAF93B191B68653314
:10EB7000FF3319007B191A687423FB18180001F081
:10EB8000CEF93B191A68B2235B00D3587A19126880
:10EB90009A4259D13B191A68B4235B00D1587B19AA
:10EBA0001A6813001B019B189B00CB183C331A00FA
:10EBB000E94B862189005B18DB1910001900062338
:10EBC0001A000CF0B3FB3B191A68B4235B00D15850
:10EBD0007B191A6813001B019B189B00CB18D822C5
:10EBE0005200BA181268D1B2422299543B191A68DD
:10EBF000B2235B00D358591C3B191A68B2235B003F
:10EC0000D15021E0E42040003B181B6890229B5823
:10EC1000002B01D101F01EF83B181A68BA235B00E3
:10EC2000D35C002B01D001F015F83B181A68BA2309
:10EC30005B000121D1543B181B6890229B58002196
:10EC40002920984701F006F8C04601F003F87B68D8
:10EC50001B68C24A11001800F1F756FA031E00D0D3
:10EC6000DFE07B6804331B6818000BF0E9F8030051
:10EC7000D9B2BB4B8624A4001B19DB193722995447
:10EC80007B6808331B6818000BF0DAF80300D9B270
:10EC9000B34B1B19DB19782299547B680C331B6822
:10ECA00018000BF0CDF80300D9B2AD4B1B19DB19DE
:10ECB0008C229954002383229200BA18136037E003
:10ECC0007B6810331A68852189007B181B68D3186C
:10ECD0001B78002B33D07B6810331A687B181B68B5
:10ECE000D3181B782D2B04D17B181B6801337A189D
:10ECF00013607B6810331A68852080003B181B68FE
:10ED0000D3181978974B862292009B18DA1983241E
:10ED1000A4003B191B68D3180A1C1A703B181B6807
:10ED200001333A1813603B191B6801333A19136019
:10ED300083239B00FB181B681F2BC1DD00E0C0462E
:10ED40007B1DFF338E331900E023FB1811221800BE
:10ED500001F0AAF8824B862292009B18DB198D22C3
:10ED600000219954022382229200BA1813601CE0F9
:10ED70007B4B862080001B18DA198E2182239B0092
:10ED8000FB181B68D3185B181B78002B06D0744B3C
:10ED90001B18DB198D22022199540CE0822292006B
:10EDA000BB181B680133BA18136082239B00FB1841
:10EDB0001B68102BDCDD7B6814331B6818000BF01C
:10EDC0003FF80300D9B2664B8624A4001B19DB1957
:10EDD0009F2299547B6818331B6818000BF030F899
:10EDE0000300D9B25E4B1B19DB19A12299547B6831
:10EDF0001C331B6818000BF023F80300D9B2584BE2
:10EE00001B19DB19A2229954E4235B00FB181B6831
:10EE100090229B587A1DFF3211001B20984700F06A
:10EE20002AFF7B681B68504A11001800F1F76CF943
:10EE3000031E00D0C3E07B6804331B6818000AF08F
:10EE4000FFFF0300D9B2464B8624A4001B19DB192F
:10EE5000372299547B6808331B6818000AF0F0FFCA
:10EE60000300D9B23E4B1B19DB19782299540023B9
:10EE700081229200BA18136037E07B680C331A685D
:10EE8000852189007B181B68D3181B78002B33D091
:10EE90007B680C331A687B181B68D3181B782D2BE2
:10EEA00004D17B181B6801337A1813607B680C331C
:10EEB0001A68852080003B181B68D3181978294BE5
:10EEC000862292009B18DA198124A4003B191B6842
:10EED000D3180A1C1A703B181B6801333A181360C8
:10EEE0003B191B6801333A19136081239B00FB18FF
:10EEF0001B681F2BC1DD00E0C0467B1DFF337B3349
:10EF00001900E023FB181122180000F0CDFF144B6C
:10EF1000862292009B18DB197A2200219954022341
:10EF200080229200BA18136027E00D4B86208000E3
:10EF30001B18DA197B2180239B00FB181B68D31850
:10EF40005B181B78002B11D0054B1B18DB197A229C
:10EF50000221995417E0C046C0FEFFFFF4060208E4
:10EF6000ECFEFFFFC8FEFFFFFC06020880229200B5
:10EF7000BB181B680133BA18136080239B00FB1871
:10EF80001B68102BD1DD7B6810331B6818000AF05A
:10EF900057FF0300D9B2DF4B862292009B18DB1982
:10EFA00079229954E4235B00FB181B6890229B583C
:10EFB0007A1DFF3211001A20984700F05CFE7B6832
:10EFC0001B68D54A11001800F1F79EF8031E2BD1DB
:10EFD000BB681B88022B27D97B6804331B68180089
:10EFE0000AF02EFF0300D9B2CA4B8624A4001B19D5
:10EFF000DB19372299547B6808331B6818000AF024
:10F000001FFF03009AB2C34B1B19DB191A81E423BB
:10F010005B00FB181B6890229B587A1DFF32110081
:10F020002120984700F027FE7B681B68BB4A11002F
:10F030001800F1F769F8031E00D0F2E0BB681B88E6
:10F04000092B00D8EDE00023FE225200BA1813600D
:10F0500020E0FE2464003B191B6801339B007A68A2
:10F06000D3181B681022002118000BF007F80300CA
:10F07000D8B2A84B862292009B18DA1970213B194E
:10F080001B68D3185B18021C1A703B191B680133EC
:10F090003A191360FE235B00FB181B68052BD8DDB3
:10F0A0007B1DFF3370330621180007F00DFB031E94
:10F0B00001D000F0D1FD974B862292009B18DB19FE
:10F0C0003722FF2199540023FC225200BA18136002
:10F0D0002AE0FC2464003B191A6813001B019B18EA
:10F0E0009B000933FF33E4225200BA181268D31888
:10F0F000991D7B1DFF337033062218000BF096FF1D
:10F10000031E0AD13B191B68D9B2824B862292009A
:10F110009B18DB19372299540CE0FC225200BB18D3
:10F120001B680133BA181360FC235B00FB181B68D3
:10F13000012BCEDD7B681C331B68794A1100180057
:10F14000F0F7E2FF031E08D1724B862292009B1853
:10F15000DB1976220021995440E07B681C331B6840
:10F16000704A11001800F0F7CFFF031E08D1694B59
:10F17000862292009B18DB197622012199542DE0FA
:10F180007B681C331B68684A11001800F0F7BCFF4D
:10F19000031E08D15F4B862292009B18DB19762252
:10F1A000022199541AE07B681C331B685F4A1100E6
:10F1B0001800F0F7A9FF031E08D1564B86229200D3
:10F1C0009B18DB1976220321995407E0514B8622C4
:10F1D00092009B18DB197622FF2199547B68243317
:10F1E0001B6818000AF02CFE03001A00494B862108
:10F1F00089005B18DB19DA60464B5B18DB19DB68AA
:10F20000002B01D100F02AFDE4235B00FB181B68F2
:10F2100090229B587A1DFF3211002820984700F059
:10F220001DFD7B681B68424A11001800F0F76CFF57
:10F23000031E00D0ECE0BB681B88072B00D8E7E07A
:10F240000023FA225200BA18136020E0FA24640066
:10F250003B191B6801339B007A68D3181B68102286
:10F26000002118000AF00AFF0300D8B2294B8622B9
:10F2700092009B18DA1970213B191B68D3185B1890
:10F28000021C1A703B191B6801333A191360FA23E8
:10F290005B00FB181B68052BD8DD7B1DFF3370332B
:10F2A0000621180007F010FA031E01D000F0D8FC68
:10F2B000184B862292009B18DB193722FF219954A4
:10F2C0000023F8225200BA1813603AE0F8246400D0
:10F2D0003B191A6813001B019B189B000933FF336D
:10F2E000E4225200BA181268D318991D7B1DFF330F
:10F2F0007033062218000BF099FE031E1AD13B1939
:10F300001B68D9B2034B862292009B18DB19372267
:10F3100099541CE0ECFEFFFF0007020808070208F2
:10F320008006020888060208900602089C06020869
:10F3300018070208F8225200BB181B680133BA18DC
:10F340001360F8235B00FB181B68012BBEDD7B6894
:10F350001C331B68DD4A11001800F0F7D5FE031EB0
:10F3600008D1DB4B862292009B18DB197622002104
:10F37000995440E07B681C331B68D64A1100180082
:10F38000F0F7C2FE031E08D1D14B862292009B18D3
:10F39000DB197622012199542DE07B681C331B6810
:10F3A000CD4A11001800F0F7AFFE031E08D1C84B7C
:10F3B000862292009B18DB197622022199541AE0CA
:10F3C0007B681C331B68C54A11001800F0F79CFECF
:10F3D000031E08D1BE4B862292009B18DB197622B1
:10F3E0000321995407E0BA4B862292009B18DB193F
:10F3F0007622FF219954E4235B00FB181B689022BE
:10F400009B587A1DFF3211002620984700F033FCEC
:10F410007B681B68B24A11001800F0F775FE031EE6
:10F4200026D1BB681B88012B22D97B6804331B685B
:10F4300018000AF005FD03001A00A54B862189007B
:10F440005B18DB19DA60A24B5B18DB19DB68002B59
:10F4500001D100F007FCE4235B00FB181B6890223D
:10F460009B587A1DFF3211002720984700F0FAFBC5
:10F470007B681B689B4A11001800F0F745FE031ECD
:10F4800000D00EE1BB681B88092B00D809E10023DE
:10F49000F6225200BA18136020E0F62464003B19EB
:10F4A0001B6802339B007A68D3181B681022002166
:10F4B00018000AF0E3FD0300D8B2854B86229200C3
:10F4C0009B18DA1970213B191B68D3185B18021CB2
:10F4D0001A703B191B6801333A191360F6235B005D
:10F4E000FB181B68052BD8DD7B1DFF33703306210D
:10F4F000180007F0E9F8031E01D000F0B5FB744BCB
:10F50000862292009B18DB193722FF219954002391
:10F51000F4225200BA1813602AE0F42464003B1964
:10F520001A6813001B019B189B000933FF33E42268
:10F530005200BA181268D318991D7B1DFF3370331F
:10F54000062218000BF072FD031E0AD13B191B683E
:10F55000D9B25F4B862292009B18DB19372299544F
:10F560000CE0F4225200BB181B680133BA18136078
:10F57000F4235B00FB181B68012BCEDD7B68203376
:10F580001B68524A11001800F0F7BEFD031E08D197
:10F590004F4B862292009B18DB197622002199544A
:10F5A00040E07B6820331B684A4A11001800F0F7DE
:10F5B000ABFD031E08D1464B862292009B18DB1937
:10F5C0007622012199542DE07B6820331B68424A42
:10F5D00011001800F0F798FD031E08D13C4B86225D
:10F5E00092009B18DB197622022199541AE07B685D
:10F5F00020331B68394A11001800F0F785FD031EFF
:10F6000008D1334B862292009B18DB197622032106
:10F61000995407E02E4B862292009B18DB19762224
:10F62000FF2199547B6828331A682F4B8621890063
:10F630005B18DB191800110021231A000BF076FE6D
:10F640000023F2225200BA18136018E0F2204000A2
:10F650003B181B680133244A8624A4001219D219CE
:10F66000D15C1B4B1B19DA193B181B68D3181033DC
:10F670000A1C1A703B181B6801333A181360F223F6
:10F680005B00FB181B681F2BE0DDE4235B00FB180D
:10F690001B6890229B587A1DFF3211002320984747
:10F6A000E9E27B681B68114A11001800F0F72CFD95
:10F6B000031E00D0ECE0BB681B88072B00D8E7E0F6
:10F6C0000023F0225200BA18136032E080060208CC
:10F6D000ECFEFFFF88060208900602089C0602085E
:10F6E0002807020838070208C8FEFFFF4C07020877
:10F6F000F02464003B191B6801339B007A68D3181F
:10F700001B681022002118000AF0B8FC0300D8B2D0
:10F71000DC4B862292009B18DA1970213B191B687A
:10F72000D3185B18021C1A703B191B6801333A1975
:10F730001360F0235B00FB181B68052BD8DD7B1DD5
:10F74000FF3370330621180006F0BEFF031E00D001
:10F750008CE2CC4B862292009B18DB193722FF21CA
:10F7600099540023EE225200BA1813602AE0EE24C6
:10F7700064003B191A6813001B019B189B00093396
:10F78000FF33E4225200BA181268D318991D7B1D6A
:10F79000FF337033062218000BF048FC031E0AD119
:10F7A0003B191B68D9B2B74B862292009B18DB1914
:10F7B000372299540CE0EE225200BB181B6801332B
:10F7C000BA181360EE235B00FB181B68012BCEDD1B
:10F7D0007B681C331B68AC4A11001800F0F794FCDE
:10F7E000031E08D1A74B862292009B18DB197622B4
:10F7F0000021995440E07B681C331B68A34A110028
:10F800001800F0F781FC031E08D19E4B862292005F
:10F810009B18DB197622012199542DE07B681C335B
:10F820001B689B4A11001800F0F76EFC031E08D1FC
:10F83000944B862292009B18DB1976220221995460
:10F840001AE07B681C331B68924A11001800F0F71D
:10F850005BFC031E08D18B4B862292009B18DB19A0
:10F8600076220321995407E0864B862292009B184A
:10F87000DB197622FF219954E4235B00FB181B68F7
:10F8800090229B587A1DFF32110022209847F2E106
:10F890007B681B68804A11001800F0F735FC031ED6
:10F8A00000D0DAE0BB681B88072B00D8D5E0002326
:10F8B000EC225200BA18136020E0EC2464003B19DB
:10F8C0001B6801339B007A68D3181B681022002143
:10F8D00018000AF0D3FB0300D8B26A4B86229200CC
:10F8E0009B18DA1970213B191B68D3185B18021C8E
:10F8F0001A703B191B6801333A191360EC235B0043
:10F90000FB181B68052BD8DD7B1DFF3370330621E8
:10F91000180006F0D9FE031E00D0A9E1594B86223B
:10F9200092009B18DB193722FF2199540023EA2209
:10F930005200BA1813602AE0EA2464003B191A68DE
:10F9400013001B019B189B000933FF33E422520074
:10F95000BA181268D318991D7B1DFF337033062225
:10F9600018000BF063FB031E0AD13B191B68D9B2C8
:10F97000444B862292009B18DB19372299540CE0E5
:10F98000EA225200BB181B680133BA181360EA233D
:10F990005B00FB181B68012BCEDD7B681C331B68EA
:10F9A000394A11001800F0F7AFFB031E08D1354BA0
:10F9B000862292009B18DB1976220021995440E0A0
:10F9C0007B681C331B68314A11001800F0F79CFB60
:10F9D000031E08D12B4B862292009B18DB1976223E
:10F9E000012199542DE07B681C331B68284A1100C3
:10F9F0001800F0F789FB031E08D1224B86229200E3
:10FA00009B18DB197622022199541AE07B681C337B
:10FA10001B68204A11001800F0F776FB031E08D17E
:10FA2000184B862292009B18DB19762203219954E9
:10FA300007E0144B862292009B18DB197622FF21E7
:10FA40009954E4235B00FB181B6890229B587A1D95
:10FA5000FF321100242098470DE17B681B680F4A94
:10FA600011001800F0F750FB031E00D003E1BB6843
:10FA70001B88072B00D8FEE00023E8225200BA18AA
:10FA800013602EE0ECFEFFFF8006020888060208E5
:10FA9000900602089C0602085C0702086C07020830
:10FAA000E82464003B191B6801339B007A68D31873
:10FAB0001B681022002118000AF0E0FA0300D8B2F7
:10FAC0006F4B862292009B18DA1970213B191B6834
:10FAD000D3185B18021C1A703B191B6801333A19C2
:10FAE0001360E8235B00FB181B68052BD8DD7B1D2A
:10FAF000FF3370330621180006F0E6FD031E00D028
:10FB0000B8E05F4B862292009B18DB193722FF2159
:10FB100099540023E6225200BA1813602AE0E62422
:10FB200064003B191A6813001B019B189B000933E2
:10FB3000FF33E4225200BA181268D318991D7B1DB6
:10FB4000FF337033062218000BF070FA031E0AD13F
:10FB50003B191B68D9B24A4B862292009B18DB19CD
:10FB6000372299540CE0E6225200BB181B6801337F
:10FB7000BA181360E6235B00FB181B68012BCEDD6F
:10FB80007B681C331B683F4A11001800F0F7BCFA71
:10FB9000031E08D13A4B862292009B18DB1976226D
:10FBA0000021995440E07B681C331B68364A1100E1
:10FBB0001800F0F7A9FA031E08D1314B86229200F3
:10FBC0009B18DB197622012199542DE07B681C33A8
:10FBD0001B682E4A11001800F0F796FA031E08D190
:10FBE000274B862292009B18DB197622022199541A
:10FBF0001AE07B681C331B68254A11001800F0F7D7
:10FC000083FA031E08D11E4B862292009B18DB1933
:10FC100076220321995407E0194B862292009B1803
:10FC2000DB197622FF219954E4235B00FB181B6843
:10FC300090229B587A1DFF321100252098471AE028
:10FC4000C04618E0C04616E0C04614E0C04612E0C8
:10FC5000C04610E0C0460EE0C0460CE0C0460AE0D8
:10FC6000C04608E0C04606E0C04604E0C04602E0E8
:10FC7000C04600E0C046BD4687239B009D44F0BDC2
:10FC8000ECFEFFFF800602088806020890060208C4
:10FC90009C060208B0B5B4B000AFF860B960BB1DF7
:10FCA0001A80BB68DB6BCC22B9180B60BB181B68D1
:10FCB0007C4A94466344C822BA18136018257B19FD
:10FCC0001800A4231A0000210BF0D0F9BB68DA6AEF
:10FCD000BB1D1B88D318C4243A191360BB68DA6AA9
:10FCE000BB681B6BD31800221A701423F9183B1938
:10FCF0001B680A2218000AF033F90300D9B27B19F5
:10FD0000372299547B693A1912689A4203D07B6969
:10FD10001B782C2B02D016235B42BFE07B6901339A
:10FD20007B61FB68182B02D0FB68192B38D17B69EB
:10FD30001422B9180A2218000AF012F90300DAB2E4
:10FD40001823FB181A707B69C422BA1812689A42E9
:10FD500003D07B691B782C2B02D016235B429DE0DD
:10FD60007B6901337B617B691422B9180A22180070
:10FD70000AF0F6F80300DAB21823FB185A707B6910
:10FD8000C422BA1812689A4203D07B691B782C2BC4
:10FD900002D016235B4281E07B6901337B611EE068
:10FDA000FB68202B1BD17B691422B9180A2218008A
:10FDB0000AF0D6F803009AB21823FB185A807B6920
:10FDC000C422BA1812689A4203D07B691B782C2B84
:10FDD00002D016235B4261E07B6901337B617B6962
:10FDE0001422B9180A2218000AF0BAF80300C02237
:10FDF000BA1813607B69C422BA1812689A4202D1F9
:10FE000016235B424AE07B691B782C2B04D1C0236C
:10FE1000FB181B68002B04D17A69BB68DB6AD31A14
:10FE20003CE07B6901337B617A69BB68DB6AD31A8A
:10FE300099B2C0203B181B689AB2BE243B198A189D
:10FE40001A80BB681A6B3B191B889A4224D3C825B9
:10FE50007B191A68B8235B00D358796904003A18F3
:10FE6000126818000BF062FA18217B183A19126810
:10FE70001A637B191B6890229B58002B08D07B19B2
:10FE80001B6890229B58FA68D2B2791810009847E4
:10FE9000BE23FB181B8801E00B235B421800BD4604
:10FEA00034B0B0BDDCFDFFFF90B587B000AFF860A7
:10FEB000B9607A60FB681800F0F730F903003B6125
:10FEC00000237B611EE07B695B00FA68D3181B7816
:10FED000180006F086FC03001B01DCB27B695B00A6
:10FEE0000133FA68D3181B78180006F07AFC030077
:10FEF0001900BA687B69D3186218D2B21A707B698C
:10FF000001337B613B695B087A699A4203D27A6963
:10FF10007B689A42D7D3C046BD4607B090BDB0B506
:10FF20008AB000AFF860B9607A602223FB18002223
:10FF30001A80FB68002B00D18CE0FB68FB61FB6939
:10FF400002331B787B6281E022257B191B885B00D2
:10FF50001A00FB699B181B78180006F042FC03008E
:10FF60001C017B191B885B000133FA69D3181B78CD
:10FF7000180006F036FC0300E318BB617B191B88F0
:10FF80005B000233FA69D3181B78180006F029FCCD
:10FF900003001C017B191B885B000333FA69D3182B
:10FFA0001B78180006F01DFC0300E3187B617B69D9
:10FFB000FF2B09D07B69FF2B33D87B69012B32D013
:10FFC0007B69092B17D02CE02223FB181B885B00D0
:10FFD0000433FA69D018BB6859687A6813001B01AA
:10FFE0009B189B00CB181E331900BB69013B1A00FC
:10FFF000FFF75AFF18E02223FB181B885B0004332D
:020000040801F1
:10000000FA69D018BB6859687A6813001B019B18FD
:100010009B00CB18191DBB69013B1A00FFF744FF79
:1000200002E0C04600E0C046BB699AB222217B18BC
:100030001B88D3189AB27B1801321A807B181B8850
:100040005B001A00FB699B181B787B627B6A002BA4
:1000500000D079E7C046BD460AB0B0BD90B589B0C2
:1000600004AFF860B9607A603B603C687A68B96850
:10007000F86800230393BB6A02937B6A01933B6A8F
:1000800000932300FDF7CEFA03001800BD4605B02B
:1000900090BD80B582B000AF786039607B681B6826
:1000A00039687A6810009847C046BD4602B080BDE6
:1000B00090B591B002AF786001235B427B637B68AF
:1000C00089229200944663443B6308243B1918003C
:1000D00024231A0000210AF0C9FF3B6B64331A0085
:1000E0003B191A603B19802252005A603B19794A29
:1000F0009A603B193A6B1A613B19774A5A613B196E
:1001000002229A613B19754ADA613B190C221A6284
:1001100003220021012007F078F802003B6B9A656A
:100120003B6B9B6D002B00D184E00322002101205A
:1001300007F06BF802003B6BDA653B6BDB6D002B65
:1001400000D179E003220021012007F05EF80200CF
:100150003B6B5A653B6B5B6D002B6FD0BE23DB00A6
:10016000180009F06DFB02003B6B9A633B6B9B6BC5
:10017000002B65D03B6B181D3B6B0C333A191900F3
:10018000FDF7D8FA03007B637B6B002B5ADB3B6BDC
:100190004C33180000F0C8FA03007B637B6B002B24
:1001A00052DB3B6B3C6B802292004D494D480193E2
:1001B00036230093230007F0A9FD0300FB62FB6ACE
:1001C000012B0ED048497023FF331A00474B009390
:1001D0000B000121012005F0F7FF01235B427B6347
:1001E00033E03B6BDB6DFA2212011100180007F0BF
:1001F00093FA0300FB62FB6A012B0ED03A49782385
:10020000FF331A003A4B00930B000121012005F047
:10021000DBFF01235B427B6317E0FA23DA003549F9
:100220007B68180000F0E3F87B6B180000F0B3F86F
:1002300003004BE0C04608E0C04606E0C04604E0CC
:10024000C04602E0C04600E0C0463B6B9B6B002B03
:1002500007D03B6B9B6B180009F0A2FB3B6B0022A5
:100260009A633B6B9B6D002B07D03B6B9B6D18001B
:1002700007F030FB3B6B00229A653B6BDB6D002B7C
:1002800007D03B6BDB6D180007F024FB3B6B0022B3
:10029000DA653B6B5B6D002B07D03B6B5B6D180029
:1002A00007F018FB3B6B00225A653B6B1B68002B69
:1002B00007D03B6B1B68180007F07EFE3B6B0022EB
:1002C0001A607B6B180000F066F803001800BD464A
:1002D0000FB090BD80070208BC2F0208E42F02086F
:1002E0001C080208B50701082C0802083C0802088F
:1002F0005C0802087808020880B584B000AF786016
:100300007B688922920094466344FB60FB684C330F
:10031000180000F033FAFB689B6B002B07D0FB68DA
:100320009B6B180009F03CFBFB6800229A63FB689A
:100330009B6D002B07D0FB689B6D180007F0CAFA75
:10034000FB6800229A65FB68DB6D002B07D0FB6819
:10035000DB6D180007F0BEFAFB680022DA65FB6867
:100360005B6D002B07D0FB685B6D180007F0B2FADD
:10037000FB6800225A65FB681B68002B07D0FB68EE
:100380001B68180007F018FEFB6800221A60C046C0
:10039000BD4604B080BD80B584B000AF78607B6896
:1003A000002B09D07B68002B15DC7B68743308D0E8
:1003B0007B6805330AD00EE00F23FB1800221A7069
:1003C0000EE00F23FB1803221A7009E00F23FB181D
:1003D00004221A7004E00F23FB1802221A70C04690
:1003E0000F23FB181B781800BD4604B080BD80B5F4
:1003F0008AB004AFF860B9607A60FB688922920025
:10040000944663447B617B694C3318007B69191DFA
:100410007B699B6D7A6802920193BB68009300230D
:100420000022FFF71BFE03001800FFF7B4FF0300D4
:100430001800BD4606B080BDB0B590B004AFF860FE
:10044000B9607A603B60FB688922920094466344FD
:10045000FB62FB6A9B68BB6227257B1902221A702C
:10046000BB6A5B6B012252421100180007F054F97D
:10047000FA6AB8235B00B968D150FA6AB2235B000C
:100480003968D150FA6AB4235B00396CD15010241A
:100490003B19204A1A603B197A685A603B191E4A78
:1004A0009A607B681800EFF739FE03009AB23B1997
:1004B0009A813B190122DA813B190B221A823B19DE
:1004C00000229A74FB6A4C331800FB6A191DFB6A00
:1004D0009B6D3C19012203927A6C02920193BB68D6
:1004E000009301232200FDF79DF803007C191800FA
:1004F000FFF751FF03002370BB6A586B00230022F3
:10050000002106F012FF7B191B781800BD460CB0C5
:10051000B0BDC0464508010880080208F0B58DB09E
:1005200004AFF860B9607A603B60FB688922920092
:10053000944663447B610023BB617B691B6C012291
:1005400052421100180007F0E7F87B695B6D00214B
:10055000180007F0E1F87B694C331D007B691E1D14
:100560007B699C6D3C23FB181B78002B0ED0BA6B6B
:1005700013005B019B1A9B009B18DB001A00FA23F7
:1005800099001000EFF7E6FD030000E00023504A59
:100590000521039102930194BB680093022331006B
:1005A0002800FDF73FF80300FB61FB69002B08DA28
:1005B000484B0093002300220021042005F004FE94
:1005C0006EE07B699B6D0021180007F0A5F83B6881
:1005D00099B27A69B6235B00D1527B695B6D3E4A62
:1005E0001100180007F098F80300012B1DD03B4BB9
:1005F0000093002300220021042005F0E5FD742370
:100600005B42FB614CE0BB693A68D31A3B617B6992
:100610004C331800BB697A68D3183A691900FCF7A3
:10062000F0FF0200BB699B18BB61BB693A689A4244
:10063000E9D87B699C6DBA6B13005B019B1A9B0028
:100640009B18DB001A00FA2399001000EFF782FDD7
:1006500003001900200007F05FF80300012B0BD006
:100660001F4B0093002300220021042005F0ACFD65
:1006700074235B42FB6113E07B690C331800FCF7C9
:100680005CFF0300FB61FB69002B08D0154B009356
:10069000002300220021042005F096FD00E0C04662
:1006A0007B690C331800002300220021FCF768FF4F
:1006B0007B69186C00230022002106F036FEFB69DE
:1006C0001800FFF768FE03001800BD4609B0F0BD32
:1006D000D430020884080208881300009C0802082D
:1006E000B4080208C808020880B584B000AF78607A
:1006F0007B681800EFF712FD0300FB60FB68012B1D
:100700000DDDFB68013B7A68D31800221A707B6804
:10071000591CFA687B6818000AF096FC00E0C04695
:10072000BD4604B080BD000080B582B000AF7860E7
:100730007B68002B02D116235B4217E005F022FCF8
:10074000031E02D001235B4210E000221021002092
:1007500005F042FC031E02D001235B4206E07B68E9
:10076000044A1A607B68044A5A6000231800BD4698
:1007700002B080BD03080108D307010880B582B02C
:1007800000AF78607B68002B02D116235B420DE03E
:1007900005F014FC031E02D001235B4206E07B68D7
:1007A00000221A607B6800225A6000231800BD46B0
:1007B00002B080BD80B584B000AF78607B68FB601C
:1007C000FB681A1DFB684C3319001000FFF761FC31
:1007D000F6E780B584B000AFF860B9607A607B68F6
:1007E000002B01D1002308E07B689AB2FA23DB00DA
:1007F000B968002005F022FC03001800BD4604B0D3
:1008000080BD80B586B000AFF860B9607A603B60AB
:100810007B689AB201235B42B968002005F046FC70
:1008200003007B617B69002B04DA3B6800221A60BD
:100830007B6903E07A693B681A6000231800BD46B3
:1008400006B080BD90B589B000AFF86008007A604E
:1008500019000A23FB18021C1A8008203B180A1CE6
:100860001A80FB68DB6BBB61BA69B8235B00D258A6
:10087000BB696433D31A7B6101007B181B88264A4D
:10088000944663449B007A68D3181A68BB69643342
:10089000D31A1C007B181B881F4A944663449B0094
:1008A0007A68D3181B681800EFF738FC0300E318C8
:1008B00001333B61BA69B8235B00D058BB6964332C
:1008C0003A6919000AF032FD0023FB6111E0FB696F
:1008D0009B007A68D31819687A69B869B4235B00F9
:1008E000C058FB699B00C3188A181A60FB69013362
:1008F000FB6108217B181B88FA699A42E7DBBA6919
:10090000B2235B00D3587A1812881A80002318008B
:10091000BD4609B090BDC046FFFFFF3F90B587B010
:1009200000AFF86008007A6019000A243B19021C25
:100930001A800823FB180A1C1A80FB68DB6B7B619A
:100940007B69586D00230022002106F0EEFC3B1964
:100950001B881800BD4607B090BD80B586B000AFBB
:10096000F86008007A6019000A23FB18021C1A803C
:1009700008203B180A1C1A80FB68DB6B7B61002394
:100980003B613B181B88002B1CD07B681B68180040
:1009900009F056FA03003B617A69B6235B00D35A2B
:1009A0001A003B69934207D005235A42FB681100A5
:1009B0001800FCF7D2FD0CE0FB6800211800FCF7E2
:1009C000CCFD06E005235A42FB6811001800FCF735
:1009D000C4FD7B69986D00230022002106F0A5FC70
:1009E00000231800BD4606B080BD80B586B000AFBC
:1009F000F86008007A6019000A23FB18021C1A80AC
:100A00000823FB180A1C1A80FB68DB6B7B61FB6800
:100A100000211800FCF7A1FD7B69986D00230022DE
:100A2000002106F082FC00231800BD4606B080BD00
:100A300080B586B000AFF86008007A6019000A231C
:100A4000FB18021C1A800823FB180A1C1A80FB687A
:100A5000DB6B7B6105235A42FB6811001800FCF731
:100A60007CFD7B69986D00230022002106F05DFC6F
:100A700000231800BD4606B080BD80B586B000AF2B
:100A8000F86008007A6019000A23FB18021C1A801B
:100A90000823FB180A1C1A80FB68DB6B7B617B69EF
:100AA000D86D00230022002106F03FFC002318002F
:100AB000BD4606B080BD000080B586B000AFF860CE
:100AC00008007A6019000A23FB18021C1A8008200B
:100AD0003B180A1C1A80FB68DB6B7B617B690A4A46
:100AE000944663443B613B69A8229B58002B06D087
:100AF0003B69A8229B587A683918386998470023BF
:100B00001800BD4606B080BDDCFDFFFF80B586B095
:100B100000AFF86008007A6019000A23FB18021C75
:100B20001A8008203B180A1C1A80FB68DB6B7B616B
:100B30007B690A4A944663443B613B69CC229B58DB
:100B4000002B06D03B69CC229B587A68391838694B
:100B5000984700231800BD4606B080BDDCFDFFFFAE
:100B600080B586B000AFF86008007A6019000A23EB
:100B7000FB18021C1A8008203B180A1C1A80FB680C
:100B8000DB6B7B617B690A4A944663443B613B694A
:100B9000A4229B58002B06D03B69A4229B587A685C
:100BA00039183869984700231800BD4606B080BD43
:100BB000DCFDFFFF90B587B000AFF86008007A60F9
:100BC00019000A243B19021C1A800823FB180A1C6E
:100BD0001A80FB68DB6B7B617B690C4A944663443B
:100BE0003B613B69C0229B58002B09D03B69C02266
:100BF0009B583A191288F96819209847030000E0B9
:100C000000231800BD4607B090BDC046DCFDFFFFC5
:100C100090B587B000AFF86008007A6019000A2428
:100C20003B19021C1A800823FB180A1C1A80FB6857
:100C3000DB6B7B617B690C4A944663443B613B6997
:100C4000C0229B58002B09D03B69C0229B583A19FF
:100C50001288F96818209847030000E00023180064
:100C6000BD4607B090BDC046DCFDFFFF90B587B024
:100C700000AFF86008007A6019000A243B19021CD2
:100C80001A800823FB180A1C1A80FB68DB6B7B6147
:100C90007B690C4A944663443B613B69C0229B5884
:100CA000002B09D03B69C0229B583A191288F96879
:100CB00020209847030000E000231800BD4607B03D
:100CC00090BDC046DCFDFFFF80B586B000AFF86088
:100CD00008007A6019000A23FB18021C1A800820F9
:100CE0003B180A1C1A80FB68DB6B7B617B690A4A34
:100CF000944663443B613B69AC229B58002B06D071
:100D00003B69AC229B587A683918386998470023A8
:100D10001800BD4606B080BDDCFDFFFF80B586B083
:100D200000AFF86008007A6019000A23FB18021C63
:100D30001A8008203B180A1C1A80FB68DB6B7B6159
:100D40007B690A4A944663443B613B69C4229B58D1
:100D5000002B06D03B69C4229B587A683918386941
:100D6000984700231800BD4606B080BDDCFDFFFF9C
:100D700080B586B000AFF86008007A6019000A23D9
:100D8000FB18021C1A8008203B180A1C1A80FB68FA
:100D9000DB6B7B617B690A4A944663443B613B6938
:100DA000C8229B58002B06D03B69C8229B587A6802
:100DB00039183869984700231800BD4606B080BD31
:100DC000DCFDFFFF80B586B000AFF86008007A60F8
:100DD00019000A23FB18021C1A8008203B180A1C61
:100DE0001A80FB68DB6B7B617B690A4A944663442B
:100DF0003B613B69B0229B58002B06D03B69B02277
:100E00009B587A6839183869984700231800BD46FE
:100E100006B080BDDCFDFFFF90B587B000AFF86085
:100E200008007A6019000A243B19021C1A80082362
:100E3000FB180A1C1A80FB68DB6B7B617B690C4A20
:100E4000944663443B613B69BC229B58002B09D00C
:100E50003B69BC229B583A191288F96800209847D0
:100E6000030000E000231800BD4607B090BDC04657
:100E7000DCFDFFFF90B589B004AFF860B9607A601F
:100E80003B603C687A68B968F86800230393BB6AE2
:100E900002937B6A01933B6A00932300FCF7C2FB39
:100EA00003001800BD4605B090BD0000F0B587B046
:100EB00000AF78601723FB1802221A700823FB1872
:100EC0001D4A13CA13C37B68AC211C4A5A507B6865
:100ED000C4211B4A5A507B68C8211A4A5A5016230B
:100EE000FB1800221A7019E016257B191A780823BE
:100EF000FB189200D1581726BC19FA23DA007B6838
:100F00001800FFF774FA03002370BB191B78002B3D
:100F10000AD17B191A787B1901321A701623FB1833
:100F20001B78022BE0D900E0C0461723FB181B7882
:100F30001800BD4607B0F0BD30090208751B010856
:100F4000191C0108F11C010880B582B000AF78605F
:100F50007B68AC22002199507B68C4220021995003
:100F60007B68C8220021995000231800BD4602B0BA
:100F700080BD000090B5B3B000AF786039603B68C9
:100F8000084A08243819C02109F0D2FEFA23DA00F1
:100F900039197B681800FFF72AFA03001800BD46CC
:100FA00033B090BD3C09020890B597B004AF7860AB
:100FB0007B6889229200944663447B6408243A1932
:100FC000104B100019003C231A000AF0AFF97B6C9B
:100FD0004C3318007B6C191D7B6C9B6D3C19FA22FD
:100FE000D20002920193084B009303232200FFF7E3
:100FF00041FF03001800FFF7CEF903001800BD46BB
:1010000013B090BD9C0A0208540A0208F0B5DE46EF
:1010100057464E464546E0B5C5B00CAF78613961DC
:10102000FA60D72408256319DB1902221A703B697C
:101030000421180005F048FB031E0ED058498223F6
:10104000FF331A00574B00930B000121012005F0DC
:10105000BBF86319DB191B7899E03B6903331B78F4
:10106000012B0DD04E49C3235A004F4B00930B0068
:101070000121022005F0A8F83B69033301221A7010
:10108000FB680421180005F01FFB031E18D044491B
:10109000C6235A00454B00930B000121022005F0A6
:1010A00093F8FB68FF221A70FB680133FF221A7065
:1010B000FB680233FF221A70FB68033300221A70A8
:1010C0003B691B78BB603B6901331B7819003B69A6
:1010D00002331B781C003B6903331B781D003B69FE
:1010E0001B783B603B6901331B789C463B690233AC
:1010F0001B7898463B6903331B789946FB681B783D
:101100009A46FB6801331B789B46FB6802331B78C9
:101110007B60FB6803331B78254A1420082680195E
:10112000C0190A937B6809935B460893534607935B
:101130004B46069343460593634604933B680393EB
:10114000029501940091BB68C02109F0F1FDD725FB
:10115000AB19DC19174A14208319D9197B691800B7
:10116000FFF745F903002370AB19DB191B78002B3F
:1011700008D17B69104A94466344396904221800F7
:101180000AF0D4F8D72308229B18DB191B78180023
:10119000BD4639B0F0BCBB46B246A946A046F0BD3C
:1011A00078090208D80A0208F40A02082C0B02087F
:1011B0006C0B0208701700000A020000F0B5B9B00D
:1011C00002AFF860B9607A60D723FB1802221A7068
:1011D0007B681B68002B03D07B681B68012B0FD139
:1011E000BB681B78002B1AD0BB681B78012B16D06C
:1011F000BB681B78022B12D0BB681B78032B0ED068
:101200002849D623FF331A00274B00930B000121F6
:10121000012004F0D9FFD723FB181B783EE07B6840
:101220001968BB681B78214A1425781900930B00B4
:10123000C02109F07DFDD726BC19FA23DA007919FF
:10124000FB681800FFF7D3F803002370BB191B7865
:10125000002B20D17B681B68002B0CD1BB681B784E
:10126000012B03D0BB681B78032B04D1FB68104A09
:10127000002199540FE07B681B68012B0BD1BB68E0
:101280001B78012B03D0BB681B78032B03D1FB68B1
:10129000074A01219954D723FB181B781800BD4633
:1012A00037B0F0BD780902081C0C0208340C0208A3
:1012B00012020000F0B5BBB004AFF860B9601900CD
:1012C000BB1D1A803B1D0A1C1A80FB6889229200F4
:1012D00094466344D422BA181360BB1D1B88002BAC
:1012E00003D1BB1D40221A8007E0BB1D1B88764A34
:1012F000934202D9BB1D744A1A803B1D1B88002BE8
:1013000003D13B1D04221A8008E03B1D1B886F4A55
:10131000934203D13B1D022252421A80E822082147
:101320005318DB191B88632B05D95318DB191B884D
:10133000674A934206D9E82308229B18DB19FA2250
:1013400092001A80D423FA181368EC260824321964
:10135000D21912681A663319DA1913681822002193
:10136000180009F083FE03220021012005F04DFF43
:1013700002003319D9190B685A61BB1D1A883B1D2D
:101380001988E8200319DB191B88BD68514C10200F
:1013900038180293019100922B002200C02109F01D
:1013A000C7FCD3257C194C4A10203918FB6818005B
:1013B000FFF71DF8030023702C003B191B78002B4E
:1013C0003DD0464A4649474B009313000A0001218D
:1013D000012004F0F9FE08257319DA1913685B6916
:1013E000180006F077FA7319DA19136800225A61A7
:1013F000D423FB181B6800221A663B191B785FE098
:10140000EC2308229B18DB191B685C69E8239B18F6
:10141000DB191B88304A944663441A0013005B01B1
:101420009B1A9B009B18DB001A00FA2399001000FE
:10143000EEF790FE03001900200006F06DF93B1D49
:101440001B883A1D591E1180002BD9D1EC24082588
:101450006319DB191B681B8A002B1DD06319DB196C
:101460001B681B8A3A1D1288D31A9AB26319DB19BA
:101470001B685A826319DB191B685A686319DB19E8
:101480001B681B8A19001000EEF764FE03001A00A7
:101490006319DB191B681A60EC2408256319DB1932
:1014A0001B685B69180006F015FA6319DB191B68E5
:1014B00000225A61D423FB181B6800221A660023FD
:1014C0001800BD4637B0F0BD10270000FFFF000038
:1014D000AC0D0000AC0D0208204E00007809020897
:1014E00092020000C80D020890B5B7B002AFF860D4
:1014F0007A600B203B180A1C1A703B1819780A4AAC
:10150000102438197B6800930B00C02109F010FCEF
:10151000FA23DA003919FB681800FEF768FF0300A8
:101520001800BD4635B090BD100F0208F0B5D5B01B
:1015300002AFF8607A60284BA42040001B18DB192A
:101540000A1C1A70254B01005B18DB1900221A8057
:10155000214B5B18DB191B78214A80214900182098
:10156000381809F0E5FB4826FF36BC191623FD188C
:101570001C4A18203918F868FA23DB0001938C23E1
:101580005B00FB1800932B00FEF756FF030023704F
:10159000BB191B78002B02D0BB191B7818E00F4B2E
:1015A000A42252009B18DB191B88002B01D10223B7
:1015B0000EE08C235B00FB181B68180008F040FC51
:1015C00003001A007B681A604823FF33FB181B785E
:1015D0001800BD4653B0F0BDC3FEFFFFCEFEFFFFB7
:1015E000280F0208400F020880B586B000AFF860EF
:1015F00008007A6019000A23FB18021C1A800820D0
:101600003B180A1C1A80FB68DB6B7B617B690D4A07
:10161000944663443B613B181B88002B0DD07B68CC
:101620001B681800FFF760F87B681A683B69F333A2
:10163000FF331900100004F0EFFF00231800BD462F
:1016400006B080BDDCFDFFFF80B586B000AFF8605E
:1016500008007A6019000A23FB18021C1A8008206F
:101660003B180A1C1A80FB68DB6B7B617B690D4AA7
:10167000944663443B613B181B88002B0DD07B686C
:101680001B681800FFF730F87B681A683B69FB336A
:10169000FF331900100004F0BFFF00231800BD46FF
:1016A00006B080BDDCFDFFFF80B586B000AFF860FE
:1016B00008007A6019000A23FB18021C1A8008200F
:1016C0003B180A1C1A80FB68DB6B7B617B690D4A47
:1016D000944663443B613B181B88002B0DD07B680C
:1016E0001B681800FFF700F87B681A683B69F7333E
:1016F000FF331900100004F08FFF00231800BD46CF
:1017000006B080BDDCFDFFFF80B586B000AFF8609D
:1017100008007A6019000A23FB18021C1A800820AE
:101720003B180A1C1A80FB68DB6B7B617B690E4AE5
:10173000944663443B613B181B88002B0ED07B68AA
:101740001B681800FEF7D0FF7B681A683B690749E1
:101750008C4663441900100004F05EFF002318005B
:10176000BD4606B080BDC046DCFDFFFF0A0200009A
:1017700080B586B000AFF86008007A6019000A23CF
:10178000FB18021C1A8008203B180A1C1A80FB68F0
:10179000DB6B7B617B690E4A944663443B613B187B
:1017A0001B88002B0ED07B681B681800FEF79CFF7F
:1017B0007B681A683B6907498C466344190010002E
:1017C00004F02AFF00231800BD4606B080BDC046C5
:1017D000DCFDFFFF0E02000090B58DB002AFF86097
:1017E00008007A6019000A243B19021C1A80082399
:1017F000FB180A1C1A80FB68DB6B7B62FB68DA6AE9
:101800003B191B88D3183B62FB68DA6AFB681B6BC9
:10181000D31800221A701023F9183B6A0A22180004
:1018200008F09EFB02001E23FB181A803B693A6AEF
:101830009A4203D03B691B782C2B0CD01C4A1D49C3
:101840001D4B009313000A000121012004F0BCFC91
:1018500016235B4228E03A69FB68DB6AD31A01333E
:10186000BB61FB681A6B1E243B191988BB69CB1836
:101870009A4217D37A6AB8235B00D3587B617B699D
:1018800018683B69591C3B191B881A0009F04EFD6A
:101890007B695B683A1912881A603B191A88BB6920
:1018A000D31801E00B235B421800BD460BB090BD7E
:1018B00078090208030500005C110208F0B5CE4665
:1018C000474680B593B006AFF86008007A6019000B
:1018D0000A23FB18021C1A8008203B180A1C1A80D5
:1018E000FB68DB6B3B623A6AB8235B00D358FB6151
:1018F0000023FB623B181B88062B00D8C5E018208C
:101900003B1800221A60FB6A5A1CFA629B007A6834
:10191000D31819683B180322180009F0EAFB0023CA
:10192000BB6213E05D4BBA6A9200D2581823FB18D1
:1019300011001800EEF7E8FB031E04D1BB6A5A1C25
:10194000FB699A6105E0BB6A0133BB62BB6A062B87
:10195000E8D914203B1800221A60FB6A5A1CFA626C
:101960009B007A68D31819683B180322180009F005
:10197000C0FB00237B6213E0494B7A6A9200D25885
:101980001423FB1811001800EEF7BEFB031E04D150
:101990007B6A5A1CFB691A6105E07B6A01337B6232
:1019A0007B6A0B2BE8D9FB6A9B007A68D3181B680B
:1019B0001B78002B02D1FB6A0133FB62FB6A5A1CC5
:1019C000FA629B007A68D3181B68180008F038FA8E
:1019D00003001A00FB69DA60FB6A5A1CFA629B007A
:1019E0007A68D3181B68180008F02AFA03001A0056
:1019F000FB699A60FB6A5A1CFA629B007A68D318EA
:101A00001B68180008F01CFA03001A00FB695A60F2
:101A1000FB6A5A1CFA629B007A68D3181B6818008C
:101A200008F00EFA03001A00FB691A60FB6A9B00BB
:101A30007A68D3181B68180008F002FA03001A002D
:101A4000FB695A61FB691C331E007B681B68984662
:101A50007B6804331A68FB69D968FB699868FB697D
:101A60005C68FB691D68FB695B6999460D4B9C4688
:101A70004B460593049503940290019100924346CE
:101A800062461A21300009F053F900231800BD46C0
:101A90000DB0C0BCB946B046F0BDC0469C000020A9
:101AA000B80000208411020890B587B000AFF8603C
:101AB00008007A6019000A23FB18021C1A8008200B
:101AC0003B180A1C1A80FB68DB6B7B617A69B823C0
:101AD0005B00D3583B613B181B88052B45D93B69FC
:101AE0005B781C007B681B68180008F0A9F90300EC
:101AF0009C423AD17B6804331B681800FEF7F4FD62
:101B00007B6804331B683A691100180000F03EF945
:101B10007B6808331B681800FEF7E6FD3B69981DDB
:101B20007B6808331B680F22190009F0E2FA7B6812
:101B30000C331B68180008F083F903009AB23B6964
:101B40005A807B6810331B68180008F079F903008D
:101B50009AB23B699A807B6814331B68180008F0BE
:101B60006FF90300DAB23B699A7500231800BD468D
:101B700007B090BD90B58DB000AFF860B9607A60E5
:101B8000FB68FB62FB6A002B3BD0FB6A88229B58F8
:101B9000002B36D0BB681B88012B32D97B681B68B1
:101BA000180008F04DF903001A0010243B191A60C0
:101BB0003B191B68042B26D87B6804331B68144A26
:101BC00011001800EEF7A0FA031E07D1FB6A882265
:101BD0009B583A1911003320984715E07B6804336D
:101BE0001B680C4A11001800EEF78EFA031E0BD189
:101BF000FB6A88229B581022BA181100342098479B
:101C000002E0C04600E0C046BD460DB090BDC046F3
:101C1000A8110208B411020880B58AB002AFF860BA
:101C2000B9607A60FB68FB61FA69A1239B00D35815
:101C3000BB61BB69002B03D0BB695B69002B0AD178
:101C4000254A2649264B009313000A000121012052
:101C500004F0BAFA3DE0BB681B88002B31D07B68EA
:101C60001B6820490722180009F032FA031E08D128
:101C70001D4B0093002300220021032004F0A4FA4E
:101C80001FE07B681B68180008F0DAF803007B612E
:101C90007B69002B15D0BB691B8A01339AB2BB69E3
:101CA0001A82BB695A687B69D218BB695A607B6922
:101CB00001930E4B0093002300220021032004F027
:101CC00083FABB69586900230022002105F02DFB2F
:101CD000C046BD4608B080BD7809020881050000F5
:101CE000C4110208E8110208F011020800120208EB
:101CF00090B58DB000AFF860B9607A60FB68FB62A8
:101D0000BB681B88032B3BD97B681B68180008F055
:101D100097F803001A0010243B191A603B191B683E
:101D2000042B2FD87B6804331B68180008F088F850
:101D300003001A003B195A607B6808331B681800BF
:101D4000FEF7D2FC7B68083319683B1908330F2271
:101D5000180009F0CEF93B190022DA757B680C33C4
:101D60001B68180008F06CF803009AB23B191A833C
:101D7000FB6A88229B583A1911003220984702E0EA
:101D8000C04600E0C046BD460DB090BD80B582B0F3
:101D900000AF78603960174A7B6811001800EEF7D1
:101DA000B3F9031E03D13B6800221A701CE0124AEB
:101DB0007B6811001800EEF7A7F9031E03D13B68FA
:101DC00001221A7010E00D4A7B6811001800EEF72E
:101DD0009BF9031E03D13B6803221A7004E03B68A1
:101DE00004221A70022300E000231800BD4602B04E
:101DF00080BDC04610120208141202081812020810
:101E000090B589B004AFF860B9607A603B603C6817
:101E10007A68B968F86800230393BB6A02937B6A07
:101E200001933B6A00932300FBF7FCFB03001800BF
:101E3000BD4605B090BD000080B500AF014B180055
:101E4000BD4680BDE808002080B584B000AFF860D2
:101E5000B9607A603B60FB68002B01D1022323E06C
:101E6000BB68002B03D0FB688021BA685A507B689E
:101E7000002B03D0FB6884217A685A503B68002B02
:101E800003D0FB6888213A685A50BB69002B03D005
:101E9000FB688C21BA695A50FB69002B03D0FB68A0
:101EA0009021FA695A5000231800BD4604B080BD45
:101EB00080B586B002AF78607B681800FEF7F8F84E
:101EC00002000F217B181A707B181B78002B0AD098
:101ED00009499D235A00094B00930B000121012061
:101EE00004F072F900E0C0460F23FB181B781800BD
:101EF000BD4604B080BDC0467413020884130208B6
:101F000080B582B000AF78607B681800FEF7F4F906
:101F100000231800BD4602B080BD0000F0B5C1B07E
:101F200004AFF860B9607A603B60FB688922920078
:101F300094466344EC257A1913607B191B689B68EF
:101F4000E826BA1913601023FB18274A13CA13C3D3
:101F500003CA03C3B9190B685B6B0122524211001B
:101F6000180005F0D9FB79190A68B8235B003968B5
:101F7000D15079681D4A24203818BB6800930B00A3
:101F8000C02108F0D5FE79190B6819004C31080002
:101F900079190B68191D7C1923689B6D1022BC18D8
:101FA00001220392FA22D200029201932423FB1809
:101FB000009301232200FBF735FB0300E7257C1982
:101FC0001800FEF7E8F903002370BB191B68586B73
:101FD00000230022002105F0A8F97B191B781800C6
:101FE000BD463DB0F0BDC046CC1402089C140208AA
:101FF00090B5B3B000AF786039603B68084A0824F8
:102000003819C02108F094FEFA23DA0039197B68E8
:102010001800FEF7ECF903001800BD4633B090BD80
:10202000E0140208F0B5EF4CA54404AF7860F82343
:102030005B00FB18180020231A00002109F016F895
:10204000E94B9825AD005B19DB1900221A807B68EB
:1020500089229200944663448B24A4003A191360A9
:102060007B6880220021180009F000F8DF4B5B1923
:10207000DA19DF4B1000190064231A0009F056F931
:102080003B191B684C3318003B191B68191D3B1981
:102090001B689B6D5C22BC18FA22D200029201934D
:1020A000D44B009305232200FFF7AAFE0300D24E73
:1020B000BC191800FEF76FF903002370BB191B78D9
:1020C000002B01D000F07AFE80235A00CB49C423B4
:1020D000FB18180009F00DF8BC19C222BD18C84A37
:1020E000C423F9187868FA23DB000193E2235B002C
:1020F000FB1800932B00FEF79FF903002370BB1918
:102100001B78002B03D0BB191B7800F06DFEB64B7B
:10211000982292009B18DB191B88002B02D1022306
:1021200000F062FEE2235B00FB181B68180007F05A
:1021300087FE03001A007B685A63002396229200F0
:10214000BA1813602CE3AF499626B600BB191A687B
:102150001300DB009B189B005958A74D7C19F823EE
:102160005B00FB1878680422FFF7D8FE0300237099
:102170007B191B78002B1CD07B191B78022B01D0FC
:1021800000F01EFE9F49BB191A681300DB009B1864
:102190009B00CB1820331B689B4A9C4901939C4BA6
:1021A000009313000A000121012004F00DF800F053
:1021B00007FEF8235B00FB18196892489625AD00CE
:1021C0007A1912681300DB009B189B00C3180433B4
:1021D0001B68D9400B000122134000D1D9E2002333
:1021E00095229200BA181360002387229200BA1831
:1021F000136084497A1912681300DB009B189B0056
:10220000CB18143319687C4EBC19F8235B00FB18FB
:1022100078680422FFF782FE03002370BB191B7845
:10222000002B1CD0BB191B78022B01D000F0CAFD7B
:1022300074497B191A681300DB009B189B00CB18AC
:1022400020331B68704A73490193714B009313004C
:102250000A000121012003F0B7FF00F0B3FD694936
:102260009626B600BB191A681300DB009B189B006A
:10227000CB1808331968604D7C19F8235B00FB18F4
:10228000043378680422FFF749FE030023707B19AA
:102290001B78002B1CD07B191B78022B01D000F07F
:1022A00093FD5849BB191A681300DB009B189B006B
:1022B000CB1820331B685449BD2292000193544B24
:1022C00000930B000121012003F07EFF00F07CFD54
:1022D000F8256D007B1919684A489624A4003B191B
:1022E0001A681300DB009B189B00C31818331B6887
:1022F000D9400B000122134086229200BA181360C5
:102300007B1959683F483B191A681300DB009B187A
:102310009B00C3180C331B68D9403A483B191A6814
:102320001300DB009B189B00C31810331B680122AD
:102330009A401300013B0B4085229200BA181360AB
:10234000002394229200BA1813601BE00122942308
:102350009B00FB181B689A4013001A0085239B0002
:10236000FB181B68134006D095229200BB181B680F
:102370000133BA18136094229200BB181B68013312
:10238000BA1813601F49962080003B181A68130082
:10239000DB009B189B00CB1810331A689424A40010
:1023A0003B191B689A42D1D895239B00FB181B68E8
:1023B0000122134086229200BA1812689A4200D075
:1023C000E6E110493B181A681300DB009B189B00DC
:1023D000CB181C331B68022B63D100233A191360FE
:1023E00058E0C0468CFDFFFF62FEFFFFFCFDFFFFD3
:1023F00024170208B41502085F020000C015020885
:10240000CC1502082C31020874130208D602000011
:10241000D4150208EB0200009424A4003B191A68AA
:1024200013009B009B1885229200BA181268DA40AC
:1024300013005BB21F22134058B27A6854213B1933
:102440001B68D3185B18021C1A707A6854213B1958
:102450001B68D3185B181B785BB20F2B13DD7A68EF
:1024600054213B191B68D3185B181B785BB2DBB295
:10247000203BDBB258B27A6854213B191B68D31851
:102480005B18021C1A7094229200BB181B6801335F
:10249000BA18136094239B00FB181B68042BBBDD48
:1024A00077E1E849962080003B181A681300DB00AA
:1024B0009B189B00CB181C331B68002B0CD0E149E8
:1024C0003B181A681300DB009B189B00CB181C33C9
:1024D0001B68012B00D044E1002394229200BA181B
:1024E00013603FE0942080003B181A6813009B00A3
:1024F0009B1885229200BA181268DA4013005BB26A
:102500001F22134059B2D04B9824A4001B19DA198A
:102510003B181B68D3180A1C1A70CB4B1B19DA190D
:102520003B181B68D3181B785BB20F2B13DDC64B0F
:102530001B19DA193B181B68D3181B785BB2DBB286
:10254000203BDBB259B2C04B1B19DA193B181B6890
:10255000D3180A1C1A7094229200BB181B6801330E
:10256000BA1813609424A4003B191B68022BB9DD30
:10257000B54B982189005B18DB1900229A56B34BA2
:102580005B18DB191A70B04B5B18DB1901229A56E5
:10259000AE4B5B18DB199A71AB4B5B18DB1902224F
:1025A0009A56AA4B5B18DB191A73A74B5B18DB19F9
:1025B0005B785BB21A00A44B5B18DB191B785BB22B
:1025C000D31A6422534306211800EDF74DFE030091
:1025D00087229200BA18136001233A19136027E08A
:1025E00087239B00FB181B689424A4003A191268E7
:1025F0005343323364211800EDF736FE0300DAB29C
:10260000914B982080001B18DB191B785BB2DBB262
:10261000D318DBB259B28D4B1B18DA193B191B6862
:10262000D3180A1C1A703B191B6801333A1913603E
:102630009424A4003B191B68052BD1DD824B982103
:1026400089005B18DB199B785BB21A007E4B5B1824
:10265000DB195B785BB2D31A64225343062118005E
:10266000EDF702FE030087229200BA1813600723D9
:102670003A19136028E09424A4003B191B68063B18
:1026800087229200BA18126853433233642118002B
:10269000EDF7EAFD0300DAB26B4B982080001B18BF
:1026A000DB195B785BB2DBB2D318DBB259B2674B94
:1026B0001B18DA193B191B68D3180A1C1A703B192E
:1026C0001B6801333A19136094239B00FB181B68A5
:1026D0000B2BD0DD87239B00FB181A681300DB004F
:1026E0009B1A323364211800EDF7BEFD0300DAB205
:1026F000554B982080001B18DB195B785BB2DBB26E
:10270000D318DBB25AB2514B1B18DB195A734D491F
:1027100096239B00FB181A681300DB009B189B0094
:10272000CB181C331B68002B0CD17B6838331A0084
:10273000464B1B18DB19100019000E231A0008F075
:10274000F5FD26E07B6846331A00404B982189004E
:102750005B18DB19100019000E231A0008F0E6FDC3
:1027600017E0384996239B00FB181A681300DB001A
:102770009B189B00CB181C331B68032B09D18523A6
:102780009B00FB181B6859B27B685922995400E0E2
:10279000C04696229200BB181B680133BA1813601A
:1027A00096239B00FB181B680B2B00D8CBE4284D0D
:1027B0007C19F8235B00FB188022510078681822EE
:1027C000FFF7ACFB030023707B191B78002B0FD0A5
:1027D0007B191B78022B00D0F8E21E4A1E491F4BC2
:1027E000009313000A000121012003F0EDFCEDE24B
:1027F000F8225200BB181B68002B08D1BB185B687D
:10280000002B04D1BB189B68002B00D194E000235F
:102810009324A4003A191360F8235B00FB188A2262
:102820009200BA1813600E4B982292009B18DB1985
:10283000180019231A00002108F018FC00233A1987
:10284000136038E02C310208E8FDFFFFECFDFFFFCC
:102850005F020000741302084F030000E81502082D
:10286000CCFDFFFF8A24A4003B191A68932189003C
:102870007B181B68D3181B78002B22D03B191A68D1
:102880007B181B68D3181B78032B1AD02C23FA183B
:102890007B181B68D0183B191A680C007B181B6842
:1028A000D3181B78DE4A022108F042FA3B191B6854
:1028B00001333A19136093239B00FB181B68172BF5
:1028C000D0D97B6863332C22B9181822180008F07D
:1028D00010FC7B687B2200219954002392229200F5
:1028E000BA18136022E07B68633318009224A400B6
:1028F0003B191B681A225A43CA4BD31801331922B9
:10290000190008F0E5FB031E09D1C64B3A191268FD
:102910001A214A43D15C7B68622299540CE09222CE
:102920009200BB181B680133BA18136092239B00F6
:10293000FB181B68022BD6D9BB4D7C19F8235B0012
:10294000FB188C22510078680422FFF7E7FA030095
:1029500023707B191B78002B0FD07B191B78022B5F
:1029600000D035E2B14AB249B24B009313000A00DD
:102970000121012003F028FC2AE2F82040003B1846
:102980001B68002B1ED03B181B681B0A9BB2FF2242
:1029900013409AB23B181B689BB21B029BB21343B5
:1029A00099B27B687C2299523B181B681B0CD9B2E8
:1029B0007B687F2299543B181B681B0ED9B27B6839
:1029C0007E229954002391229200BA181360C1E02C
:1029D000002390229200BA18136000238F229200E5
:1029E000BA18136000238E229200BA181360924B1B
:1029F0009125AD007A1912681201D1588E4A7B19BF
:102A00001B681B01D31804331A68874EBC19F823BE
:102A10005B00FB187868FFF781FA03002370BB198D
:102A20001B78002B17D0BB191B78022B00D0D1E1EB
:102A3000814A7B191B681B01D3180C331B687B4A26
:102A40007E4901937E4B009313000A00012101206F
:102A500003F0BAFBBEE1F8235B00FB18882292006A
:102A6000BA18136000238F229200BA18136034E062
:102A700000238E229200BA18136021E088239B0065
:102A8000FB181A688F239B00FB181B68D3181B7850
:102A90001A008E239B00FB181B681A4113000122A9
:102AA000134006D190229200BB181B680133BA185C
:102AB00013608E229200BB181B680133BA18136092
:102AC0008E239B00FB181B68072BD7D98F229200FF
:102AD000BB181B680133BA1813608F2189007B185B
:102AE0001B68052BC4D9F8235B00FB185B681A0C24
:102AF00090239B00FB181B6853403F22134022D1B8
:102B000000237A18136018E08F24A4003B191B6877
:102B10000522D31A88229200BA181268D31818789E
:102B20007A685A213B191B68D3185B18021C1A706B
:102B30003B191B6801333A1913608F239B00FB1864
:102B40001B68052BE0D991229200BB181B6801334A
:102B5000BA18136091239B00FB181B68022B00D846
:102B600036E7314D7C19F8235B00FB1878680422A6
:102B70007C21FFF7D3F9030023707B191B78002B0E
:102B80000FD07B191B78022B00D025E1274A2D4955
:102B90002D4B009313000A000121012003F014FBC8
:102BA0001AE1F8235B00FB181B681B0B0122134082
:102BB00000D113E1254B982189005B18DB19B8225D
:102BC00052001A60214B5B18DB1910225A607B6897
:102BD00060331A001D4B5B18DB199A601B4B5B18A6
:102BE000DB191B4ADA60194B5B18DB19C022520053
:102BF0001A61164B5B18DB1920225A617B6861331E
:102C00001A00124B5B18DB199A61104B5B18DB1929
:102C1000104ADA6100238D229200BA181360C5E0D1
:102C200004160208DC3202085F0200007413020876
:102C30007903000008160208FC3002089603000021
:102C4000D4150208BA0300003C160208ACFDFFFFD1
:102C50006416020870160208664B9825AD005B19D1
:102C6000DA198D26B600BB191B681B01D318043373
:102C70001B68DA08604BFB181A705E4B5B19DB1996
:102C8000BA1912681201D1585A4B5B19DA19BB19DB
:102C90001B681B01D31804331A68584BFC18F82022
:102CA00040003B187868FFF739F903002370534A56
:102CB000BB181B78002B19D0BB181B78022B00D037
:102CC0008EE04C4B5B19DA19BB191B681B01D3183A
:102CD0000C331B684A4A4B4901934B4B009313003A
:102CE0000A000121012003F06FFA7AE000238C2210
:102CF0009200BA18136049E0F82040003B188C2479
:102D0000A4003A1912689200D2583B4BFB1819786C
:102D10003B191B68C9183B188900CB581343842200
:102D20009200B9180B60BB181B68002B01D120233F
:102D300007E084239B00FB181868EDF7BFFB030036
:102D4000DBB21A002023981A2A4B9824A4001B19DE
:102D5000DA198D25AD007B191B681B01D3180833C8
:102D60001B681978C2B2234B1B19D8197B191B6831
:102D70001B01C31808331B688A18D2B21A708C2240
:102D80009200BB181B680133BA1813601A4BFB186A
:102D90001B788C229200BA1812689A42ACDB8D2202
:102DA0009200BB181B680133BA1813608D239B0077
:102DB000FB181B68012B00D84EE712E0C04610E05C
:102DC000C0460EE0C0460CE0C0460AE0C04608E03F
:102DD000C04606E0C04604E0C04602E0C04600E04F
:102DE000C046064BFB181B781800BD4699239B0074
:102DF0009D44F0BDACFDFFFF270200005F02000014
:102E000074130208D60300007C16020890B5B3B014
:102E100000AF786039603B68084A08243819C0213F
:102E200007F086FFFA23DA0039197B681800FDF7EE
:102E3000DEFA03001800BD4633B090BD88170208C3
:102E400080B582B000AF7860FA23DA0004497B686D
:102E50001800FDF7CCFA03001800BD4602B080BD93
:102E60009C170208B0B5B6B002AFF860B9607A60DE
:102E70007B680B4A10257819C02107F059FF7C6840
:102E8000BA687919F86801230193FA23DB000093EB
:102E90002300FDF743FB03001800BD4634B0B0BD6E
:102EA000A817020880B584B000AFF860B9607A60F6
:102EB0007B68012B04D1BB68102B01D0022310E0EA
:102EC000FB689421BA685A50FB6898217A685A5076
:102ED000FB689C2200219950FB68A0220021995098
:102EE00000231800BD4604B080BD0000B0B5B8B0E6
:102EF00002AFF860B9607A60BB68012B14D1B96881
:102F00001A4A142578197B6800930B00C02107F03A
:102F10000FFFD723FC187919FB6800221800FDF772
:102F200066FA0300237011E0BB68114A1425781972
:102F3000C02107F0FDFED723FC18FA23DA00791927
:102F4000FB681800FDF753FA03002370D723FB1822
:102F50001B78002B03D1FB689821BA685A50D723FD
:102F6000FB181B781800BD4636B0B0BDBC17020870
:102F7000D017020880B582B000AF786039607B68F6
:102F800098229A583B681A6000231800BD4602B088
:102F900080BD000090B5B3B000AF786039603B6889
:102FA000084A08243819C02107F0C2FEFA23DA00C3
:102FB00039197B681800FDF71AFA03001800BD469E
:102FC00033B090BDE0170208F0B5B9B002AF786039
:102FD0003960D723FB1802221A707B68892292007D
:102FE00094466344D022BA1813603B68002B53D038
:102FF0003B68032B50D8C8243A197B68110018008D
:1030000000F05EF8031E49D13B191B683A689A42EA
:1030100001D1002348E03B68254A08257819C021E2
:1030200007F086FED726BC1979197B6800221800A4
:10303000FDF7DDF903002370BB191B78002B0AD0C4
:103040001C498D23DA001C4B00930B000121012049
:1030500003F0BAF825E0D023FB181B68DB6DFA22D9
:1030600012011100180004F057FB0300CC22B9181C
:103070000B60BB181B68012B12D00E498E23DA009F
:103080000E4B00930B000121012003F09DF8D72384
:10309000FB1802221A7004E0C04602E0C04600E0BD
:1030A000C046D723FB181B781800BD4637B0F0BDCB
:1030B000F41702087413020808180208D41302084F
:1030C000F0B5D3B002AF78603960244BA022520033
:1030D0009B18DB1900221A8080235A0020491023F4
:1030E000FB18180008F005F84026FF36BC190E2220
:1030F000BD181C4A1023F9187868FA23DB000193E5
:1031000088235B00FB1800932B00FDF795F9030063
:103110002370BB191B78002B02D0BB191B7818E059
:103120000E4BA02252009B18DB191B88002B01D1EB
:1031300002230EE088235B00FB181B68180006F0D2
:103140007FFE03001A003B681A604023FF33FB1820
:103150001B781800BD4651B0F0BDC046CEFEFFFF43
:103160002418020834180208F0B5D3B002AF786012
:103170003960234BA02252009B18DB1900221A80D1
:1031800080235A001F491023FB18180007F0B1FFD5
:103190004026FF36BC190E22BD181B4A1023F91811
:1031A0007868FA23DB00019388235B00FB18009307
:1031B0002B00FDF741F903002370BB191B78002B8E
:1031C00002D0BB191B7817E00D4BA02252009B18B0
:1031D000DB191B88002B01D102230DE088235B0043
:1031E000FB181B68180006F02BFE02003B681A60F3
:1031F0004023FF33FB181B781800BD4651B0F0BDCB
:10320000CEFEFFFF681802087818020880B586B065
:1032100000AFF86008007A6019000A23FB18021C4E
:103220001A8008203B180A1C1A80FB68DB6B7B6144
:103230007B691B4A944663443B613B181B88042B03
:1032400001D8002327E07B681B68180006F0F8FD12
:103250000300DAB23B691A707B6804331B681800FC
:1032600006F0EEFD0300DAB23B695A707B68083362
:103270001B68180006F0E4FD0300DAB23B699A709F
:103280003B69143318007B6810331B681F22190038
:1032900007F02FFF00231800BD4606B080BDC046D2
:1032A000DCFDFFFF80B586B000AFF86008007A60F3
:1032B00019000A23FB18021C1A8008203B180A1C5C
:1032C0001A80FB68DB6B7B617B69164A944663441A
:1032D0003B613B181B88022B01D800231DE07B6853
:1032E0001B68180006F0ACFD0300DAB23B691A72E5
:1032F0007B6804331B68180006F0A2FD0300DAB2F5
:103300003B695A727B6808331B68180006F098FD09
:103310000300DAB23B699A7200231800BD4606B07A
:1033200080BDC046DCFDFFFF80B586B000AFF86011
:1033300008007A6019000A23FB18021C1A80082072
:103340003B180A1C1A80FB68DB6B7B617B691D4A9A
:10335000944663443B613B181B88022B01D8002331
:103360002CE07B681B68180006F06AFD0300DAB2E7
:103370003B691A717B6804331B68180006F060FD16
:103380000300DAB23B695A717B6808331B68180086
:1033900006F056FD0300DAB23B699A710823FB1868
:1033A0001B88032B09D97B680C331B68180006F0B7
:1033B00047FD0300DAB23B69DA7100231800BD460D
:1033C00006B080BDDCFDFFFF80B586B000AFF860C1
:1033D00008007A6019000A23FB18021C1A800820D2
:1033E0003B180A1C1A80FB68DB6B7B617B69164A01
:1033F000944663443B613B181B88022B01D8002391
:103400001DE07B681B68180006F01AFD0300DAB2A5
:103410003B691A737B6804331B68180006F010FDC3
:103420000300DAB23B695A737B6808331B681800E3
:1034300006F006FD0300DAB23B699A730023180018
:10344000BD4606B080BDC046DCFDFFFF80B586B03E
:1034500000AFF86008007A6019000A23FB18021C0C
:103460001A8008203B180A1C1A80FB68DB6B7B6102
:103470007B69164A944663443B613B181B88022BC8
:1034800001D800231DE07B681B68180006F0D8FCFB
:103490000300DAB23B691A747B6804331B681800B6
:1034A00006F0CEFC0300DAB23B695A747B6808333D
:1034B0001B68180006F0C4FC0300DAB23B699A747A
:1034C00000231800BD4606B080BDC046DCFDFFFFEE
:1034D00090B58DB002AFF86008007A6019000A2438
:1034E0003B19021C1A800823FB180A1C1A80FB686F
:1034F000DB6B7B62FB68DA6A3B191B88D3183B6283
:10350000FB68DA6AFB681B6BD31800221A7014235D
:10351000F9183B6A0A22180006F022FD02001E2359
:10352000FB181A807B693A6A9A4203D07B691B7840
:103530002C2B0CD0184A1949194B009313000A0080
:103540000121012002F040FE16235B4220E07A694F
:10355000FB68DB6AD31A0133BB61FB681A6B1E245C
:103560003B191988BB69CB189A420FD37A6AB823E2
:103570005B00D0587B69591C3B191B881A0007F067
:10358000D5FE3B191A88BB69D31801E00B235B42B7
:103590001800BD460BB090BD74130208330500003F
:1035A0008418020880B586B000AFF86008007A6021
:1035B00019000A23FB18021C1A8008203B180A1C59
:1035C0001A80FB68DB6B7B617A69B8235B00D35898
:1035D0003B613B181B88002B23D07B681B681B7842
:1035E0002E2B1ED07B681B68104A11001800ECF7C8
:1035F0008BFD031E15D03A69A0239B00D3585B01B5
:103600003A69D0187B681B68094A202107F090FBB3
:103610003A69A0239B00D358591C3A69A0239B0008
:10362000D15000231800BD4606B080BDA81802087E
:10363000B418020890B58DB002AFF86008007A6047
:1036400019000A243B19021C1A800823FB180A1CC3
:103650001A80FB68DB6B7B62FB68DA6A3B191B88AC
:10366000D3183B62FB68DA6AFB681B6BD318002235
:103670001A701423F9183B6A0A22180006F070FC2D
:1036800002001E23FB181A807B693A6A9A4203D013
:103690007B691B782C2B0CD01849AC23DA00184B13
:1036A00000930B000121012002F08EFD16235B42E6
:1036B00020E07A69FB68DB6AD31A0133BB61FB68DF
:1036C0001A6B1E243B191988BB69CB189A420FD379
:1036D0007A6AB8235B00D0587B69591C3B191B8858
:1036E0001A0007F023FE3B191A88BB69D31801E0C2
:1036F0000B235B421800BD460BB090BD741302084B
:10370000B818020880B586B002AFF86008007A6089
:1037100019000A23FB18021C1A8008203B180A1CF7
:103720001A803B181B88002B0DD07B681B68019307
:10373000074B0093002300220021032002F044FDE8
:10374000052004F09DFC00231800BD4604B080BD98
:10375000D818020880B582B000AF78607A68F2238A
:103760005B000021D1507A68F0235B000021D1502A
:103770007B68A821054A5A507B68CC21044A5A50DC
:1037800000231800BD4602B080BDC046C5430108F5
:103790005547010880B582B000AF78607A68F2239F
:1037A0005B00D358002B0BD07A68F2235B00D35810
:1037B000180006F0F5F87A68F2235B000021D1507A
:1037C0007A68F0235B000021D1507B68A822002199
:1037D00099507B68CC220021995000231800BD46E7
:1037E00002B080BDF0B5B7B002AF78603960CF24C9
:1037F0003B1902221A703B68002B0ED03B68012B4C
:103800000BD0174A174B009313008E220121012081
:1038100002F0DAFC3B191B781EE03B68124A0C25CB
:103820007819C02107F084FACF26BC19FA23DA00F0
:1038300079197B681800FCF7DAFD03002370BB19C7
:103840001B78002B05D13B68D9B27A68D6235B0080
:10385000D154CF23FB181B781800BD4635B0F0BDFE
:10386000F0180208001902083019020880B582B069
:1038700000AF7860054A06497B681800FCF7B7FD81
:1038800003001800BD4602B080BDC046701700009E
:103890006819020890B5BFB000AF78603960322374
:1038A000F4243A191360F323FB1800221A70D02372
:1038B000FB18180021231A00002107F0D7FBC823AA
:1038C000FB18180006231A00002107F0CFFBF22393
:1038D000FB1800221A703B6829229B5C002B09D040
:1038E0003B6829229B5C312B04D83B6829229B5CD6
:1038F0003A1913603B6827229B5C002B04D03B687D
:1039000027229B5C012B06D13B682722995C334B15
:103910002722995405E0314BF322BA182721127857
:103920005A543B681B78002B08D03B682B4A100088
:10393000190021231A0007F0F9FC0AE0274BD022D6
:10394000BA1813CA13C313CA13C303CA03C3127822
:103950001A703B6821229B5C002B0AD03B68213304
:1039600019001E4B21229B180622180007F0DEFCCE
:1039700008E01A4B2122C82179189B18062218004A
:1039800007F0D4FC3B6828229B5C002B0BD03B68E3
:1039900028229B5C0C2B06D83B682822995C0F4B95
:1039A0002822995405E00D4BF222BA1828211278EA
:1039B0005A54F423FB181B68094A08243819C021FB
:1039C00007F0B6F9FA23DA0039197B681800FCF71A
:1039D0000EFD03001800BD463FB090BDE80000207A
:1039E00078190208F0B5C9B006AF7860CC23FB188F
:1039F000180023231A00002107F038FB7A68F2230D
:103A00005B00D358002B1AD1E6239B00180005F069
:103A100017FF01007A68F2235B00D1507A68F22325
:103A20005B00D358002B0AD1434A444B0093130048
:103A3000FF220121012002F0C7FB022377E07A6810
:103A4000F0235B00D358002B0ED07A68F2235B0082
:103A5000D358E62292000021180007F007FB7A688D
:103A6000F0235B000021D1507A68F4235B00002131
:103A7000D150334B21229B5C9C46314B22229B5CD4
:103A800019002F4B23229B5C1C002D4B24229B5C96
:103A90001D002B4B25229B5C1E00294B26229B5C84
:103AA000284AF02038180493039602950194009157
:103AB0006346142107F03CF9214B1B78002B07D1FA
:103AC0001F4B214ACC217818232107F031F906E059
:103AD0001B4B1E4ACC217818232107F029F9184BDB
:103AE00027229B5C1C001A4AF0257B191100180044
:103AF000ECF70AFB031E01D07B1900E0154B104ABE
:103B00002821525C1100144A0C2578190291019366
:103B1000CC23FB1800932300C02107F009F9FA23F6
:103B2000DA0079197B681800FCF761FC03001800C3
:103B3000BD4643B0F0BDC046F01802089C1902080B
:103B4000E8000020D0190208F8190208FC19020840
:103B5000041A0208181A02081C1A020890B5B5B017
:103B600002AF786039603B6868229B5A19003B6855
:103B70006A229B5A094A0824381900930B00C02175
:103B800007F0D6F8FA23DA0039197B681800FCF739
:103B90002EFC03001800BD4633B090BD381A020851
:103BA000F0B5C64600B5BAB006AF78603960CB2331
:103BB000FB1802221A700023CC22BA1813603B684B
:103BC000DB6E002B07D0704A70497B681800FCF749
:103BD0000EFC0300D2E03B681B78002B0ED16C4931
:103BE0003623FF331A006B4B00930B000121012099
:103BF00002F0EAFACB23FB181B78BFE03B6868228F
:103C00009A5AE1235B019A420DD961499E235A00D9
:103C1000614B00930B000121012002F0D5FA3B68B3
:103C20006822002199523B686A229A5AFA239B0023
:103C30009A420ED956494223FF331A00574B00933C
:103C40000B000121012002F0BFFA3B686A2200212B
:103C5000995239683B682133514A08243819009336
:103C60000B00C02107F064F803001A00CC217B1878
:103C70001B689B187A1813603B6861229B5C002BC1
:103C800030D03A197B181B68D0187B181B68C022EB
:103C9000D11A3B6861229B5C98463B6862229B5C20
:103CA0001C003B6863229B5C1D003B6864229B5C9C
:103CB0001E003B6865229B5C9C463B6866229B5CC1
:103CC000384A049363460393029601950094434651
:103CD00007F02EF803001A00CC217B181B689B18F4
:103CE0007A1813603B681B6F002B12D03B681B6F68
:103CF000012B0ED026495423FF331A002A4B009380
:103D00000B000121012002F05FFACB23FB181B7886
:103D100034E008257A19CC217B181B68D0187B1851
:103D20001B68C022D11A3B681B6F204A07F000F8BD
:103D3000CB26BC191E4A79197B681800FCF757FB83
:103D400003002370BB191B78002B14D13A687B68E1
:103D500011001800FFF702FF031E0CD00C495C2372
:103D6000FF331A00134B00930B000121012002F0D6
:103D70002BFA022302E0CB23FB181B781800BD4668
:103D800034B080BCB846F0BD70170000541A020869
:103D9000F0180208601A0208781A0208CC1A020801
:103DA0002C1B0208D0190208401B0208641B0208E1
:103DB000B80B00006C1B0208F0B5D3B002AF7860FE
:103DC0003960544BA02252009B18DB1900221A8044
:103DD0004023FF33FB1800221A7080235A004E49FB
:103DE0001023FB18180007F084F99F267600BC19F1
:103DF0000E22BD18494A1023F9187868484B0193E0
:103E000088235B00FB1800932B00FCF715FB0300D5
:103E10002370BB191B78002B02D0BB191B7875E0EF
:103E20003C4BA02252009B18DB191B88032B01D8A6
:103E300002236BE0374BA02252009B18DB191B8832
:103E4000042B22D94024FF343B191A7888256D00B1
:103E50007B199200D3581800FCF746FC7B687D3331
:103E6000FF3318003B191A787B199200D35820228F
:103E7000190007F03EF97A68CE235B000021D15487
:103E80003B191A783B1901321A704024FF343B1950
:103E90001A7888256D007B199200D3581800FCF71A
:103EA00023FC3B191B783A19591C11701A007B1915
:103EB0009200D2587B68D233FF331900100002F011
:103EC00038FC3B191B783A19591C11701A007B19E0
:103ED0009200D358180005F0B3FF030019007A6868
:103EE000D4235B00D1503B191B783A19591C11702F
:103EF0001A007B199200D358180005F0A1FF0200A8
:103F00003B681A609F235B00FB181B781800BD46B6
:103F100051B0F0BDCEFEFFFF981B0208A41B0208A3
:103F20007017000090B5B3B000AF786039603B689F
:103F3000084A08243819C02106F0FAFE064A391941
:103F40007B681800FCF753FA03001800BD4633B035
:103F500090BDC046AC1B02087017000090B5B9B008
:103F600002AFF860B9607A600023D422B9180B6000
:103F70000023BA18136011E01F4BD4243A191268B9
:103F80009200D2587B681100180007F077F8031EE2
:103F90000AD03B191B6801333A191360D423FB186C
:103FA0001B68042BE8DD00E0C046D423FB181B6827
:103FB000042B0BDD1149EC235A00114B00930B002D
:103FC0000121012002F000F9022311E0BB68196809
:103FD0000C4A142438197B6800930B00C02106F0AA
:103FE000A7FE094A3919FB681800FCF700FA03001C
:103FF0001800BD4637B090BD2C330208F0180208F7
:10400000F41B0208141C02087017000090B5B3B02E
:1040100000AF786039603B68002B02D03B68FF2B13
:1040200001D902230EE03B68084A08243819C02150
:1040300006F07EFEFA23DA0039197B681800FCF7D7
:10404000D6F903001800BD4633B090BD641F0208C6
:1040500090B5B9B002AF78600A00FB1C1A7000235B
:10406000CC22BA1813600023D422BA18136000239C
:10407000D022B9180B60FB1C1B78012B03D1012344
:10408000BA18136007E0FB1C1B78022B03D1012335
:10409000D422BA181360D423FB1819680D4A0C24D3
:1040A0003819CC23FB181B680193D023FB181B681D
:1040B00000930B00C02106F03BFEFA23DA00391909
:1040C0007B681800FCF793F903001800BD4637B071
:1040D00090BDC0462C210208F0B5D5B002AF786083
:1040E0003960414BA42252009B18DB1900221A8030
:1040F00080235A003D491023FB18180006F0F9FFF1
:104100004826FF36BC190E22BD18394A1023F9186B
:104110007868FA23DB00019388235B00FB18009387
:104120002B00FCF789F903002370BB191B78002BC7
:1041300002D0BB191B7852E02B4BA42252009B18D3
:10414000DB191B88012B01D8022348E08824640076
:104150003B191B68180005F073FE0300A0256D00D5
:104160007A1913603B195B68180005F069FE0300BB
:104170009E225200B9180B607B191B68002B07D1D7
:10418000BB181B68002B03D13B6800221A7022E089
:10419000A0235B00FB181B68012B09D19E235B0049
:1041A000FB181B68002B03D13B6802221A7012E037
:1041B000A0235B00FB181B68002B09D19E235B002A
:1041C000FB181B68012B03D13B6801221A7002E027
:1041D0003B6803221A704823FF33FB181B78180032
:1041E000BD4653B0F0BDC046C6FEFFFF4C210208DD
:1041F0006021020890B589B000AFF86008007A60CD
:1042000019000A23FB18021C1A8008203B180A1CFC
:104210001A80FB68DB6BFB61FA69B8235B00D3583B
:10422000BB613B181B88012B28D9BB691B68032B7A
:1042300024D8BB691A68511CBB69196017243B1943
:104240001A707B6818683B191A7813009B009B183A
:104250005B00BA69D3180433190002F0DDF97B68FA
:10426000043318683B191A7813009B009B185B00F5
:10427000BA69D3180833190002F05BFA002318005A
:10428000BD4609B090BD000080B58AB002AFF860AD
:1042900008007A6019000A23FB18021C1A80082003
:1042A0003B180A1C1A80FB68DB6BFB61FA69B823B8
:1042B0005B00D358BB613B181B88002B0ED07B687A
:1042C0001B683C4A11001800EBF71EFF031E05D1C6
:1042D000BB69842200219954002367E00823FB185E
:1042E0001B88062B55D97B681B68334A11001800C0
:1042F000EBF70AFF031E4CD17B6804331B681800E0
:1043000005F09EFD03007B617B69072B4CD87B6821
:1043100008331B68180005F093FD0300D9B2BA6991
:104320007B691B01D31804330A1C1A707B68103395
:104330001B68180005F084FD03001900BA697B6949
:104340001B01D318083319607B6814331B681800ED
:1043500005F076FD03001900BA697B691B01D318CB
:104360000C3319607B6818331B68180005F068FD72
:1043700003001900BA697B691B01D3181033196057
:10438000BB6984229B5C0133D9B2BB6984229954F6
:104390000AE00A498823DA00094B00930B00012147
:1043A000012001F011FF00E0C04600231800BD46C7
:1043B00008B080BD8421020890210208F01802088C
:1043C0009821020890B58DB002AFF860B9607A60AC
:1043D000FB687B627B6A002B00D187E1BB681B888E
:1043E000002B00D182E17B681B68CB4A11001800CA
:1043F000EBF78AFE031E0CD17B6A80229B58002BB0
:1044000000D175E17B6A80229B58002101209847EA
:104410006EE17B681B68C14A11001800EBF774FE5F
:10442000031E0CD17B6A80229B58002B00D161E1D6
:104430007B6A80229B580021022098475AE17B68C2
:104440001B68B74A11001800EBF75EFE031E0CD183
:104450007B6A80229B58002B00D14DE17B6A802231
:104460009B5800210420984746E17B681B68AD4AB1
:1044700011001800EBF748FE031E24D17B6AF233CB
:10448000FF3319220021180006F0F0FD7B6A7D330E
:10449000FF3321220021180006F0E8FD7B6AA133DA
:1044A000FF3310220021180006F0E0FD7B6A802215
:1044B0009B58002B00D121E17B6A80229B58002170
:1044C000032098471AE17B681B68974A110018007F
:1044D000EBF71AFE031E0CD17B6A80229B58002B3F
:1044E00000D10DE17B6A80229B580021052098476E
:1044F00006E17B681B688D4A11001800EBF704FE8B
:10450000031E16D17B6A80229B58002B00D1F9E054
:104510007B6804331B68180005F092FC03007B6184
:104520007B6A80229B581422BA18110006209847F3
:10453000EFE07B681B687E4A11001800EBF7E4FD92
:10454000031E35D1BB681B88012B31D97B6804332E
:104550001B681800FCF7C8F87B6804331A68182435
:104560003B1904331900100002F0E3F83B1904333F
:104570000621180002F0A8F8031E0AD06D4A6E4901
:104580006E4B009313000A000121012001F01CFE74
:10459000BFE07B6A84229B58002B00D1B4E07B6A89
:1045A00084229B581822BA1811000A209847ABE0C1
:1045B0007B681B68624A11001800EBF7A5FD031E1B
:1045C00035D1BB681B88012B31D97B6804331B684C
:1045D0001800FCF789F87B6804331A6818243B1923
:1045E00004331900100002F0A4F83B19043306212B
:1045F000180002F069F8031E0AD04E499523DA002C
:104600004E4B00930B000121012001F0DDFD80E005
:104610007B6A84229B58002B00D177E07B6A84223E
:104620009B581822BA1811000B2098476EE07B683F
:104630001B68444A11001800EBF766FD031E68D1A1
:10464000BB681B88022B64D97B6804331B68180085
:10465000FCF74AF87B6804331A6818243B190433C2
:104660001900100002F065F83B1904330621180008
:1046700002F02AF8031E0AD02E4A33492F4B00932A
:1046800013000A000121012001F09EFD41E07B683A
:1046900008331B681800FCF727F87B6808331B6891
:1046A00018243A191100180001F0B6FF3B19042133
:1046B000180002F009F8031E0AD01E4A2349244BB1
:1046C000009313000A000121012001F07DFD20E08C
:1046D0007B6A84229B58002B1AD07B6A84229B58C9
:1046E0001822BA1811000C20984711E0C04610E0BB
:1046F000C0460EE0C0460CE0C0460AE0C04608E0F6
:10470000C04606E0C04604E0C04602E0C04600E005
:10471000C046BD460BB090BDB8210208C4210208B6
:10472000D0210208D8210208E8210208F421020859
:10473000FC210208F0180208940400000C22020870
:10474000282202083C220208BC040000C704000022
:104750004822020880B58AB002AFF860B9607A607A
:10476000FB68FB61FB69E133FF33BB61BB69002B75
:1047700000D108E1BB695B68002B00D103E1BB6895
:104780001B88072B00D8F0E0BB691B68132B14D9DA
:10479000BB699B68002B00D0F7E07E4A7E4914235A
:1047A00001937E4B009313000A000121022001F0C7
:1047B0000BFDBB6901229A60E7E07B681B6801334F
:1047C000180005F03DFBBB695A68BB691B682E21C8
:1047D0004B43D318C1B2212299547B6804331B6820
:1047E0001800FBF781FFBB695A68BB691B682E2163
:1047F0004B43D31818007B6804331B682022190030
:1048000006F077FC7B6808331B68180005F018FB7E
:10481000BB695A68BB691B682E214B43D31802B28F
:104820005A847B680C331B681800FBF75DFF7B68BC
:104830000C331868BB695A68BB691B682E214B434F
:10484000D3182433190001F074FF7B6810331B6800
:10485000180005F0F5FABB695A68BB691B682E2180
:104860004B43D318C1B22A2299547B6814331B6876
:10487000180005F0E5FABB695A68BB691B682E2170
:104880004B43D318C1B22B2299547B6818331B6851
:10489000180005F0D5FA03007B617B690F2B0FD060
:1048A0007B690F2B38DC7B69072B14D07B69072BC6
:1048B00032DC7B69012B24D07B69032B16D02BE0E3
:1048C000BB695A68BB691B682E214B43D3182C2245
:1048D000042199542DE0BB695A68BB691B682E21DD
:1048E0004B43D3182C220321995422E0BB695A6808
:1048F000BB691B682E214B43D3182C2202219954EB
:1049000017E0BB695A68BB691B682E214B43D3185B
:104910002C22012199540CE01E4A21497B69019304
:10492000204B009313000A000121012001F04CFCF0
:104930002CE07B681C331B68013300221A707B68F3
:104940001C331B68180005F07BFABB695A68BB6909
:104950001B682E214B43D318C1B22D229954BB6939
:104960001B685A1CBB691A6010E0BB681B88094AA7
:104970000D4901930D4B009313000A000121012002
:1049800001F022FC02E0C04600E0C046BD4608B08F
:1049900080BDC046F0180208E50400006422020849
:1049A00005050000882202080F050000A422020865
:1049B00080B582B000AF78600A00FB1C1A707B687B
:1049C000FA1C12781A74C046BD4602B080BD80B58C
:1049D00082B000AF78607B681B7C1800BD4602B0D7
:1049E00080BD000080B58AB002AFF8603A607B609D
:1049F000FB68002B01D100232EE03B687A6813434B
:104A000002D1FB681B6827E0FB68FB61FB681B6841
:104A1000BB61FB6920337B613B685B42BA69D31899
:104A20007A699A420AD90E4A0E4B00931300B822B3
:104A30000121012001F0C8FB00230DE03B685B422F
:104A4000BA69D218FB681A60FB685A683B68D218CA
:104A5000FB685A60FB681B681800BD4608B080BD43
:104A6000C8220208D422020880B58AB002AFF860DA
:104A70003A607B60FB68002B01D100232FE03B688C
:104A80007A68134302D1FB681B6828E0FB68FB616E
:104A9000FB681B68BB61FB689B682033FA69D3180D
:104AA0007B613B68BA69D3187A699A420AD20E4A86
:104AB0000E4B00931300D5220121012001F084FB4D
:104AC00000230CE03B68BA69D218FB681A60FB68E7
:104AD0005A683B68D21AFB685A60FB681B6818006A
:104AE000BD4608B080BDC046C8220208F8220208B0
:104AF00080B588B000AF786039602023BB617A68E8
:104B00003B68D3180333032293437B61BA697B6903
:104B1000D318180004F094FE03003B613B69002B9E
:104B200001D100232FE03B690022DA603B697A68FB
:104B30005A603B697A699A60BA693B68D3183A69E6
:104B4000D2183B691A603B6910331022002118000B
:104B500006F08CFA7A697B68D21A3B68D31AFB613B
:104B60000DE0BB693A69D318FB607A69FB69D31A17
:104B7000FA68D31888221A70FB69013BFB61FB6954
:104B8000002BEED13B691800BD4608B080BD80B552
:104B900082B000AF78607B68002B03D07B68180080
:104BA00004F0FEFEC046BD4602B080BDB0B584B084
:104BB00000AF78600023BB607B685B6B002B02D08A
:104BC0007B685B6B2CE07B689B690822B91800222C
:104BD000180002F0E9FC0300FB60FB68012B01D028
:104BE0000023BB60BA687B685A63BB68002B16D091
:104BF0007B689A6BDB6B0120002112184B417968AE
:104C00008A63CB637B681A6C5B6CB96849680C007B
:104C100000210D0012196B4179680A644B64BB686E
:104C20001800BD4604B0B0BD80B584B002AF786056
:104C30007B681A785B781B0213439BB21D4A934230
:104C400014D07B681A785B781B0213439BB2180060
:104C500019492A23FF331A000190184B00930B00C7
:104C60000121012001F0B0FA00231FE07B689A784F
:104C7000DB781B0213439AB2BE23DB009A4214D99D
:104C80007B689A78DB781B0213439BB218000A49B1
:104C90003023FF331A000190094B00930B000121D0
:104CA000012001F091FA002300E001231800BD4625
:104CB00002B080BDAA550000C822020818230208CD
:104CC0003023020880B58AB002AFF860B9607A601C
:104CD000FB68BB617B68002B0FDB7A6813005B010C
:104CE0009B1A9B009B18DB001A00FA239900100006
:104CF000EBF730FA0300FB6102E001235B42FB614A
:104D0000BB69D868B968FB6900930023012201F0F0
:104D10006AFF03007B617B69BA68134001D00123FD
:104D200000E000231800BD4608B080BD80B582B009
:104D300000AF786039607B68DB683A681100180062
:104D400001F0FCFF00231800BD4602B080BD00004A
:104D500080B588B002AFF860B9607A601A00BB1CF9
:104D60001A80FB68002B05D0BB68002B02D07B6843
:104D7000002B02D101235B4275E0BB1C1B88002B7A
:104D800001D100236FE0BB1C1B88082B24D8BB1C5F
:104D90001A887968B868642304F0A6FF03007B6171
:104DA0007B69002B5EDA3249B3235A007B69019399
:104DB000304B00930B000121012001F005FAFB6844
:104DC0001A6E5B6E0120002112184B41F9680A66C9
:104DD0004B6602235B4246E0BB1C1A887968BB68BD
:104DE000180004F0B7FF03007B617B69002B18DA21
:104DF0001F49B8235A007B6901931E4B00930B0097
:104E00000121012001F0E0F9FB681A6E5B6E0120C0
:104E1000002112184B41F9680A664B6602235B4277
:104E200021E0FA235A00FB6808211800FFF74AFF27
:104E3000031E17D10E497823FF331A000E4B00933F
:104E40000B000121012001F0BFF9FB689A6FDB6FB5
:104E50000120002112184B41F9688A67CB670323B0
:104E60005B4200E000231800BD4606B080BDC0468E
:104E7000C8220208442302085C23020880B588B0D7
:104E800002AFF860B960BB1D1A80FB68002B02D02E
:104E9000BB68002B02D101235B4276E0BB1D1B885F
:104EA000002B01D1002370E0BB1D1B88082B25D8E7
:104EB000BB1D1A88B9686423002004F015FF0300A5
:104EC0007B617B69002B5FDA32499423FF331A0040
:104ED0007B690193304B00930B000121012001F00D
:104EE00073F9FB681A6E5B6E0120002112184B41AA
:104EF000F9680A664B6602235B4246E0BB1D1A88CE
:104F0000BB681900002004F025FF03007B617B696A
:104F1000002B19DA1F499E23FF331A007B69019386
:104F20001D4B00930B000121012001F04DF9FB689E
:104F30001A6E5B6E0120002112184B41F9680A6657
:104F40004B6602235B4220E0FA235A00FB680821EB
:104F50001800FFF7B7FE031E16D10E49D2235A00E0
:104F60000E4B00930B000121012001F02DF9FB688D
:104F70009A6FDB6F0120002112184B41F9688A6794
:104F8000CB6703235B4200E000231800BD4606B058
:104F900080BDC046C82202087C2302089023020874
:104FA000F0B5CE46474680B59DB008AFF860B96011
:104FB0007A6001235B423B6400237B6100237B64B6
:104FC000FB6801221A617B68002B1FD0FA23DA00EC
:104FD000FB6802211800FFF775FE031E16D1FB685F
:104FE0001A6F5B6F0120002112184B41F9680A67A4
:104FF0004B67DD49E0235A00DC4B00930B00012195
:10500000012001F0E1F801235B42DFE2FB680C21A3
:105010001800FFF78BFEBF23DB0000211800FFF70D
:1050200067FD03007B617B69002B19D1CE49CC233E
:10503000FF331A00CE4B00930B000121012001F039
:10504000C3F8FB6888331A685B68012000211218D6
:105050004B41F96888310A604B6001235B42B5E23D
:10506000BB68002B00D185E03F23FE18BB68180009
:10507000FFF7ADFC03003370FB685B69002B56D172
:10508000BB681B68BB63BB685B689AB236203B1881
:10509000083A1A80BB6B1A7800210A40111C56226C
:1050A00052420A431A705A7800210A40111C5522B4
:1050B0000A435A70BB6B3F22BA1812785A71BB6B05
:1050C0001A7903218A431A71BB6B1A7904218A4326
:1050D0001A71BB6B1A7907210A401A71BB6B3A1817
:1050E0001678997800200140081C311C0143997002
:1050F0005078DA7800210A40111C021C0A43DA7049
:10510000BB6B9A7900210A409A71DA7900210A4032
:10511000DA71BB681B68FB64BB685B689BB20333D6
:105120009AB24A23FB1803218A431A8044E01820CC
:105130003B18904A1A803B1800225A713B181A7982
:1051400003218A431A713B181A7904218A431A7180
:105150003B181A7907210A401A713B1800225A801D
:105160003B180022DA803B18FB644A23FB18082214
:105170001A8021E018203B187E4A1A803B18002232
:105180005A713B181A7903218A431A713B181A790C
:1051900004218A431A713B181A7907210A401A71AF
:1051A0003B1800225A803B180022DA803B18FB642F
:1051B0004A23FB1808221A807B691A684A23FB18C5
:1051C0001B88F96CF868FFF7C3FD031E0AD0664917
:1051D000F9235A00684B00930B000121012000F0D5
:1051E000F3FFEBE17B691B683B633B6B1800FFF748
:1051F0001BFD0300FB62FB6A002B49D13B6B1A7855
:105200005B781B0213439BB218003B6B9A78DB78E8
:105210001B0213439BB21C003B6B9A78DB781B028A
:1052200013439BB21D003B6B1B799B079B0FDBB2AB
:105230001E003B6B5B799C463B6B1B791B06DB0EB0
:10524000DBB298463B6B9A79DB791B0213439BB226
:1052500099464549FF235A004B4607934346069318
:10526000634605930496039502940190434B009383
:105270000B000121012000F0A7FFFB689A6EDB6E96
:105280000120002112184B41F9688A66CB6695E12E
:10529000FB685B69002B13D13B6B1B790422134025
:1052A000DBB2002B15D0FB6890331A685B680120D5
:1052B000002112184B41F96890310A604B6008E0F8
:1052C0003B6B1B7904221340DBB2002B01D101237D
:1052D0007B643B6B1B795B07DB0FDBB21A00FB685F
:1052E0005A613B6B9A78DB781B0213439BB20833FD
:1052F0001A004A26BB191B889A4245D97B691B684C
:10530000BB623B6B9A78DB781B0213439AB2BB19E2
:105310001B88D31A9AB226203B1808321A80FB68E1
:1053200002221A613B181B8803339AB23B180321EF
:105330008A431A80BB191B88BA6AD318BB623B1810
:105340001A88B96AFB681800FFF798FD031E1BD086
:10535000054A0B490B4B009313000A000121012061
:1053600000F032FF2AE1C046C8220208B02302083A
:10537000D8230208AA550000EC23020810240208D2
:105380001F0200007C240208BB68002B0DD0FB68C4
:105390005B69002B09D17B6C002B06D1FB680022D6
:1053A0005A63BB681800FFF7F2FB3B6B9A78DB7817
:1053B0001B0213439BB2002B00D1D9E0FB689A6C0F
:1053C000DB6C0120002112184B41F9688A64CB6420
:1053D000FB681A6D5B6D396B8878C97809020143E7
:1053E00089B20C0000210D0012196B41F9680A65A1
:1053F0004B657969082200230800FFF735FB3B6BFA
:105400009A78DB781B0213439AB27B695A60252194
:105410007B183A6B52791A707A690C007B181B78EA
:1054200019001000FFF7C4FA21007B181B78042B29
:1054300000D98EE0FB6830229B5C1A007B181B7839
:105440001A4113000122134000D182E03B6B9A788D
:10545000DB781B0213439BB2FF2B3CD83B6B9A7843
:10546000DB781B0213439BB200211800FFF740FBBF
:1054700003003B623B6A002B16D1584A5849594BEE
:10548000009313000A000121012000F09DFEFB683B
:1054900088331A685B680120002112184B41F968B3
:1054A00088310A604B6016E07B69DA683B6ADA6033
:1054B0003B6A18687B6919683B6B9A78DB781B023A
:1054C00013439BB21A0004F095FB7B691800FFF7A9
:1054D0005EFB3B6A7B612523FB181B78FA68063369
:1054E0009B00D3180433186801235A421423F91877
:1054F000002301F01AFF0300FB62FB6A012B0ED0B0
:105500007B691800FFF743FBFB689A6DDB6D012098
:10551000002112184B41F9688A65CB6530E02521DE
:105520007B181A78FB6826329200D358002B27D0BC
:105530007B181A78FB6826329200D2587B181B78A9
:10554000F9682A339B00CB1804331B681800904776
:1055500016E07B691800FFF71AFBFB689A6DDB6D9C
:105560000120002112184B41F9688A65CB6519E0CA
:105570007B69002B16D07B691800FFF708FB11E050
:10558000C0460FE004F016FC031E14D0FB68803305
:105590001A685B680120002112184B41F9688031BC
:1055A0000A604B60FB68642204211800FFF78AFB45
:1055B000031EE7D000E0C046002307E07B69002B14
:1055C00003D07B691800FFF7E2FA3B6C1800BD4678
:1055D00015B0C0BCB946B046F0BDC046C8220208EE
:1055E0004A020000D823020880B586B000AF786078
:1055F00039607B681800FFF7D9FA03003B6104F0BB
:10560000D9FB0300FB603B69002B02D1FB68012B37
:105610001CD1012004F0DCFB3B680122134006D0C2
:105620003B68012293433B6000237B6101E001233F
:105630007B617A6939697B681800FFF7B1FC00204B
:1056400004F0C6FB7B6803221A61D2E7002318002E
:10565000BD4606B080BD80B586B002AF78607B687D
:10566000FB6023E0FB6800221A610323BB60FB6838
:10567000D868B96801235B4200930023012201F03E
:10568000B2FA0300BB60BB680222134005D0FB687E
:1056900001211800FFF7A8FF08E0BB6801221340B2
:1056A00004D0FB6800211800FFF79EFFFB685B68D1
:1056B000002BD7D0C046C046BD4604B080BD000018
:1056C00080B584B002AF474B14220021180005F0CA
:1056D000CDFC454B30220021995401F069FA0200BB
:1056E000414BDA60404BDB68002B0DD13F4A40490B
:1056F000404B009313000A000121012000F064FDDB
:1057000001235B427B6050E000220421082001F06D
:105710007CFD0200344B9A61334B9B69002B0DD109
:105720003249BA239A00344B00930B000121012027
:1057300000F04AFD01235B427B6036E02F4B1800EE
:1057400004F0A4FA284B00225A60274A2C492D481D
:10575000254B0193352300931300C02202F0D6FAA3
:10576000214B1B68002B0DD1204A2749274B009362
:1057700013000A000121012000F026FD01235B42F5
:105780007B6012E004F016FB0300012B05D1164BE1
:10579000DB680221180001F0F9FA134B00225A616C
:1057A000114B01229A60002318E00F4B9B69002BDC
:1057B00007D00D4B9B69180002F08CF80A4B0022B1
:1057C0009A61094BDB68002B07D0074BDB68180098
:1057D00001F058FB044B0022DA607B681800BD46DC
:1057E00002B080BD9C0C0020800C0020C822020862
:1057F000DF020000A4240208CC2402081D5F010877
:10580000E424020857560108F6020000F4240208B6
:1058100080B582B000AF234B1B68002B07D0214B13
:105820001B68180002F0C8FB1E4B00221A601D4BBB
:105830009B69002B04D01B4B9B69180002F04AF8AF
:10584000184BDB68002B04D0164BDB68180001F006
:1058500019FB00237B6015E0124A7B6806339B002E
:10586000D31804331B68002B09D00E4A7B6806331B
:105870009B00D31804331B68180002F02BF87B68D8
:1058800001337B607B68042BE6DD064BC0220021E0
:10589000180005F0EBFB04F013FA00231800BD46D6
:1058A00002B080BD800C002080B58AB002AF786065
:1058B00039600023FB601B23FB1800221A707B68F1
:1058C000002B07D07B681B7C002B06D07B681B7CE1
:1058D000022B02D001235B42E4E07B681B7C002B9F
:1058E0000AD17B681B68002B03D07B685B68002BA8
:1058F0000DD101235B42D5E07B681B7C022B06D1D6
:105900007B681B68002B02D101235B42CAE0674B16
:105910009B68002B0CD1664A6649674B00931300C5
:105920000A000121012000F04FFC02235B42B9E094
:105930007B689B68002B20D07B689B681B78012BC1
:105940001BD17B689B685B78012B0CD17B689B68C3
:105950005B68002B07D07B689B685A681B23FB1889
:1059600012781A7009E0524A5449554B00931300BB
:105970000A000121012000F027FC1B217B181B7865
:10598000042B0AD8494B30229B5C1A007B181B78E9
:105990001A4113000122134010D11B23FB181B785E
:1059A0004349E02292000193464B00930B000121F2
:1059B000012000F009FC03235B4273E01B23FB186A
:1059C0001B783A4A06339B00D31804331B687B616B
:1059D0003B68002B03DA01235B42FB610EE03A686F
:1059E00013005B019B1A9B009B18DB001A00FA2333
:1059F00099001000EAF7AEFB0300FB617B681B7C9B
:105A0000002B02D0022B37D04AE0FA690C23F91898
:105A10007B69180001F0C8FD03003B613B69012B65
:105A200002D004235B423DE07B685A68FB685B68F8
:105A30009A420BD3FB685A687B685A607B68DB68C4
:105A4000012293431A007B68DA6005E07B68DB681B
:105A500001221A437B68DA607B681868FB68196862
:105A60007B685B681A0004F0C5F8FB681800FFF754
:105A70008EF87B685B6815E07B681968FA697B695A
:105A8000180001F091FD03003B613B69012B02D03E
:105A900004235B4206E07B681B681B685B6801E0CF
:105AA00001235B421800BD4608B080BD800C002079
:105AB000C8220208650300001C25020877030000C5
:105AC000442502086825020880B58AB002AF7860D4
:105AD00039601B23FB1800221A7000237B617B684E
:105AE000002B07D07B681B7C002B06D07B681B7CBF
:105AF000012B02D001235B42CAE0674B9B68002B5D
:105B00000CD1664A6649674B009313000A000121D5
:105B1000012000F059FB02235B42B9E07B689B68DF
:105B2000002B20D07B689B681B78012B1BD17B68E6
:105B30009B685B78012B0CD17B689B685B68002BB2
:105B400007D07B689B685A681B23FB1812781A7071
:105B500009E0524A5449554B009313000A000121B1
:105B6000012000F031FB7B681B7C002B02D0012B55
:105B700026D033E07B681B68002B03D07B685B6812
:105B8000002B02D101235B4282E07B685B68082125
:105B90001800FEF7ADFF0300FB60FB68002B02D18D
:105BA00003235B4274E07B685B687B61FB68186879
:105BB0007B6819687B685B681A0004F01BF80DE0CD
:105BC0007B681B68002B02D101235B4260E07B688D
:105BD0001B68FB60FB685B687B61C046FA681B233F
:105BE000FB181B7819001000FEF7E2FEF968082286
:105BF00000230800FEF7F6FE031E14D1274A2C49A5
:105C00002C4B009313000A000121012000F0DCFA64
:105C10007B681B7C002B03D1FB681800FEF7B7FFE5
:105C200004235B4234E03B68002B03DA01235B4230
:105C3000FB610EE03A6813005B019B1A9B009B1806
:105C4000DB001A00FA2399001000EAF783FA030038
:105C5000FB61114B9869FA690C23F918002301F0D4
:105C600064FB03003B613B69012B0AD07B681B7C12
:105C7000002B03D1FB681800FEF789FF05235B4268
:105C800006E0054BDB680121180001F07FF87B6915
:105C90001800BD4608B080BD800C0020C822020854
:105CA000D50300009C250208E703000044250208F4
:105CB00017040000C425020890B587B004AF0200A5
:105CC0003960FB1D1A703B68002B01DC08233B6028
:105CD0003F4B9B68002B0CD13E498A23DA003E4B98
:105CE00000930B000121012000F06EFA01235B42BA
:105CF00069E0FB1D1B78042B11D9FB1D1B78354A6D
:105D00003648042102910193354B009313000200A1
:105D10000121012000F058FA02235B4253E02C4B92
:105D200030229B5C1A00FB1D1B781A4113000122D4
:105D300013400FD0FB1D1B78264A2A4901932A4B9A
:105D4000009313000A000121012000F03DFA032313
:105D50005B4238E03868FB1D1C780022042101F00A
:105D600054FA01001A4AA31D9B00D318043319608A
:105D7000FB1D1B78164A06339B00D31804331B689F
:105D8000002B0FD1FB1D1B78124A18490193184BA9
:105D9000009313000A000121012000F015FA0423EA
:105DA0005B4210E00A4B30229B5C5AB2FB1D1B7811
:105DB000012199400B005BB213435BB2D9B2044B93
:105DC0003022995400231800BD4603B090BDC04650
:105DD000800C0020C82202089C25020856040000FE
:105DE000E42502085E040000102602086604000094
:105DF0003426020880B584B000AFB9607A600F2104
:105E00007B18021C1A707B181B78042B02D9012303
:105E10005B4211E00F203B181A78094B26329200A2
:105E2000B968D1503B181B78054A2A339B00D31818
:105E300004337A681A6000231800BD4604B080BDA0
:105E4000800C002080B584B000AF174BDB68002BBE
:105E500024D0EFF30583FB60FB68002B02D1002305
:105E6000BB6001E00123BB60BB68002B10D00023A6
:105E70007B600D4BDB683A1D0221180001F060F8D1
:105E80007B68002B0AD0094B802252051A6005E07E
:105E9000054BDB680221180000F078FF0023180092
:105EA000BD4604B080BDC046800C002004ED00E07B
:105EB00080B584B000AF174BDB68002B24D0EFF324
:105EC0000583FB60FB68002B02D10023BB6001E06F
:105ED0000123BB60BB68002B10D000237B600D4BFF
:105EE000DB683A1D0421180001F02AF87B68002BBA
:105EF0000AD0094B802252051A6005E0054BDB6889
:105F00000421180000F042FF00231800BD4604B031
:105F100080BDC046800C002004ED00E080B584B058
:105F200000AF164BDB68002B24D0EFF30583FB603A
:105F3000FB68002B02D10023BB6001E00123BB60A2
:105F4000BB68002B10D000237B600C4BDB683A1D34
:105F50000821180000F0F4FF7B68002B0AD0084BE2
:105F6000802252051A6005E0044BDB680821180006
:105F700000F00CFFC046BD4604B080BD800C002080
:105F800004ED00E080B582B000AF0B4B1B68002B26
:105F900002D001235B420AE0FFF792FB03007B6023
:105FA0007B68002B02D1044B01221A607B68180029
:105FB000BD4602B080BDC046400D002080B500AF98
:105FC000044B00221A60FFF723FC03001800BD46B3
:105FD00080BDC046400D002080B586B000AFB960DE
:105FE0007A600F217B18021C1A70BA687B181B7824
:105FF00011001800FFF760FE03007B617B69002B36
:1060000001D07B6916E07B68002B12D00F22BB18F1
:106010001B78012B03D0BB181B78022B09D17968A0
:106020000F23FB181B7800221800FFF7E3FE030084
:106030007B617B691800BD4606B080BDB0B58EB0EF
:1060400000AFB96011007B600F243B19021C1A706D
:106050000C203B180A1C1A8028257B197B637B6B5C
:1060600001221A707B6B01225A707B6B3A195A60BD
:1060700014217B183B633B6B00221A743B6B7A192B
:106080009A603B6B0022DA607B18BA681A603B1892
:106090001A887B185A607A687B1811001800FFF77D
:1060A00013FD03001800BD460EB0B0BDB0B58EB0F4
:1060B00000AFB96011007B600F243B19021C1A70FD
:1060C0000C203B180A1C1A8028257B197B637B6BEC
:1060D00001221A707B6B01225A707B6B3A195A604D
:1060E00014217B183B633B6B00221A743B6B7A19BB
:1060F0009A603B6B0022DA607B18BA681A603B1822
:106100001A887B185A607A687B1811001800FFF70C
:10611000CBFB03001800BD460EB0B0BD80B586B005
:1061200002AF7860214B04221A60204B00225A6093
:106130001F4B00221A607B68002B31D01B4B7A6802
:106140009A6000220421C82001F05FF80200184B79
:106150001A60174B1B68002B05D1164B180004F072
:10616000DDFD00231EE014491448154B019319234B
:1061700000930023402201F0C9FD0300FB60FB688F
:10618000012B0DD00A4B1B68180001F0A3FB084B34
:1061900000221A600B4B180004F0C0FD002301E040
:1061A000034B1B681800BD4604B080BD28010020C9
:1061B000440D0020202902083C290208F56401084A
:1061C000480D002048290208F0B5A9B002AFF860D8
:1061D0007A603B600B23FB180A1C1A700023942280
:1061E000BA1813601823FB18180064231A00002142
:1061F00004F03CFFB54B1B68FA689A4202D8FB6872
:10620000042B02D901235B425BE1B04B5A68802327
:106210005B019A4205D9AE4B180004F07FFD0023C4
:106220004FE10C2003F00CFB03003B613B69002BAA
:1062300005D1A84B180004F071FD002341E1AC2307
:1062400008229B18DB19FB670B23FB181B78002B1C
:1062500000D1A2E0A04BFA689200D3589F4A1825BB
:106260007819642104F064FD020094243B191B6832
:106270009B183A19136002F021F803008826BA1916
:1062800013607A193B191B68D0183B191B686422EC
:10629000D31A1900BB191B68914A04F049FD02008A
:1062A0003B191B689B183A19136002F0B1FB0300FD
:1062B000180002F021F803008426BA191360BB19F4
:1062C0001B68002B17D03B191B68632B13DC7A1952
:1062D0003B191B68D0183B191B686422D31A19009C
:1062E000BB191B687D4A04F023FD02003B191B68A3
:1062F0009B183A1913609423FB181B68632B4CDC22
:106300003B68002B49D07B68002B46D03B6890242B
:106310003A1913603B191B682F21180004F0FDFE89
:1063200003008022B9180B60BB181B68002B05D036
:10633000BB181B6801333A19136013E090243B1912
:106340001B685C21180004F0E8FE03008022B918E5
:106350000B60BB181B68002B04D0BB181B680133F3
:106360003A1913601823FA1894257B191B68D01862
:106370007B191B686422D31A1C009023FB18196830
:10638000584A7B6800930B00210004F0D1FC020006
:106390007B191B689B187A1913609423FB181B68E0
:1063A000632B02DD72B6C046FDE7FB6FA822082111
:1063B0005218D219126814217818022104F08AFDAB
:1063C00003008C217A1813609423FB181B68013397
:1063D0007A181268D3187A1813607B181A68FA238F
:1063E000DB009A4203DDFA23DB007A1813608C236A
:1063F000FB181B683C69180003F022FA0300A36035
:106400003B699B68002B09D13B69180003F0C8FA6F
:10641000354B180004F082FC002352E02B4B5A68E5
:106420008C257B191B68D218284B5A603B697A1956
:1064300012685A603B699B6894243A1912681821C3
:106440007918180004F055FE3B699A683B191B68DF
:10645000D0187B191968FB6FA82208255219D21988
:10646000126804F037FD02003B191B689B183A19AB
:1064700013603B699A683B191B68591C3819016005
:10648000D31800221A703B6901221A60174B186852
:106490001023F9180023002200F047FF0300012B0E
:1064A0000CD03B699B68180003F07AFA3B6918002E
:1064B00003F076FA0E4B180004F030FC9423FB181E
:1064C0001B681800BD4627B0F0BDC046280100205B
:1064D000642902087C29020814010020902902087E
:1064E00098290208A0290208AC290208440D0020BE
:1064F000C829020880B584B000AF78600023FB6033
:106500001E4B1B68012252420C217918180001F021
:106510004BF80300012BF3D1FB68002BF0D0FB6894
:106520009B68002BECD0164B9B68002B0BD0144BB8
:106530009A68FB689B6818009047124B1B689B6821
:10654000180004F0B9FAFB689B68180003F028FAF9
:10655000FB68180003F024FAFB681B68012BCFD1FD
:10656000074B5A68FB685B689A42C9D3044B5A6868
:10657000FB685B68D21A024B5A60C1E7440D0020E9
:10658000280100204401002080B584B000AF78606D
:1065900039600023FB600B23FB1800221A707B6814
:1065A0001B785A1C1B4BD3181B781A00442313402A
:1065B00018D101235B4228E0FB681B01FB607B686C
:1065C0001B78180000F00DF903001A00FB689B18F7
:1065D000FB607B6801337B600B217B181A787B188A
:1065E00001321A707B681B785A1C0A4BD3181B782F
:1065F0001A0044231340DFD13B68002B04D03B68D2
:106600000B22BA1812781A70FB681800BD4604B045
:1066100080BDC0466833020880B586B000AF7860A0
:1066200039601723FB1800221A7000233B610023F6
:10663000FB602EE00C23F9187B680A22180003F097
:106640008FFC03003B613B69002B06DB3B69FF2BA2
:1066500003DCFB687A689A4206D13B680422002179
:10666000180004F003FD2CE01722BB181B78BA18A1
:10667000591C11701A003B689B183A69D2B21A7003
:10668000FB687B607B681B782E2B02D17B68013313
:106690007B607B681B78002B04D01723FB181B78CA
:1066A000032BC7D91723FB181B78042B03D17B6856
:1066B0001B78002B05D03B6804220021180004F051
:1066C000D5FCBD4606B080BD80B586B000AF786011
:1066D000396000237B6100233B610023FB601FE0E6
:1066E000FB687A68D3181B78FF2B02D17B690133D2
:1066F0007B61FB687A68D3181B78002B02D13B6959
:1067000001333B617A693B689A4203D03A693B683E
:106710009A4202D101235B4207E0FB680133FB6030
:10672000FB683A689A42DBD800231800BD4606B0E1
:1067300080BD80B586B000AF786039601723FB1844
:1067400000221A7011233B6132E00B217B180122D9
:106750001A707B681B783A2B1DD07A187B68110061
:106760001800FFF711FF0300FB60FB68002B06DA3F
:106770003B6806220021180004F078FC2EE0172266
:10678000BB181B78BA18591C11701A003B689B186B
:10679000FA68D2B21A700B217B181B781A007B683A
:1067A0009B187B607B181B781A003B699B1A3B6126
:1067B0007B681B78002B02D03B69002BC5DC1723BC
:1067C000FB181B78062B03D17B681B78002B05D0A8
:1067D0003B6806220021180004F048FCBD4606B0C4
:1067E00080BD80B582B000AF0200FB1D1A70FB1D9A
:1067F0001B782F2B08D9FB1D1B78392B04D8FB1DC8
:106800001B78303BDBB21AE0FB1D1B78602B08D9EC
:10681000FB1D1B78662B04D8FB1D1B78573BDBB296
:106820000DE0FB1D1B78402B08D9FB1D1B78462B68
:1068300004D8FB1D1B78373BDBB200E000231800B7
:10684000BD4602B080BD000090B583B000AF02002D
:106850003960FB1D1A70FB1D1B787F2B28D82F4A2F
:10686000FB1D1B785BB29B08C0339B009B58FA1D35
:106870001278110003220A40D200FF2191400A0041
:10688000D2431A4011003B689B01FF221A40FB1DB6
:106890001B78180003230340DB009A401F48FB1DB0
:1068A0001B785BB29B080A43C0339B001A5031E04F
:1068B0001B4AFB1D1B7819000F230B40083B9B084C
:1068C00006339B00D31804331B68FA1D127811009D
:1068D00003220A40D200FF2191400A00D2431A400D
:1068E00011003B689B01FF221A40FB1D1B7818001A
:1068F00003230340DB009A400948FB1D1B781C0062
:106900000F232340083B9B080A4306339B00C31810
:1069100004331A60C046BD4603B090BD00E100E0FC
:1069200000ED00E080B500AF054B1B6802F07EF87B
:106930000300012B01D002F047FFC046BD4680BDD9
:1069400010E000E080B500AF05235B420021180095
:10695000FFF77AFFC046BD4680BD000080B582B01B
:1069600000AFEFF305833B603B68002B03D00623A9
:106970005B427B600CE0094B1B68002B05D1074B89
:1069800001221A6000237B6002E001235B427B60EE
:106990007B681800BD4602B080BDC0464C0D00208B
:1069A00080B582B000AFEFF305833B603B68002BFE
:1069B00003D006235B427B6010E00B4B1B68012B6E
:1069C00009D1FFF7BFFF084B02221A6001F07EFBDE
:1069D00000237B6002E001235B427B607B68180040
:1069E000BD4602B080BDC0464C0D0020B0B58EB093
:1069F00004AFF860B9607A6000233B61EFF3058370
:106A00007B617B69002B00D081E0FB68002B00D10B
:106A10007DE080233B621823FB6100237B6201231E
:106A20005B42BB617B68002B44D07B681B68002BFA
:106A300002D07B681B687B627B689B69002B02D05D
:106A40007B689B69FB61FB69002B07D0FB69382BD6
:106A500004D87B685B680122134001D0002357E013
:106A60007B685B69002B03D07B685B699B083B629A
:106A70007B689B68002B0ED07B68DB68A72B0AD94C
:106A80007B681B69002B06D07B685B69002B02D0FA
:106A90000123BB6110E07B689B68002B0CD17B68F5
:106AA000DB68002B08D17B681B69002B04D1002315
:106AB000BB6101E00023BB61BB69012B12D17B6884
:106AC0001A697B689B68BD683C6A796AF8680293BA
:106AD0000192FB6900932B00220001F0D0F8030023
:106AE0003B6114E0BB69002B11D13B6A9AB2BC68D0
:106AF000796AF8681023FB180193FB69009323005F
:106B000001F004F90300012B01D000233B613B6934
:106B10001800BD460AB0B0BD80B584B000AF786043
:106B2000EFF30583BB60BB68002B03D006235B42F9
:106B3000FB6008E00023FB607B68002B03D07B68D0
:106B4000180001F09DFAFB681800BD4604B080BD36
:106B500080B584B000AFF860B9607A60FB68064A1F
:106B60001A60BB68054A1A607B6880221A60C046BA
:106B7000BD4604B080BDC046500D0020F80D002079
:106B800080B584B000AFF860B9607A60FB68064AEF
:106B90001A60BB68054A1A607B68802252001A603E
:106BA000C046BD4604B080BDF80F0020A0100020F4
:106BB00080B582B000AF202002F042FE03007B606F
:106BC0007B68002B0AD07B6800221A607B68043344
:106BD000180000F0CBF97B6800221A777B68180058
:106BE000BD4602B080BD80B58CB000AFF860B96022
:106BF0007A603B60FB687B620023BB6200233B62E0
:106C0000FB68002B02D172B6C046FDE7BA6880234C
:106C10005B049A4202D372B6C046FDE7BB68002B04
:106C200002D172B6C046FDE701F000FF031E02D19B
:106C3000BB6B002B01D1012300E00023002B02D10C
:106C400072B6C046FDE701F0A1FA7B6A1B68FB61E2
:106C50003A68B968FB69180000F052F90300BB619B
:106C6000BB69002B0ED0FB69FB620023BB637B6812
:106C7000002B2AD07B6A1B68BA68D2431A407B6A11
:106C80001A6022E0BB6B002B04D1FB69FB6201237D
:106C90003B621AE07B68002B04D0BB6A802252045E
:106CA0001343BB623B68002B04D0BB6A8022D20432
:106CB0001343BB627B6A181DBA68BB6A1343BA6B85
:106CC000190001F05DFC0023FB6201F06BFA030088
:106CD0007B61BB6B002B2CD07B69002B01D102F0B8
:106CE00007FD01F0F7FF0300FB62FA6A80239B04B3
:106CF00013401AD102F00CFD7B6A1B68FB623A68F4
:106D0000B968FB6A180000F0FBF8031E09D07B6825
:106D1000002B06D07B6A1B68BA68D2431A407B6A94
:106D20001A6001233B6202F005FDFB6A1B021B0A8D
:106D3000FB62FB6A1800BD460CB080BD80B584B014
:106D400000AF786039607B68FB607B68002B02D104
:106D500072B6C046FDE73A6880235B049A4202D3CC
:106D600072B6C046FDE702F0D3FCFB681B68BB604F
:106D7000FB681B683A68D2431A40FB681A6002F04D
:106D8000D9FCBB681800BD4604B080BD80B58CB08E
:106D900000AF786039600023BB627B683B620023F0
:106DA0007B627B68002B02D172B6C046FDE73A6871
:106DB00080235B049A4202D372B6C046FDE73B6A69
:106DC0000433FB61FB690833BB6101F0DFF9FB6948
:106DD000DB68FB623B6A1A683B681A433B6A1A60CD
:106DE0003DE0FB6A5B687B61FB6A1B683B610023DB
:106DF0007B623B691B0E1B06FB603B691B021B0A87
:106E00003B61FA688023DB04134007D13B6A1B68AF
:106E10003A6913400BD001237B6208E03B6A1B6890
:106E20003A6913403A699A4201D101237B627B6A35
:106E3000002B12D0FA6880235B04134003D0BA6A97
:106E40003B691343BB623B6A1B68802292041A436E
:106E5000FB6A1100180001F049FC7B69FB62FA6AC9
:106E6000BB699A42BDD13B6A1B68BA6AD2431A40D9
:106E70003B6A1A6001F096F93B6A1B681800BD4630
:106E80000CB080BD80B584B000AF78607B68FB60DB
:106E9000FB680433BB6001F079F910E0BB68DA6885
:106EA000BB6808339A4202D172B6C046FDE7BB68A0
:106EB000DB68802292041100180001F017FCBB6807
:106EC0001B68002BEAD1FB681B7F002B03D1FB68FA
:106ED000180002F065FD01F065F9C046BD4604B03A
:106EE00080BD80B582B000AF786039603A687B6859
:106EF00011001800FFF74AFFC046BD4602B080BD32
:106F000080B586B000AFF860B9607A6000237B611D
:106F10007B68002B06D1FB68BA6813400AD00123B6
:106F20007B6107E0FB68BA681340BA689A4201D1F6
:106F300001237B617B691800BD4606B080BD00005F
:106F400080B586B000AFF860B9607A607B68BA68D7
:106F5000F968054802F01AFB03007B617B691800A1
:106F6000BD4606B080BDC046E36E010880B582B064
:106F700000AF78607B6808331A007B685A607B68D2
:106F8000012252429A607B6808331A007B68DA60FB
:106F90007B6808331A007B681A617B6800221A60DC
:106FA000C046BD4602B080BD80B582B000AF7860FB
:106FB0007B6800221A61C046BD4602B080BD80B524
:106FC00084B000AF786039607B685B68FB603B68C9
:106FD000FA685A60FB689A683B689A60FB689B682D
:106FE0003A685A60FB683A689A603B687A681A6146
:106FF0007B681B685A1C7B681A60C046BD4604B09B
:1070000080BD80B584B000AF786039603B681B6894
:10701000BB60BB68013303D17B681B69FB600CE07C
:107020007B680833FB6002E0FB685B68FB60FB6821
:107030005B681B68BA689A42F6D2FB685A683B687C
:107040005A603B685B683A689A603B68FA689A6085
:10705000FB683A685A603B687A681A617B681B680B
:107060005A1C7B681A60C046BD4604B080BD80B51E
:1070700084B000AF78607B681B69FB607B685B68ED
:107080007A6892689A607B689B687A6852685A60EE
:10709000FB685B687A689A4203D17B689A68FB68F0
:1070A0005A607B6800221A61FB681B685A1EFB68E5
:1070B0001A60FB681B681800BD4604B080BD80B52F
:1070C00084B000AF786039607B68FB60FB68002BA0
:1070D00002D172B6C046FDE702F01AFBFB681A68DF
:1070E000FB68D96BFB681B6C4B43D218FB689A603A
:1070F000FB6800229A63FB681A68FB685A60FB68A9
:107100001A68FB68DB6B591EFB681B6C4B43D2187B
:10711000FB68DA60FB684422FF219954FB68452232
:10712000FF2199543B68002B0DD1FB681B69002B94
:1071300013D0FB681033180001F07AFA031E0CD04C
:1071400002F0D6FA09E0FB6810331800FFF70EFFD3
:10715000FB6824331800FFF709FF02F0EBFA012364
:107160001800BD4604B080BD90B589B002AFF8608C
:10717000B9607A603B60FB68002B02D172B6C046F2
:10718000FDE73B68002B02D172B6C046FDE77B6885
:10719000002B02D0BB68002B01D0012300E00023AC
:1071A000002B02D172B6C046FDE77B68002B02D1EE
:1071B000BB68002B01D1012300E00023002B02D18A
:1071C00072B6C046FDE750233B613B69502B02D0AD
:1071D00072B6C046FDE73B693B687B617B69002B6B
:1071E0000ED07B694622012199542823FB181C7874
:1071F0007A68B968F8687B690093230000F038F872
:107200007B691800BD4607B090BD90B58BB002AF4A
:10721000F860B960FB1D1A70FB68002B02D172B6D2
:10722000C046FDE7FB68BA685343FB61FB69503316
:10723000180002F005FB0300BB61BB69002B12D0F4
:10724000BB697B617B6950337B61BB69462200214E
:107250009954FB1D1C787A69B968F868BB6900937A
:10726000230000F005F8BB691800BD4609B090BDC9
:1072700080B584B000AFF860B9607A601A00FB1C7A
:107280001A70BB68002B03D1BB69BA691A6002E0AF
:10729000BB697A681A60BB69FA68DA63BB69BA6865
:1072A0001A64BB6901211800FFF709FFBB69FA1CCA
:1072B0004C2112785A54C046BD4604B080BD80B5FA
:1072C00082B000AF78607B68002B0ED07B68002214
:1072D0009A607B6800221A607B680022DA60786816
:1072E00000230022002100F020F8C046BD4602B075
:1072F00080BD80B586B000AF0200FB1D1A7001236F
:107300007B6100233B61FB1D1A7839697B6918009A
:10731000FFF77BFF0300FB60FB681800FFF7CFFF60
:10732000FB681800BD4606B080BD80B58AB000AFCE
:10733000F860B9607A603B6000237B62FB683B6267
:107340003B6A002B02D172B6C046FDE7BB68002B3A
:1073500003D13B6A1B6C002B01D1012300E0002309
:10736000002B02D172B6C046FDE73B68022B03D169
:107370003B6ADB6B012B01D1012300E00023002BD2
:1073800002D172B6C046FDE701F050FB031E02D1E8
:107390007B68002B01D1012300E00023002B02D1E8
:1073A00072B6C046FDE702F0B3F93B6A9A6B3B6ADE
:1073B000DB6B9A4202D33B68022B1ED13A68B96854
:1073C0003B6A180000F0B9FA0300FB613B6A5B6A94
:1073D000002B09D03B6A2433180001F029F9031E61
:1073E00007D002F085F904E0FB69002B01D002F020
:1073F0007FF902F09FF901235BE07B68002B03D14A
:1074000002F098F9002354E07B6A002B06D1142384
:10741000FB18180001F0BEF901237B6202F08AF923
:1074200000F0B4FE02F074F93B6A44229B5C5BB24C
:10743000013303D13B6A4422002199543B6A45221F
:107440009B5C5BB2013303D13B6A45220021995416
:1074500002F070F93A1D1423FB181100180001F016
:10746000ADF9031E1ED13B6A180000F06BFB031E32
:1074700011D03B6A10337A681100180001F060F8EF
:107480003B6A180000F0EAFA00F08CFE031E8AD175
:1074900002F02EF987E73B6A180000F0DFFA00F0EF
:1074A00081FE80E73B6A180000F0D8FA00F07AFE0F
:1074B00000231800BD460AB080BD90B58BB000AF68
:1074C000F860B9607A603B60FB683B623B6A002B06
:1074D00002D172B6C046FDE7BB68002B03D13B6A00
:1074E0001B6C002B01D1012300E00023002B02D1F3
:1074F00072B6C046FDE73B68022B03D13B6ADB6BEB
:10750000012B01D1012300E00023002B02D172B630
:10751000C046FDE702F026F90300FB613B6A9A6B67
:107520003B6ADB6B9A4202D33B68022B31D11B24AE
:107530003B193A6A4521525C1A703B6A9B6B7B612E
:107540003A68B9683B6A180000F0F7F93B191B78F4
:107550005BB2013311D13B6A5B6A002B16D03B6AE8
:107560002433180001F064F8031E0FD07B68002B51
:107570000CD07B6801221A6008E01B23FB181B78E3
:107580000133DBB259B23B6A4522995401237B6235
:1075900001E000237B62FB69180002F0E9F87B6AD6
:1075A0001800BD460BB090BD80B58AB000AFF86042
:1075B000B9607A6000237B62FB683B623B6A002B08
:1075C00002D172B6C046FDE7BB68002B03D13B6A0F
:1075D0001B6C002B01D1012300E00023002B02D102
:1075E00072B6C046FDE701F021FA031E02D17B68A6
:1075F000002B01D1012300E00023002B02D172B641
:10760000C046FDE702F084F83B6A9B6BFB61FB69B7
:10761000002B1AD0BA683B6A1100180000F0F8F984
:10762000FB695A1E3B6A9A633B6A1B69002B08D0B0
:107630003B6A1033180000F0FBFF031E01D002F07C
:1076400057F802F077F8012362E07B68002B03D142
:1076500002F070F800235BE07B6A002B06D1142354
:10766000FB18180001F096F801237B6202F062F823
:1076700000F08CFD02F04CF83B6A44229B5C5BB24C
:10768000013303D13B6A4422002199543B6A4522CD
:107690009B5C5BB2013303D13B6A452200219954C4
:1076A00002F048F83A1D1423FB181100180001F0ED
:1076B00085F8031E1ED13B6A180000F02DFA031E48
:1076C00011D03B6A24337A681100180000F038FFAB
:1076D0003B6A180000F0C2F900F064FD031E91D16E
:1076E00002F006F88EE73B6A180000F0B7F900F0E8
:1076F00059FD87E73B6A180000F0B0F900F052FD31
:107700003B6A180000F008FA031E00D17AE7002354
:107710001800BD460AB080BD80B58AB000AF786061
:10772000396000237B627B68FB6100233B62FB695D
:10773000002B02D172B6C046FDE7FB691B6C002B23
:1077400002D072B6C046FDE701F070F9031E02D107
:107750003B68002B01D1012300E00023002B02D164
:1077600072B6C046FDE701F0D3FFFB699B6BBB61BE
:10777000BB69002B1DD0BB695A1EFB699A63FB696C
:107780001B68002B04D101F0BBFA0200FB699A6070
:10779000FB691B69002B08D0FB691033180000F04F
:1077A00047FF031E01D001F0A3FF01F0C3FF012337
:1077B0008CE03B68002B09D13B6A002B02D072B6EB
:1077C000C046FDE701F0B6FF00237FE07B6A002B97
:1077D00006D10C23FB18180000F0DCFF01237B62AC
:1077E00001F0A8FF00F0D2FC01F092FFFB694422F7
:1077F0009B5C5BB2013303D1FB69442200219954A5
:10780000FB6945229B5C5BB2013303D1FB694522D6
:107810000021995401F08EFF3A000C23FB1811004F
:10782000180000F0CBFF031E2ED1FB69180000F0FA
:1078300073F9031E21D0FB691B68002B0AD101F0EC
:1078400067FFFB699B68180001F00CF903003B62BD
:1078500001F070FFFB6924333A681100180000F052
:107860006FFEFB69180000F0F9F800F09BFC031EA6
:1078700000D078E701F03CFF75E7FB69180000F0E5
:10788000EDF800F08FFC6EE7FB69180000F0E6F8F9
:1078900000F088FCFB69180000F03EF9031E00D1DF
:1078A00061E73B6A002B10D001F032FFFB69180042
:1078B00000F02DF803007B61FB699B687A69110079
:1078C000180001F095F901F035FF00231800BD46BE
:1078D0000AB080BD80B584B000AF78607B68FB6083
:1078E000FB68002B02D172B6C046FDE7FB681800AA
:1078F00000F068F9FB6846229B5C002B03D1FB6813
:10790000180002F04DF8C046BD4604B080BD80B5F9
:1079100084B000AF78607B685B6A002B06D07B6820
:107920001B6B1B683822D31AFB6001E00023FB604D
:10793000FB681800BD4604B080BD80B586B000AFBE
:10794000F860B9607A6000237B61FB689B6B3B61E8
:10795000FB681B6C002B0ED1FB681B68002B4ED103
:10796000FB689B68180001F0E5F803007B61FB6889
:1079700000229A6043E07B68002B19D1FB685868AD
:10798000FB681A6CBB68190003F0D0FCFB685A68EE
:10799000FB681B6CD218FB685A60FB685A68FB686E
:1079A0009B689A422BD3FB681A68FB685A6026E0F2
:1079B000FB68D868FB681A6CBB68190003F0B6FC5A
:1079C000FB68DA68FB681B6C5B42D218FB68DA6004
:1079D000FB68DA68FB681B689A4207D2FB689A6802
:1079E000FB681B6C5B42D218FB68DA607B68022B79
:1079F00005D13B69002B02D03B69013B3B613B69F0
:107A00005A1CFB689A637B691800BD4606B080BDAE
:107A100080B582B000AF786039607B681B6C002B4A
:107A200018D07B68DA687B681B6CD2187B68DA60D8
:107A30007B68DA687B689B689A4203D37B681A6824
:107A40007B68DA607B68D9687B681A6C3B681800D1
:107A500003F06CFCC046BD4602B080BD80B584B06A
:107A600000AF786001F054FE0F23FB187A684521BF
:107A7000525C1A7013E07B685B6A002B16D07B683F
:107A80002433180000F0D4FD031E01D000F0E8FEFE
:107A90000F217B181B78013BDAB27B181A700F2379
:107AA000FB181B785BB2002BE5DC00E0C0467B686E
:107AB0004522FF21995401F03DFE01F029FE0E23DD
:107AC000FB187A684421525C1A7013E07B681B69CA
:107AD000002B16D07B681033180000F0A9FD031EA0
:107AE00001D000F0BDFE0E217B181B78013BDAB2FD
:107AF0007B181A700E23FB181B785BB2002BE5DC99
:107B000000E0C0467B684422FF21995401F012FE38
:107B1000C046BD4604B080BD80B584B000AF78607B
:107B200001F0F6FD7B689B6B002B02D10123FB600B
:107B300001E00023FB6001F0FDFDFB681800BD467D
:107B400004B080BD80B584B000AF786001F0E0FD86
:107B50007B689A6B7B68DB6B9A4202D10123FB60E6
:107B600001E00023FB6001F0E5FDFB681800BD4665
:107B700004B080BD80B584B000AF78603960002368
:107B8000FB6015E00E4BFA68D200D358002B0CD1E5
:107B90000B4BFA68D2003968D150094AFB68DB0008
:107BA000D31804337A681A6006E0FB680133FB607F
:107BB000FB68072BE6D9C046C046BD4604B080BD71
:107BC000A014002080B584B000AF78600023FB6073
:107BD00018E0104AFB68DB00D31804331B687A688E
:107BE0009A420CD10B4BFA68D2000021D150094ABD
:107BF000FB68DB00D318043300221A6006E0FB6840
:107C00000133FB60FB68072BE3D9C046C046BD4685
:107C100004B080BDA014002080B586B000AFF8602D
:107C2000B9607A60FB687B6101F072FD7B69442278
:107C30009B5C5BB2013303D17B69442200219954E0
:107C40007B6945229B5C5BB2013303D17B69452292
:107C50000021995401F06EFD7B699B6B002B06D1CE
:107C60007B6924337A68B968180000F0B9FC7B6935
:107C70001800FFF7F3FEC046BD4606B080BD90B5C4
:107C80008DB004AFF860B9607A603B607B6B002B0D
:107C900002D172B6C046FDE7BB6B002B02D172B6B3
:107CA000C046FDE7A8237B617B69A82B02D072B692
:107CB000C046FDE77B69BB6B002B20D07B6B002BA4
:107CC0001DD0BB6BFB61FB697A6B1A63FB69A52254
:107CD000022199543C687A68B968F86800230393D4
:107CE000FB6902931823FB1801933B6B009323005D
:107CF00000F058F8FB69180000F0F6F801E00023E6
:107D0000BB61BB691800BD4609B090BD90B58DB090
:107D100004AFF860B9603B60BB1D1A80BB1D1B88B7
:107D20009B00180001F08CFD03007B617B69002B38
:107D300010D0A82001F084FD0300FB61FB69002B3B
:107D400003D0FB697A691A6306E07B69180001F0C9
:107D500027FE01E00023FB61FB69002B1AD0FB69C1
:107D6000A52200219954BB1D1A883C68B968F8689F
:107D700000230393FB6902937B6B01933B6B00939E
:107D8000230000F00FF8FB69180000F0ADF80123A4
:107D9000BB6102E001235B42BB61BB691800BD46C9
:107DA00009B090BD80B586B000AFF860B9607A6068
:107DB0003B60BB6A186B7B689B001A00A52103F02F
:107DC00055F9BB6A1A6B7B6843498C4663449B0038
:107DD000D3183B613B69072293433B613B69072210
:107DE000134002D072B6C046FDE7BB68002B20D01E
:107DF00000237B6113E0BA687B69D3181878BA6AEC
:107E000034217B69D3185B18021C1A70BA687B692D
:107E1000D3181B78002B06D07B6901337B617B690B
:107E20000F2BE8D900E0C046BB6A432200219954D9
:107E300003E0BB6A3422002199543B6A372B01D9F5
:107E400037233B62BB6A3A6ADA62BB6A3A6ADA642F
:107E5000BB6A00221A65BB6A04331800FFF7A4F856
:107E6000BB6A18331800FFF79FF8BB6ABA6A1A6139
:107E70003B6A3822D21ABB6A9A61BB6ABA6A5A62F2
:107E8000BB6AA02200219950BB6AA4220021995408
:107E9000BB6A54334C220021180003F0E7F8BB6A98
:107EA0000E4A9A65BB6A0E4ADA65BB6A0D4A1A66C3
:107EB0003A68F9683B69180001F08EFB0200BB6A62
:107EC0001A607B6A002B02D07B6ABA6A1A60C046CD
:107ED000BD4606B080BDC046FFFFFF3F70B7002023
:107EE000D8B7002040B8002080B582B000AF7860DD
:107EF00001F00EFC2A4B1B685A1C294B1A60294BB7
:107F00001B68002B09D1274B7A681A60244B1B6829
:107F1000012B10D100F0BEFC0DE0234B1B68002BA1
:107F200009D1204B1B68DA6A7B68DB6A9A4202D867
:107F30001C4B7A681A601D4B1B685A1C1B4B1A603D
:107F40001A4B1A687B685A647B68DA6A184B1B689C
:107F50009A4203D97B68DA6A154B1A607B68DA6A41
:107F600013009B009B189B00124A9A187B680433ED
:107F700019001000FFF723F801F0DCFB0A4B1B6827
:107F8000002B08D0074B1B68DA6A7B68DB6A9A42D1
:107F900001D201F0ADFBC046BD4602B080BDC04677
:107FA000B4190020E0140020C0190020D0190020CE
:107FB000BC190020E414002080B584B000AF7860C4
:107FC00001F0A6FB7B68002B02D1264B1B6800E06A
:107FD0007B68FB60FB6804331800FFF748F8FB6818
:107FE0009B6A002B04D0FB6818331800FFF73FF89A
:107FF0001D4B1B685A1C1C4B1A601A4B1B68FA68F5
:108000009A420CD1FB681A1D184B11001800FEF79C
:10801000D6FF174B1B685A1C154B1A600AE0154B0C
:108020001B685A1E134B1A60FB68180000F0A4FC72
:1080300000F0D0FC01F07EFB0F4B1B68002B0DD035
:10804000084B1B68FA689A4208D10C4B1B68002B3E
:1080500002D072B6C046FDE701F04AFBC046BD46FD
:1080600004B080BDE0140020D01900208819002041
:108070009C190020B4190020C0190020DC19002030
:1080800080B584B000AF78600023FB607B68002B74
:1080900011D00D4B1B68002B02D072B6C046FDE715
:1080A00000F074F87B680021180000F0FDFE00F07D
:1080B00079F80300FB60FB68002B01D101F018FB8D
:1080C000C046BD4604B080BDDC19002090B589B023
:1080D00004AF0023BB6000237B603A00391D0823F6
:1080E000FB181800FEF734FD3C687B68BA681F492E
:1080F0001F48029201930023009300232200FFF700
:10810000BEFD02001B4B1A601A4B1B68002B02D0ED
:108110000123FB6001E00023FB60FB68012B03D11E
:1081200000F016FF0300FB60FB68012B13D172B651
:10813000114B1B6854331A00104B1A60104B01226C
:1081400052421A600F4B01221A600F4B00221A6034
:1081500001F0AAFA05E0FB68013302D172B6C0460D
:10816000FDE7C046BD4605B090BDC046E8290208FF
:1081700075880108D8190020E0140020440100206F
:10818000D4190020C0190020B819002080B500AF14
:10819000034B1B685A1C024B1A60C046BD4680BD8B
:1081A000DC19002080B584B000AF0023FB60002301
:1081B000BB603A4B1B68002B02D172B6C046FDE78C
:1081C00001F0A6FA354B1B685A1E344B1A60334B2C
:1081D0001B68002B5BD1324B1B68002B57D02FE064
:1081E000304BDB68DB68FB60FB6818331800FEF778
:1081F0003EFFFB6804331800FEF739FFFB68DA6ABC
:10820000294B1B689A4203D9FB68DA6A264B1A602D
:10821000FB68DA6A13009B009B189B00234A9A189C
:10822000FB68043319001000FEF7C9FEFB68DA6A28
:108230001F4B1B68DB6A9A4202D31E4B01221A6055
:10824000184B1B68002BCBD1FB68002B01D000F032
:10825000C1FB194B1B687B607B68002B0FD000F0C3
:1082600065F8031E02D0134B01221A607B68013BA4
:108270007B607B68002BF2D10F4B00221A600D4B04
:108280001B68002B03D00123BB6001F031FA01F021
:1082900051FABB681800BD4604B080BDDC1900204F
:1082A000B419002074190020BC190020E414002027
:1082B000E0140020C8190020C419002080B582B045
:1082C00000AF044B1B687B607B681800BD4602B0A2
:1082D00080BDC046B819002080B582B000AF002331
:1082E0007B60044B1B683B603B681800BD4602B0D6
:1082F00080BDC046B819002080B584B000AF78605A
:108300007B68002B02D1084B1B6800E07B68FB6098
:10831000FB68002B02D172B6C046FDE7FB68343320
:108320001800BD4604B080BDE014002080B586B0C2
:1083300000AF00237B614A4B1B68002B00D085E017
:10834000484B1B6801333B61464B3A691A603B69F5
:10835000002B18D1444B1B681B68002B02D072B64F
:10836000C046FDE7404B1B68FB60404B1A683E4B24
:108370001A603E4BFA681A603D4B1B685A1C3C4B16
:108380001A6000F027FB3B4B1B683A699A4249D3BD
:10839000354B1B681B68002B04D1364B012252421F
:1083A0001A603FE0304B1B68DB68DB68BB60BB6872
:1083B0005B687B603A697B689A4203D22D4B7A688E
:1083C0001A602FE0BB6804331800FEF750FEBB684C
:1083D0009B6A002B04D0BB6818331800FEF747FED9
:1083E000BB68DA6A244B1B689A4203D9BB68DA6A15
:1083F000214B1A60BB68DA6A13009B009B189B0034
:108400001E4A9A18BB68043319001000FEF7D7FD06
:10841000BB68DA6A1A4B1B68DB6A9A42B8D301233D
:108420007B61B5E7164B1B68DA6A144913009B00A1
:108430009B189B005B58012B01D901237B61114BD9
:108440001B68002B07D001237B6104E00E4B1B68E7
:108450005A1C0D4B1A607B691800BD4606B080BDE2
:10846000DC190020B81900206C19002070190020B8
:10847000CC190020D4190020BC190020E4140020DD
:10848000E0140020C8190020C419002080B582B073
:1084900000AF254B1B68002B03D0244B01221A6030
:1084A0003EE0224B00221A60214B1B687B6008E0F3
:1084B0007B68002B02D172B6C046FDE77B68013BAA
:1084C0007B601C497A6813009B009B189B005B58DB
:1084D000002BEDD07A6813009B009B189B00154A77
:1084E0009B183B603B685B685A683B685A603B6816
:1084F0005A683B6808339A4204D13B685B685A6803
:108500003B685A603B685B68DA680B4B1A60084B43
:108510007A681A60084B1B6854331A00074B1A60BC
:10852000C046BD4602B080BDDC190020C81900203D
:10853000BC190020E4140020E014002044010020B5
:1085400080B582B000AF786039607B68002B02D1C3
:1085500072B6C046FDE7094B1B6818331A007B68EA
:1085600011001800FEF74DFD3B680121180000F0D6
:108570009BFCC046BD4602B080BDC046E014002052
:1085800080B584B000AFF860B9607A60FB68002BFA
:1085900002D172B6C046FDE70F4B1B68002B02D11B
:1085A00072B6C046FDE70D4B1B68BA68802109060C
:1085B0000A439A61094B1B6818331A00FB681100C3
:1085C0001800FEF7FCFC7B680121180000F06CFC31
:1085D000C046BD4604B080BDDC190020E014002078
:1085E00080B584B000AFF860B9607A60FB68002B9A
:1085F00002D172B6C046FDE70C4B1B6818331A0057
:10860000FB6811001800FEF7DAFC7B68002B02D033
:1086100001235B42BB607A68BB681100180000F060
:1086200043FCC046BD4604B080BDC046E0140020F7
:1086300080B584B000AF78607B68DB68DB68BB60C6
:10864000BB68002B02D172B6C046FDE7BB68183389
:108650001800FEF70CFD1F4B1B68002B1DD1BB68DB
:1086600004331800FEF703FDBB68DA6A1A4B1B6877
:108670009A4203D9BB68DA6A174B1A60BB68DA6A98
:1086800013009B009B189B00144A9A18BB68043384
:1086900019001000FEF793FC07E0BB6818331A00BE
:1086A0000F4B11001800FEF78AFCBB68DA6A0D4B0D
:1086B0001B68DB6A9A4205D90123FB600A4B012241
:1086C0001A6001E00023FB60FB681800BD4604B09F
:1086D00080BDC046DC190020BC190020E414002035
:1086E00074190020E0140020C819002080B584B05F
:1086F00000AF78603960224B1B68002B02D172B644
:10870000C046FDE73B68802212061A437B681A6068
:108710007B68DB68FB60FB68002B02D172B6C04649
:10872000FDE77B681800FEF7A2FCFB680433180025
:10873000FEF79DFCFB68DA6A124B1B689A4203D96C
:10874000FB68DA6A0F4B1A60FB68DA6A13009B0059
:108750009B189B000C4A9A18FB6804331900100000
:10876000FEF72DFCFB68DA6A084B1B68DB6A9A424D
:1087700002D9074B01221A60C046BD4604B080BD35
:10878000DC190020BC190020E4140020E0140020B3
:10879000C819002080B582B000AF7860054B1A6818
:1087A0007B681A60044B1A687B685A60C046BD46F5
:1087B00002B080BDCC190020B819002080B586B069
:1087C00000AF786039607B68002B02D172B6C0467A
:1087D000FDE73B68002B02D172B6C046FDE700F012
:1087E00097FF1D4B1B683B617B685B683A69D31A36
:1087F000FB603B681B68013302D100237B6124E0EE
:108800007B681A68154B1B689A4207D07B685B68C7
:108810003A699A4202D301237B6116E03B681B68E8
:10882000FA689A420CD23B681A68FB68D21A3B6815
:108830001A607B681800FFF7ADFF00237B6104E03E
:108840003B6800221A6001237B6100F073FF7B69A3
:108850001800BD4606B080BDB8190020CC19002014
:1088600080B500AF024B01221A60C046BD4680BDF4
:10887000C819002080B582B000AF786000F04EF8D3
:10888000034B1B68012BF9D900F032FFF6E7C04615
:10889000E414002080B582B000AF00237B600CE0C0
:1088A0007A6813009B009B189B00144A9B181800C1
:1088B000FEF75CFB7B6801337B607B68372BEFD96D
:1088C0000F4B1800FEF752FB0E4B1800FEF74EFB45
:1088D0000D4B1800FEF74AFB0C4B1800FEF746FB49
:1088E0000B4B1800FEF742FB0A4B054A1A600A4B75
:1088F000044A1A60C046BD4602B080BDE4140020A0
:1089000044190020581900207419002088190020EB
:10891000A01900206C1900207019002080B582B0C9
:1089200000AF1AE000F0F4FE104BDB68DB687B6000
:108930007B6804331800FEF79AFB0D4B1B685A1E28
:108940000B4B1A600B4B1B685A1E0A4B1A6000F047
:10895000F1FE7B68180000F00FF8064B1B68002B37
:10896000E0D1C046C046BD4602B080BD8819002097
:10897000B41900209C19002080B582B000AF786047
:108980007B685433180002F0F3FB7B68A5229B5CE4
:10899000002B09D17B681B6B180001F001F87B6884
:1089A000180000F0FDFF11E07B68A5229B5C012B05
:1089B00004D17B68180000F0F3FF07E07B68A52274
:1089C0009B5C022B02D072B6C046FDE7C046BD4696
:1089D00002B080BD80B582B000AF0B4B1B681B6836
:1089E000002B04D1094B012252421A6008E0064BC9
:1089F0001B68DB68DB687B607B685A68034B1A6026
:108A0000C046BD4602B080BD6C190020D4190020BC
:108A100080B582B000AF044B1B687B607B68180098
:108A2000BD4602B080BDC046E014002080B582B0D3
:108A300000AF0A4B1B68002B02D101237B6008E0CA
:108A4000074B1B68002B02D102237B6001E000234F
:108A50007B607B681800BD4602B080BDC019002055
:108A6000DC19002080B584B000AF78607B68BB6003
:108A70000023FB607B68002B51D0BB68DA6A2A4B6D
:108A80001B68DB6A9A4241D2BB689B69002B06DBFC
:108A9000254B1B68DB6A3822D21ABB689A61BB6817
:108AA0005969BB68DA6A13009B009B189B001F4A38
:108AB0009B18994222D1BB6804331800FEF7D7FAFD
:108AC000194B1B68DA6ABB68DA62BB68DA6A184B52
:108AD0001B689A4203D9BB68DA6A154B1A60BB68F7
:108AE000DA6A13009B009B189B00104A9A18BB6817
:108AF000043319001000FEF762FA04E00A4B1B6809
:108B0000DA6ABB68DA620123FB6008E0BB68DA6CF2
:108B1000054B1B68DB6A9A4201D20123FB60FB68AC
:108B20001800BD4604B080BDE0140020E41400200D
:108B3000BC19002080B584B000AF78607B68BB6052
:108B40000023FB607B68002B46D0264B1B68BA686D
:108B50009A4202D072B6C046FDE7BB681B6D002B7F
:108B600002D172B6C046FDE7BB681B6D5A1EBB68DA
:108B70001A65BB68DA6ABB68DB6C9A422CD0BB68AA
:108B80001B6D002B28D1BB6804331800FEF76FFA69
:108B9000BB68DA6CBB68DA62BB68DB6A3822D21A5F
:108BA000BB689A61BB68DA6A0F4B1B689A4203D9AB
:108BB000BB68DA6A0C4B1A60BB68DA6A13009B0068
:108BC0009B189B00094A9A18BB68043319001000CF
:108BD000FEF7F5F90123FB60FB681800BD4604B001
:108BE00080BDC046E0140020BC190020E414002021
:108BF00080B586B000AF786039607B683B61012347
:108C0000FB607B68002B5AD03B691B6D002B02D1A7
:108C100072B6C046FDE73B69DB6C3A689A4202D9FE
:108C20003B687B6102E03B69DB6C7B613B69DB6A33
:108C30007A699A4243D03B691B6DFA689A423ED1E9
:108C4000214B1B683A699A4202D172B6C046FDE7D1
:108C50003B69DB6ABB603B697A69DA623B699B69A5
:108C6000002B04DB7B693822D21A3B699A613B698D
:108C70005969BA6813009B009B189B00134A9B1804
:108C800099421CD13B6904331800FEF7F0F93B69A7
:108C9000DA6A0F4B1B689A4203D93B69DA6A0C4BBC
:108CA0001A603B69DA6A13009B009B189B00074A15
:108CB0009A183B69043319001000FEF780F9C0468A
:108CC000BD4606B080BDC046E0140020E41400207C
:108CD000BC19002080B582B000AF084B1B689B69AF
:108CE0007B60064B1B68DA6A044B1B6838218A1AC2
:108CF0009A617B681800BD4602B080BDE014002078
:108D000080B500AF064B1B68002B04D0044B1B68DA
:108D10001A6D01321A65024B1B681800BD4680BDF2
:108D2000E014002080B584B000AF7860396000F0B6
:108D3000EFFC1E4B1B68A0229B58002B0ED11B4B37
:108D40001B68A422012199543B68002B06D03B6884
:108D50000121180000F0A8F800F0CAFC00F0EAFCBD
:108D600000F0D6FC114B1B68A0229B58FB60FB68EF
:108D7000002B0ED07B68002B05D00C4B1B68A0226B
:108D80000021995005E0094B1B68FA68013AA021BF
:108D90005A50064B1B68A4220021995400F0CAFCCB
:108DA000FB681800BD4604B080BDC046E01400203A
:108DB00080B586B000AF786039607B68002B02D147
:108DC00072B6C046FDE77B687B6100F0CBFC030018
:108DD0003B610F203B187A69A421525C1A707B69B1
:108DE000A422022199547B69A0229B585A1C7B69BA
:108DF000A0215A503B181B78012B40D17B699B6AFC
:108E0000002B02D072B6C046FDE7214B1B68002B39
:108E10001DD17B6904331800FEF729F97B69DA6AF2
:108E20001C4B1B689A4203D97B69DA6A194B1A609A
:108E30007B69DA6A13009B009B189B00164A9A18FC
:108E40007B69043319001000FEF7B9F807E07B696D
:108E500018331A00114B11001800FEF7B0F87B69A7
:108E6000DA6A0F4B1B68DB6A9A4208D93B68002B11
:108E700002D03B6801221A600A4B01221A603B694A
:108E8000180000F075FCC046BD4606B080BDC04667
:108E9000DC190020BC190020E41400207419002003
:108EA000E0140020C819002080B584B000AF7860BD
:108EB0003960214B1B68FB60204B1B680433180092
:108EC000FEF7D5F87B6801330BD13B68002B08D047
:108ED0001A4B1B681A1D1A4B11001800FEF76FF889
:108EE00026E0FA687B68D318BB60144B1B68BA682D
:108EF0005A60BA68FB689A4209D2124B1A680F4B43
:108F00001B68043319001000FEF77BF810E00E4BCD
:108F10001A680A4B1B68043319001000FEF771F839
:108F20000A4B1B68BA689A4202D2084BBA681A60A8
:108F3000C046BD4604B080BDB8190020E014002032
:108F4000A0190020701900206C190020D4190020ED
:108F500090B589B004AF0023FB6000F0D5FA184B40
:108F60001B68002B20D00023BB6000237B603A00ED
:108F7000391D0823FB181800FDF702FE3C687B68CA
:108F8000BA6810491048029201930223009300230B
:108F90002200FEF774FE02000C4B1A600B4B1B689C
:108FA000002B01D00123FB60FB68002B02D172B6BD
:108FB000C046FDE7FB681800BD4605B090BDC04641
:108FC000101A0020F0290208F5900108141A002058
:108FD00090B58BB000AFF860B9607A603B60002359
:108FE0007B62FB68002B02D172B6C046FDE71D4BC9
:108FF0001B68002B30D014243B19BA681A603B1947
:109000007A685A603B19FA689A60BB68052B19DCCC
:10901000FFF70CFD0300022B09D1124B1868BA6B45
:1090200039190023FEF781F903007B6214E00D4B30
:1090300018681423F91800230022FEF776F90300BC
:109040007B6209E0074B18683A681423F91800237B
:10905000FEF733FA03007B627B6A1800BD460BB053
:1090600090BDC046101A002080B586B002AF78606F
:1090700039601F4B1B68DB68DB68FB60FB680433EF
:109080001800FDF7F4FFFB6828229B5C1A000423FC
:1090900013401AD0FB689A697B68D1187B683A68DC
:1090A000F86800F0C7F8031E18D07A68F868002343
:1090B000009300230021FFF78BFF0300BB60BB6818
:1090C000002B0BD172B6C046FDE7FB6828229B5CE3
:1090D00001229343D9B2FB6828229954FB681B6A8A
:1090E000FA6810009847C046BD4604B080BDC0462F
:1090F000081A002080B584B000AF78600823FB1800
:10910000180000F055F80300FB60BA68FB68110016
:10911000180000F005F800F0CFF8C046EEE70000B8
:1091200080B584B000AF78603960FFF72FF808236E
:10913000FB18180000F05EF80300FB60BB68002B12
:109140002BD13B68002B0CD17A68FB689A4208D877
:10915000FFF728F8FA687B6811001800FFF784FF12
:109160001DE03B68002B08D00F4B1B681B68002BD1
:1091700001D1012300E000233B600C4B18687A68A2
:10918000FB68D31A3A681900FEF746FDFFF70AF8A4
:10919000031E04D100F0ACFA01E0FFF703F8C0466B
:1091A000BD4604B080BDC0460C1A0020101A002035
:1091B00080B584B000AF78600D4B1B681B68002B36
:1091C00001D1012200E000227B681A607B681B68E5
:1091D000002B05D1064B1B68DB681B68FB6001E0B8
:1091E0000023FB60FB681800BD4604B080BDC0468C
:1091F000081A002080B584B000AF7860FFF75EF8F1
:109200000300FB600A4B1B68FA689A4205D200F023
:109210001DF97B6801221A6002E07B6800221A6057
:10922000034BFA681A60FB681800BD4604B080BDA5
:10923000181A002080B586B000AFF860B9607A6077
:109240003B6000237B61FB68BA685A60FB68FA6880
:109250001A61BA687B689A4212D87A683B68D21A57
:10926000FB689B699A4202D301237B611BE0104B90
:109270001A68FB68043319001000FDF7C2FE12E003
:109280007A683B689A4206D2BA683B689A4202D32F
:1092900001237B6107E0074B1A68FB680433190060
:1092A0001000FDF7AEFE7B691800BD4606B080BD1C
:1092B0000C1A0020081A002090B58DB002AFB1E062
:1092C0000822BB181B68002B10DABB1804337B6222
:1092D0007B6A002B02D172B6C046FDE77B6A1A6832
:1092E0007B6A58687B6A9B68190090470822BB1804
:1092F0001B68002B00DA95E0BB189B683B623B6A59
:109300005B69002B04D03B6A04331800FDF7AFFE05
:109310003B1D1800FFF76EFF0300FB610823FB18DD
:109320001B68092B00D97AE09A00464BD3181B68BA
:109330009F463B6A28229B5C01221343D9B23B6AB9
:109340002822995408243B195A683B6A9B69D11812
:109350003B195B68FA69386AFFF76CFF031E60D03F
:109360003B6A1B6A3A6A100098473B6A28229B5C5A
:109370001A000423134054D03B195A683B6A9B6976
:10938000D218386A0023009300230021FFF720FE43
:109390000300BB61BB69002B43D172B6C046FDE739
:1093A0003B6A28229B5C01229343D9B23B6A282264
:1093B000995437E03B6A28229B5C01221343D9B2BF
:1093C0003B6A282299540823FB185A683B6A9A6121
:1093D0003B6A9B69002B02D172B6C046FDE73B6A2F
:1093E0009A69FB69D118FB69FA69386AFFF722FFAD
:1093F00018E03B6A28229B5C1A000223134004D128
:109400003B6A180000F0CCFA0CE03B6A28229B5C17
:1094100001229343D9B23B6A2822995402E0C04604
:1094200000E0C046084B1B680822B918002218004B
:10943000FEF7BAF8031E00D042E7C046C046BD465C
:109440000BB090BD40330208101A002080B588B0E0
:1094500002AF42E02A4B1B68DB681B683B61284B6C
:109460001B68DB68DB68FB60FB6804331800FDF7F2
:10947000FEFDFB681B6AFA6810009847FB6828220B
:109480009B5C1A000423134027D0FB689B693A6950
:10949000D318BB60BA683B699A420ED9FB68BA68B8
:1094A0005A60FB68FA681A61154B1A68FB68043346
:1094B00019001000FDF7A5FD0FE03A69F8680023D8
:1094C000009300230021FFF783FD03007B607B688E
:1094D000002B02D172B6C046FDE7094B1B681B6822
:1094E000002BB7D1064B1B687B61064B1A68044BF7
:1094F0001A60044B7A691A60C046BD4606B080BD4A
:10950000081A00200C1A002080B582B002AF00F0CB
:10951000FFF8164B1B68002B23D1154B1800FDF7E5
:1095200025FD144B1800FDF721FD134B104A1A605E
:10953000124B104A1A60124B124A0021009110215E
:109540000A20FDF711FE0200084B1A60074B1B684A
:10955000002B06D0054B1B680B4A11001800FEF7C4
:1095600009FB00F0E7F8C046BD4680BD101A002098
:10957000E0190020F4190020081A00200C1A00201D
:10958000BC1A00201C1A0020F829020880B58AB0F5
:1095900000AFF860B9607A603B6014217B1802224A
:1095A00052421A607B18FA685A607B18BA689A604F
:1095B0007B187A68DA60074B18683A6879180023D4
:1095C000FDF77BFF03007B627B6A1800BD460AB093
:1095D00080BDC046101A002080B584B000AFF8608E
:1095E000B9607A60FB68043BFB60FB688022520430
:1095F0001A60FB68043BFB60BA68FB681A60FB6892
:10960000043BFB60084AFB681A60FB68143BFB6084
:109610007A68FB681A60FB68203BFB60FB681800F7
:10962000BD4604B080BDC0462D96010880B582B00D
:1096300000AF00237B60084B1B68013302D072B679
:10964000C046FDE772B6C0467B68002BFCD0C04622
:10965000C046BD4602B080BD3401002080B500AFD9
:10966000C046BD4680BD00000000000000000000B4
:109670000B4A13681868203080F30988022080F3B1
:109680001488BFF36F8F3FBCAE4608BC04BC62B603
:109690001847C046C046C046C046C046C046C04641
:1096A000E0140020C046C04680B500AF0E4B1A68DB
:1096B0000D4BFF2109040A431A600B4B1A680A4B31
:1096C000FF2109060A431A6000F098F8074B0022B0
:1096D0001A60FFF7CDFFFEF7D9FEFFF7A7FF0023C3
:1096E0001800BD4680BDC04620ED00E034010020DA
:1096F00080B500AF054B802252051A60BFF34F8F33
:10970000BFF36F8FC046BD4680BDC04604ED00E08C
:1097100080B500AF72B6064B1B685A1C044B1A602A
:10972000BFF34F8FBFF36F8FC046BD4680BDC046AD
:109730003401002080B500AF094B1B68002B02D11B
:1097400072B6C046FDE7064B1B685A1E044B1A60F2
:10975000034B1B68002B00D162B6C046BD4680BDDE
:1097600034010020EFF3108072B67047C046180035
:1097700080F310887047C046000000000000000021
:10978000EFF309800E4B1A6820381060F0C0444691
:109790004D4656465F46F0C008B572B6FEF776FEF7
:1097A00062B60CBC116808681030F0C8A046A94623
:1097B000B246BB4680F309882038F0C81847C04637
:1097C000E0140020C046C04680B582B000AFFFF76D
:1097D000C9FF03007B60FEF7A9FD031E03D0064B03
:1097E000802252051A607B681800FFF7C1FFC0464F
:1097F000BD4602B080BDC04604ED00E080B500AFBC
:109800000B4B00221A600B4B00221A600A4B1B689C
:10981000FA2291001800E6F79DFC03001A00074B9E
:10982000013A1A60024B07221A60C046BD4680BD4D
:1098300010E000E018E000E02400002014E000E068
:1098400080B586B000AF78600023FB60FEF79EFC19
:109850004D4B1B68002B01D100F0F2F84B4B1B68FD
:109860007A68134000D080E07B68002B13D0082278
:109870007B689B187B607B68072213400BD07B685A
:109880000722934308337B607B680722134002D092
:1098900072B6C046FDE77B68002B66D03C4B1B6868
:1098A0007A689A4261D83B4B3B613A4B1B687B61BB
:1098B00004E07B693B617B691B687B617B695B685A
:1098C0007A689A4203D97B691B68002BF1D12E4B31
:1098D0001B687A699A4248D03B691B6808229B182A
:1098E000FB607B691A683B691A607B695A687B6810
:1098F000D21A08235B009A4217D97A697B68D31879
:10990000BB60BB680722134002D072B6C046FDE7B9
:109910007B695A687B68D21ABB685A607B697A682F
:109920005A60BB68180000F0EBF8194B1A687B69A5
:109930005B68D21A164B1A60154B1A68164B1B68D7
:109940009A4203D2124B1A68134B1A607B695A6809
:109950000E4B1B681A437B695A607B6900221A60B0
:109960000E4B1B685A1C0D4B1A60FEF71BFCFB6864
:109970000722134002D072B6C046FDE7FB6818000C
:10998000BD4606B080BDC04654B7002068B7002071
:1099900058B700204CB700205CB7002060B700200B
:1099A00080B584B000AF78607B68FB607B68002B7B
:1099B0003CD008235B42FA68D318FB60FB68BB60AD
:1099C000BB685A681B4B1B68134002D172B6C04675
:1099D000FDE7BB681B68002B02D072B6C046FDE7EE
:1099E000BB685A68134B1B6813401FD0BB681B68C9
:1099F000002B1BD1BB685A680E4B1B68DB431A4017
:109A0000BB685A60FEF7C2FBBB685A680A4B1B680A
:109A1000D218094B1A60BB68180000F071F8074BA8
:109A20001B685A1C054B1A60FEF7BCFBC046BD46BE
:109A300004B080BD68B7002058B7002064B700208C
:109A400080B584B000AF274BBB60274BFB60FB6841
:109A5000072213400CD0FB680733FB60FB6807222A
:109A60009343FB60BA68FB68D21A1F4BD318BB60E4
:109A7000FB687B601D4B7A681A601C4B00225A60A1
:109A80007B68BA68D318FB600822FB689B1AFB60EE
:109A9000FB6807229343FB60FA68154B1A60144B6E
:109AA0001B6800225A60124B1B6800221A607B68F8
:109AB0003B603B68FA68D21A3B685A600C4B1A68E4
:109AC0003B681A603B685A680A4B1A603B685A68E0
:109AD000094B1A60094B802212061A60C046BD4627
:109AE00004B080BD409C00000C1B00204CB700203F
:109AF00054B700205CB7002058B7002068B700209A
:109B000080B584B000AF7860274BFB6002E0FB6853
:109B10001B68FB60FB681B687A689A42F7D8FB6891
:109B2000BB60FB685B68BA68D3187A689A4208D150
:109B3000FB685A687B685B68D218FB685A60FB68F0
:109B40007B607B68BB607B685B68BA68D218FB6827
:109B50001B689A4218D1FB681A68144B1B689A421A
:109B60000DD07B685A68FB681B685B68D2187B68FD
:109B70005A60FB681B681A687B681A6008E00B4B28
:109B80001A687B681A6003E0FB681A687B681A60D1
:109B9000FA687B689A4202D0FB687A681A60C0460D
:109BA000BD4604B080BDC0464CB7002054B700206D
:109BB00080B582B002AF8023DA0006490648002350
:109BC0000193182300930023FEF7A0F8C046BD467A
:109BD00080BDC046002A0208DD9B010880B582B026
:109BE00000AF7860E8F720FDFA239B001800FEF72D
:109BF00047FAF9E780B588B000AFF860B9607A60DD
:109C0000FB68FB61BB68BB610AE0BA69531CBB61BE
:109C1000FB69591CF96112781A707B68013B7B6003
:109C2000BB690322134003D1FB690322134002D016
:109C30007B68002BE9D1FB697B61BB693B610AE072
:109C40003A69131D3B617B69191D796112681A60BD
:109C50007B68043B7B607B68032BF1D87B69FB61ED
:109C60003B69BB610AE0BA69531CBB61FB69591CC3
:109C7000F96112781A707B68013B7B607B68002B6E
:109C8000F1D1FB681800BD4608B080BD80B582B038
:109C900000AF7860084B012210211800ECF735F86E
:109CA0007B68002B02D0054B7A681A6000231800ED
:109CB000BD4602B080BDC046000400506CB7002015
:109CC00080B500AF064B002210211800ECF71DF8FC
:109CD000044B00221A6000231800BD4680BDC04618
:109CE000000400506CB70020B0B588B002AFF86037
:109CF000B9603B60BB1D1A80FB68002B0ED0172398
:109D0000FC18BB1D1D88BA68F96811483B680093B0
:109D10002B00EDF707FA030023700BE01723FC1864
:109D20003D68BB1D1A88B96809482B00EDF7A8F8F3
:109D3000030023701723FB181B78002B01D100238D
:109D400001E001235B421800BD4606B0B0BDC0462D
:109D5000A006002090B587B000AFF860B960BB1DC9
:109D60001A80FB68002B0BD01723FC18BB1D1B8827
:109D7000BA68F9680E48EDF7F1FC030023700AE0B9
:109D80001723FC18BB1D1A88B968094B1800EDF79A
:109D9000ABFB030023701723FB181B78002B01D1AA
:109DA000002301E001235B421800BD4607B090BDCF
:109DB000A006002080B500AF044B08211800EBF787
:109DC00087FF03001800BD4680BDC0460004005058
:109DD00080B582B000AF78607B68002B06D0094B5D
:109DE000012201211800EBF790FF05E0054B00224E
:109DF00001211800EBF789FF00231800BD4602B0CF
:109E000080BDC0460004005080B582B000AF7860CD
:109E1000034B1B689847C046BD4602B080BDC04694
:109E20006CB7002080B582B000AF7860034B1B6830
:109E30009847C046BD4602B080BDC0466CB7002002
:109E400010B50A22002100F08BF810BDF0B585B0E6
:109E500017001E0003900191242B23D80C00012B26
:109E600020D03D4B08229C46230061461D780134DA
:109E7000485D010011401042F6D12D2D19D12578F1
:109E80009C1C012300931022330093431DD1302DDD
:109E900015D1202123788B43582B10D165780234BB
:109EA000102612E001F00AFA16230360002005B024
:109EB000F0BD00912B2DE6D125789C1CE3E7002E08
:109EC000EED10A36302D00D1023E244A009B944642
:109ED0006344310018000293E6F7C2F90022844679
:109EE00010002B00303B092B11D81D00AE421DDDA8
:109EF000531C09D001225242844505D301D1A94205
:109F000011DB01227043281825780134E9E72B0082
:109F1000413B192B01D8373DE8E72B00613B192B5A
:109F200004D8573DE2E701225242EDE7531C08D125
:109F30002223039A02981360002FB8D0631E019366
:109F400007E0009B002B00D04042002FAFD0002A3A
:109F5000F4D1019B3B60AAE769330208FFFFFF7F52
:109F600010B5044C13000A0001002068FFF76EFFD3
:109F700010BDC04644010020F0B51E003E4B170046
:109F80000C009C46082285B0039000912300614696
:109F90001D780134485D010011401042F6D12D2D8D
:109FA00012D125789C1C0123029310223300934385
:109FB00016D1302D0ED1202123788B43582B09D177
:109FC0006578023410260BE002912B2DEDD1257817
:109FD0009C1CEAE7002EF5D10A36302D00D1023E56
:109FE000012031004042E6F7B5F801900120310030
:109FF0004042E6F735F900230122180094462A0072
:10A00000303A092A12D81500AE421EDD5A1C0AD079
:10A010000123019A5B42824205D301D1A94211DB9F
:10A0200063467043281825780134E8E72A00413A4E
:10A03000192A01D8373DE7E72A00613A192A04D8DE
:10A04000573DE1E701235B42EDE75A1C07D122228D
:10A05000039918000A60002F09D105B0F0BD029ADB
:10A06000002A00D04042002FF7D0002B01D0631E01
:10A070000093009B3B60F0E76933020810B5044C85
:10A0800013000A0001002068FFF776FF10BDC046EC
:10A0900044010020F0B51F00002316008BB09F4242
:10A0A00004DA802109067B181F002D23129A149DC3
:10A0B0001370202303229D43462D07D02B00453BE0
:10A0C00059424B411099013ACB18109309AB0493B4
:10A0D00008AB0393139B00920293109B32000193F1
:10A0E0003B0001F0B1F90400472D1BD1119BDB07A8
:10A0F00011D5109BC31807930022002330003900AC
:10A10000E6F7AEF9002801D0079B09933022099B9E
:10A1100007998B4220D32000099B159A1B1B1360C3
:10A120000BB0F0BD109BC3180793462DE4D1037804
:10A13000302B0CD10022002330003900E6F790F9D3
:10A14000002804D10123109A9B1A139A1360139BC1
:10A15000079A1B68D318CEE7591C09911A70D6E7E5
:10A16000F0B52B2385B005000C1E027001DA4C42BD
:10A1700002336B70092C2CDD02ABDE1D20000A219E
:10A18000E6F758F937003031013E200031700A21DE
:10A190000194E6F769F8019B0400632BEEDCBA1E1C
:10A1A000A81C010013003034147002AC07349C4228
:10A1B0000AD80023944203D3093302AA9B18DB1B5D
:10A1C000C018401B05B0F0BD1C7801330C70013184
:10A1D000EBE73023E418AB70281DEC70F1E70000CA
:10A1E000F0B597B00D000A921C9C0B93099000F0FB
:10A1F000A9FF036818000D93E5F790FF00230F9067
:10A2000014932B7E07220C932B680E930E992368D0
:10A21000C90545D59B1893431A00083222600122D4
:10A220001E685F687B005B0811931096AE64EF6454
:10A2300010981199A74B5242E8F73AF9002831D10A
:10A24000109811990122A34B5242E6F719F9002800
:10A2500028D10022002330003900E6F707F9002852
:10A2600003D02B002D2243331A700C9B9A4F472B9F
:10A2700000D89A4F032300240E9A2B6101339A438E
:10A280002A600B9B2900009309980A9B15AA00F0ED
:10A29000E5F9013000D09EE00120404217B0F0BD4A
:10A2A0000733B8E732003B0030003900E8F700F927
:10A2B00000280BD0002F03DA2B002D2243331A7015
:10A2C0000C9B874F472BD5D8864FD3E720220C9C79
:10A2D0006B6894435A1C46D107336B6080230E9AF7
:10A2E000DB00134300222B60069214AA05920C9AFD
:10A2F0000AA9049213AA03922322521802920193EC
:10A300006B683200009309983B00FFF7C3FE139A75
:10A310000700472C2DD1D31C02DB6B689A4247DD26
:10A320000C9B023BDBB20C93280013990C9A013969
:10A3300050301391FFF714FF149A040013182B6187
:10A34000012A02DC2A68D20701D501332B612323BD
:10A350000AAA9B181B78002B00D192E72B002D2214
:10A3600043331A708DE7472CB8D1002BB6D1013397
:10A37000B3E70C9B652BD7D90C9B662B1AD16B6866
:10A38000002A09DD2A61002B02D12968C9070BD5F3
:10A3900001339B182B6107E0002B03D101222968B0
:10A3A000114200D09A1C2A61139B0024AB65CEE7B2
:10A3B00067230C931399149B994206DB2B68296140
:10A3C000DB07F1D501312961EEE701220029E0DC4C
:10A3D0009218521ADDE72A68530508D42B693A000F
:10A3E0000A9909980B9CA047013029D154E70C9B8E
:10A3F000652B00D8DBE0A86CE96C00220023E6F7AF
:10A400002FF8002833D00123374A0A9909980B9C6A
:10A41000A047013000D13FE7149E139BB34202DBFB
:10A420002B68DB070CD50B9C0F9B0D9A0A9909989A
:10A43000A0470024013000D12EE7731EA3420ADC9E
:10A440002B689B0700D506E1159BE868984200DB66
:10A4500024E7180022E72A0001230A9909980B9F94
:10A460001A32B847013000D116E70134E5E7139BF3
:10A47000002B3BDC01231C4A0A9909980B9CA0473E
:10A48000013000D108E7149E139B334302D12B689F
:10A49000DB07D5D50F9B0D9A0A9909980B9CA0470D
:10A4A0000023013000D1F7E60C93139B0C9A5B421A
:10A4B000934201DC330092E72A0001230A990998AC
:10A4C0000B9C1A32A047013000D1E5E60C9B01330A
:10A4D000EAE7C046FFFFEF7F6D34020869340208E7
:10A4E000753402087134020879340208149BAE6D89
:10A4F0000C939E4200DD1E00002E31DCF34300244D
:10A50000DB1733400E93AE6D0E9BF31AA34230DC83
:10A51000139B0C9A9A4238DC2B68DB0735D4139CCA
:10A520000C9B0C9A9B1B141B9C4200DD1C00002CF6
:10A5300034DCE3430026DB171C40139B0C9AD31A30
:10A540001B1BB34200DC7BE72A0001230A99099810
:10A550000B9F1A32B847013000D19DE60136ECE777
:10A5600033003A000A9909980B9CA0470130C5D1E5
:10A5700092E62A0001230A9909980B9E1A32B047E5
:10A58000013000D188E60134BDE70F9B0D9A0A998E
:10A5900009980B9CA0470130C1D17DE6BA19230070
:10A5A0000A9909980B9EB0470130C2D174E6149BFA
:10A5B0000C93012B02DC01231A4239D001233A000B
:10A5C0000A9909980B9EB047013000D164E60F9BB1
:10A5D0000D9A0A9909980B9EB047013000D15BE6AD
:10A5E000A86CE96C0C9B0022013B0C930023E5F75F
:10A5F00037FF00281AD10C9B7A1C0A9909980B9EE8
:10A60000B04701300ED147E62A0001230A99099884
:10A610000B9F1A32B847013000D13DE601360C9B42
:10A620009E42F1DB2A0023005032D9E60026F6E7ED
:10A630003A00E2E72A0001230A9909980B9E193291
:10A64000B047013000D127E60134EB68159A9B1A18
:10A65000A342EFDCF8E60024F7E7C046F7B51600A2
:10A6600001938A680B690C000090934200DA130092
:10A670002200336043321278002A01D00133336064
:10A6800023689B0602D533680233336022680623B1
:10A6900015001D401A4227D0230043331B785A1E51
:10A6A00093412268920630D4220001990098089DB7
:10A6B0004332A847013025D00622236800251340E5
:10A6C000042B05D13368E568ED1AEB43DB171D4019
:10A6D000A3682269934201DD9B1AED180026B5425A
:10A6E00020D1002010E00135E36832689B1AAB42AC
:10A6F000D2DD2200012301990098089F1932B84742
:10A700000130F0D101204042FEBD3020E11843313C
:10A71000087021005A1C45310978A21843320233CF
:10A720001170C1E72200012301990098089F1A3295
:10A73000B8470130E6D00136D1E70000F0B58BB064
:10A7400006920A0043320793059003920A7E0C009A
:10A75000109B782A09D8622A0BD8002A00D1BAE0C7
:10A760007A490491582A00D18EE0250042352A709A
:10A7700022E0100063381528F7D8E5F7E1FC160051
:10A780001F00F6FFF6FFF6FFF6FF1F00F6FFF6FFCD
:10A79000F6FFF6FF9F0036007E00F6FFF6FFB000E2
:10A7A000F6FF3600F6FFF6FF820025001A684235F4
:10A7B000111D196013682B7001239EE01868096849
:10A7C000021D0D060BD506681A60002E03DA2D2334
:10A7D000039A764213705D4B0A27049318E00668CB
:10A7E0001A604906F1D536B2EFE70868196840C922
:10A7F000050602D4400600D5B6B21960534B0A27AD
:10A8000004936F2A00D1023F2300002243331A70C1
:10A810006368A360002B06DB04212268039D8A4342
:10A82000226033430CD0039D30003900E5F718FD5A
:10A83000049B013D5B5C2B70330006009F42F3D903
:10A84000082F09D12368DB0706D5626823699A427D
:10A8500002DC3023013D2B70039B5B1B2361079BB4
:10A86000210000930598069B09AAFFF7F7FE013027
:10A8700048D1012040420BB0F0BD202209680A43B4
:10A880002260782232490491210045310A7019680A
:10A89000226840C9100602D4500600D5B6B219602D
:10A8A000D30702D5202313432360002E01D01027A5
:10A8B000AAE72022236893432360F8E71A680D680B
:10A8C000101D4969186013682E0601D5196002E051
:10A8D0006D06FBD519800023039D2361BFE71A682D
:10A8E000111D1960156800212800626800F013FD31
:10A8F000002801D0401B6060636823610023039A35
:10A900001370ACE72A00236906990598079DA847AC
:10A910000130AED023689B0715D4099BE0689842AC
:10A92000A9DA1800A7E72200012306990598079ED7
:10A930001932B04701309CD00135E368099A9B1A5F
:10A94000AB42F0DCE9E70025F7E7C0467B340208BC
:10A950008C340208F7B50C228B5E05000C001A0738
:10A9600056D44A68002A02DC0A6C002A4EDDE76AE7
:10A97000002F4BD0002280202E682A601A00400150
:10A98000216A0240034233D0626DA3895B0706D57A
:10A990006368D21A636B002B01D0236CD21A002398
:10A9A0002800E76A216AB847A289431C06D12968B2
:10A9B0001D2946D8294BCB40DB0742D500236360D5
:10A9C00023692360D20405D5431C02D12B68002BD8
:10A9D00000D16065616B2E60002917D023004433DD
:10A9E000994202D0280001F01FFB002363630DE0B1
:10A9F00001232800B8470200431CC6D12B68002B56
:10AA0000C3D01D2B01D0162B1AD12E6000201EE0C2
:10AA10000E69002EFAD00F680E60BA1B0192002258
:10AA20009B0700D14A69A260019B002BEEDDA36A5F
:10AA300032001F002800019B216AB847002807DC6C
:10AA4000A2894023012013431BB2A3814042FEBDD3
:10AA5000019B36181B1A0193E6E7C046010040200F
:10AA60000B6970B505000C00002B02D100252800F1
:10AA700070BD002804D0036A002B01D100F0C4F897
:10AA80000C22A35E002BF1D0626ED20704D49B058A
:10AA900002D4A06D00F03DFC28002100FFF75AFF12
:10AAA000636E0500DB07E2D4A3899B05DFD4A06DAC
:10AAB00000F030FCDBE70000010010B5002805D1F4
:10AAC000054A0649064800F0B7F810BD054B18685E
:10AAD000FFF7C6FFF9E7C0463801002061AA010868
:10AAE0004801002044010020002310B50400036049
:10AAF0004360836081814366C281036143618361F6
:10AB0000190008225C3000F0B1FA0B4B246263623A
:10AB10000A4BA3620A4BE3620A4B23630A4B9C4233
:10AB200005D00A4B9C4202D0094B9C4203D1200025
:10AB3000583000F0EDFB10BDE1AD010809AE010891
:10AB400041AE01086DAE010870B70020D8B70020F3
:10AB500040B8002010B5034A0349044800F06CF8DF
:10AB600010BDC0463801002061AA0108480100203C
:10AB700041680B4B10B50400994201D0FFF770FFFC
:10AB8000A168084B994202D02000FFF769FFE168F5
:10AB9000054B994202D02000FFF762FF10BDC0466E
:10ABA00070B70020D8B7002040B8002010B5094B7E
:10ABB000094A04211A6009480022FFF795FF012283
:10ABC00009210748FFF790FF022212210548FFF7ED
:10ABD0008BFF10BDA8B8002055AB010870B700204E
:10ABE000D8B7002040B8002010B5024800F091FB13
:10ABF00010BDC046B1B8002010B5024800F08AFB75
:10AC000010BDC046B1B8002010B50400FFF7ECFF3E
:10AC1000236A002B02D0FFF7EFFF10BD044B236225
:10AC2000044B1B68002BF6D1FFF7C0FFF3E7C046CB
:10AC300071AB0108A8B80020F7B5140000260090F9
:10AC40000191A5686768013F04D52468002CF8D1FC
:10AC50003000FEBDAB89012B08D90E22AB5E01335B
:10AC600004D029000098019B984706436835EAE71D
:10AC7000036A70B505000E008468002B01D1FFF750
:10AC8000C3FF636EDB0705D4A3899B0502D4A06DC7
:10AC900000F03FFBA3891B0702D52369002B1FD1BE
:10ACA0002100280000F064F9002819D001256D4228
:10ACB000636EDB0705D4A3899B0502D4A06D00F069
:10ACC00029FB280070BD0136A360002B04DAA269BD
:10ACD0009A4216DC0A2914D023685A1C2260197083
:10ACE000A3683178013B0029EDD1A360002B0FDA76
:10ACF000220028000A3100F0F9F80130D6D00A25E8
:10AD0000D6E72200280000F0F1F80130E8D1CDE7C5
:10AD100023685A1C22600A221A70F0E710B5034B10
:10AD200001001868FFF7A4FF10BDC04644010020D1
:10AD30000CB430B5184B0C001D689DB0002908DA22
:10AD40008B2301202B6040421DB030BC08BC02B0F8
:10AD5000184782236A469B009382002302901B932C
:10AD60000690994200D04B1E0493079301236A4634
:10AD70005B42D382280021AB209A02A9019301F003
:10AD800055FE431C01DA8B232B60002CDCD0002203
:10AD9000029B1A70D8E7C046440100200EB410B5DB
:10ADA00000240C499DB01FAB0290069007910491BE
:10ADB00009480A4904CB0591006802A901931B9434
:10ADC00001F034FE029B1C701DB010BC08BC03B027
:10ADD0001847C046FFFFFF7F440100200802FFFF25
:10ADE00070B50C000E25495F00F040FA002803DB27
:10ADF000636D1B18636570BDA389024A1340A3816C
:10AE0000F9E7C046FFEFFFFFF8B51F008B8905008B
:10AE10000C001600DB0505D50E23C95E00220223B7
:10AE200000F010FAA389054A28001340A3813200DC
:10AE30000E23E15E3B0000F02DFAF8BDFFEFFFFFAF
:10AE400070B50C000E25495F00F0FCF9A389421C87
:10AE500003D1054A1340A38170BD802252011343E0
:10AE6000A3816065F8E7C046FFEFFFFF10B50E2332
:10AE7000C95E00F06BF910BD30B505001400080084
:10AE80001A009BB0002C05DA8B2301202B60404276
:10AE90001BB030BD822369469B008B81002100904E
:10AEA000199104908C4200D0611E012302910591FA
:10AEB00069465B42CB8128001E9B01F0B7FD431C15
:10AEC00001DA8B232B60002CE2D00022009B1A7049
:10AED000DEE7000013B5044C009313000A000100E4
:10AEE0002068FFF7C9FF16BD44010020F8B5060031
:10AEF0000D001400002804D0036A002B01D1FFF7D5
:10AF000083FEA369A360A3891B0702D52369002BD5
:10AF100009D12100300000F02BF8002803D00125D2
:10AF20006D422800F8BD23692068EFB2C01A63693A
:10AF3000EDB2834205DC21003000FFF791FD0028CF
:10AF4000EDD1A3680130013BA36023685A1C226045
:10AF50001F706369834204D0A389DB07E1D50A2D02
:10AF6000DFD121003000FFF77BFD0028D9D0D6E7E4
:10AF70002D4B70B5050018680C00002804D0036A3A
:10AF8000002B01D1FFF740FE0C22A35E1A0723D449
:10AF9000DA0607D409222A60402201201343A38144
:10AFA00040423AE05B0713D5616B002908D02300CB
:10AFB0004433994202D0280001F036F8002363633D
:10AFC0002422A3899343A381002363602369236020
:10AFD0000823A2891343A3812369002B0BD1A0214D
:10AFE0008022A389890092000B40934203D0210064
:10AFF000280001F043FE0C22A35E01211A000A4042
:10B000000B420BD00022A26062695242A261002072
:10B010002269824201D11A06BED470BD990700D4BC
:10B020006269A260F3E7C0464401002030B5002405
:10B030000139A24201D1002005E0035D01340D5D1C
:10B04000AB42F6D0581B30BD10B5884202D98B18E0
:10B05000984208D300239A4207D0CC5CC4540133F1
:10B06000F9E78B5C8354013AFBD210BD03008218D0
:10B07000934200D1704719700133F9E7F0B500220F
:10B08000040003270A4EA35CF05C3840012800D17D
:10B090002033885C355C3D40012D00D120301D1AE5
:10B0A000834203D101320028EDD1F0BD2800FCE736
:10B0B00069330208C9B20378002B04D08B4200D157
:10B0C00070470130F7E74B42594149420840F7E7E2
:10B0D00030B50500101E0BD00024013A2B5D085D31
:10B0E000834204D1944202D00134002BF6D1181AC5
:10B0F00030BD030030B51D00002A06D00C78013A9F
:10B1000001332C700131002CF5D100219A189342A3
:10B1100000D130BD19700133F9E770B50024CDB20C
:10B12000C9B2A14206D12900FFF7C4FF040006E01E
:10B130001C00581C2900FFF7BDFF031EF8D120009A
:10B1400070BD00000048704784020020002370B5E5
:10B15000064D040008002B60E9F73EFF431C03D1B5
:10B160002B68002B00D0236070BDC046ACB8002017
:10B17000334B70B51B68040083425FD0C369002B5A
:10B1800027D0DB68002B0DD00025E369DB68595917
:10B19000002918D10435802DF7D1E3692000D96842
:10B1A00000F042FFE3691968002902D0200000F096
:10B1B0003BFFE3699D68002D0BD0290020002D681E
:10B1C00000F032FFF7E70E68200000F02DFF31009D
:10B1D000DEE76169002902D0200000F025FFE16967
:10B1E000002902D0200000F01FFF216B002902D0AF
:10B1F000200000F019FF616B002902D0200000F050
:10B2000013FFA16B002902D0200000F00DFFA16CFC
:10B21000002902D0200000F007FF616C002902D055
:10B22000200000F001FFE16A002902D0200000F0B8
:10B23000FBFE236A002B01D02000984770BDC0465A
:10B240004401002070B50400080011001A0000231A
:10B25000054D2B60E9F7E1FE431C03D12B68002B61
:10B2600000D0236070BDC046ACB8002070B50400AB
:10B27000080011001A000023054D2B60E9F773FE4A
:10B28000431C03D12B68002B00D0236070BDC04647
:10B29000ACB8002070B50400080011001A000023AB
:10B2A000054D2B60E9F77CFE431C03D12B68002B76
:10B2B00000D0236070BDC046ACB80020014B1868B8
:10B2C0007047C0464401002070B500260C4C0D4D5F
:10B2D000641BA410A64209D1002601F08DFF0A4C80
:10B2E0000A4D641BA410A64205D170BDB300EB58F3
:10B2F00098470136EEE7B300EB5898470136F2E77E
:10B30000E0360208E0360208E4360208E0360208B9
:10B31000704770477047C9B28218904201D100202F
:10B32000704703788B42FBD00130F6E7002310B55D
:10B330009A4200D110BDCC5CC4540133F8E7F0B59B
:10B3400003690C6989B0039006910020A34263DB76
:10B350000B00013C1433A50004935B190593039B78
:10B36000143301935D19059B2F681E683800013660
:10B370003100E4F7EFFE0290B74227D3049B002789
:10B380009C46019E0797624608CA30689446029A16
:10B3900099B251431B0C5343C9190A0C9B1889B22B
:10B3A00082B2521A07991F0C5218000C9BB211144A
:10B3B000C31A5B18191492B21B041A43059B079118
:10B3C00004C66345DFD22B68002B2BD00699039867
:10B3D00001F0B6F900281EDB0026019D049901C981
:10B3E0002B6887B29AB2D21B9219000C1B0C1B1A45
:10B3F00010141B181E1492B21B041A43059B04C59B
:10B400008B42ECD2019AA300D3181A68002A14D0F8
:10B41000029B01330293029809B0F0BD2B68002B08
:10B4200004D1013C019B043DAB42F7D3039B1C615B
:10B43000CCE71A68002A04D1013C019A043B9A42E5
:10B44000F7D3039B1C61E3E7F0B514001D00C66948
:10B450009DB00A940B95259F0390002E0FD11020CC
:10B4600000F02CFE039B021ED86104D1EF21C74BD4
:10B47000C74801F07BFC466086600660C660039B9F
:10B48000DB69196800290BD05A68012393404A6090
:10B490008B60039800F012FF0022039BDB691A60A7
:10B4A000002D1EDA01233B606B005B080B930B9FA2
:10B4B000B84BB84A3B40934216D1B74B249A13601D
:10B4C0003B031B0B234301D100F080FDB34B269AB5
:10B4D0000893002A02D0B24B269A136008981DB038
:10B4E000F0BD00233B60E2E70A9A0B9B1292139394
:10B4F0001298139900220023E4F7B2FF061E0BD026
:10B500000123249A1360269B002B02D0A54B269A78
:10B510001360A54B0893E1E71AAB01931BAB0093B3
:10B520000398129A139B01F0C1F97A000590520D0D
:10B5300000D17BE0139B189619039C4B090B0B431E
:10B540009B4957181298139919000022994BE6F756
:10B55000A5FB994A994BE6F7BBF8994A994BE5F751
:10B56000B7F8040038000D00E7F700F8964A974B4B
:10B57000E6F7AEF802000B0020002900E5F7A8F876
:10B5800004000D00E6F7B6FF00220490002320001F
:10B590002900E4F76BFF00280BD00498E6F7E6FFDC
:10B5A0002B002200E4F75CFF43425841049B1B1A26
:10B5B000049301231593049B162B10D8129813990A
:10B5C000049A834BD2009B181A685B68E4F74EFF1D
:10B5D000002847D0049B013B0493002315930022CD
:10B5E0001A9B0692DB1B5A1E3ED50122D31A0693E4
:10B5F00000230D93049B002B38DB049A0D9B94468B
:10B6000063440D93002314920F93229B0124092B72
:10B6100062D8052B02DD0024043B2293229B981E56
:10B62000032863D8E4F782FD5456382B1B9B1A9EDF
:10B63000F618684BF218202A0FDD40239B1A9F4012
:10B64000654B3800F318DC402043E6F7BDFF0122CC
:10B65000624B771ECB18189276E7202320009B1AA6
:10B660009840F2E71590BAE70D92C3E7069B049A5B
:10B670009B1A069353420F9300231493C5E70123AB
:10B68000239A10939446049B63440E9301330993C9
:10B69000002B08DC012306E001231093239B002BE1
:10B6A00028DD0E930993039A0021D0690422150026
:10B6B00014359D4223D94160039800F0BBFD0890EA
:10B6C00000281FD1B021464B3148089AFF31D0E6FF
:10B6D0000023E2E70023D3E7002310942293013BE9
:10B6E00000220E93099313332392DCE70123109376
:10B6F000023BF5E701231A000E930993F4E70131A9
:10B700005200D4E7039B089ADB691A60099B0E2B51
:10B7100000D9D6E0002C00D1D3E0049B002B63DDE0
:10B720000F21049A2A4B0A40D2009B181E685F68BA
:10B73000049B02241D11DB050AD52A4B0D401A6A11
:10B740005B6A12981399E5F789FB0A900B91013413
:10B75000244B0C93002D08D10A980B9932003B0022
:10B76000E5F77CFB0A900B9159E001231D4209D0BB
:10B77000E4180C9B30001A685B683900E5F7A8FFF5
:10B7800006000F000C9B6D100833E2E7AA34020894
:10B79000C13402080000F07F0F270000A634020821
:10B7A000A93402087A340208793402080000F03F14
:10B7B00001FCFFFF0000F83F61436F63A787D23FA2
:10B7C000B3C8608B288AC63FFB799F501344D33F90
:10B7D000103602083204000012040000000010FEBF
:10B7E00019350208E8350208049B0224002B16D004
:10B7F000129813990F225D422A40D54BD2009B1814
:10B800001A685B68E5F764FF012700230A900B9133
:10B81000D04E2D11002D00D095E0002BA2D10A9E14
:10B820000B9F159B002B00D198E0002230003900BF
:10B83000C94BE4F71BFE002800D18FE0099B002BC9
:10B8400000D18BE00E9B002B37DD049B0022013BD7
:10B850000C933000C14B3900E5F73AFF0A900B9189
:10B860000E9B013420001193E6F780FE0A9A0B9B91
:10B87000E5F72EFFBA4B0022E4F72AFFB94B06008A
:10B88000CF18119B002B6DD10A980B990022B64B53
:10B89000E6F704FA32003B0004000D00E4F7FAFD7D
:10B8A000002800D0B6E2802109067B183200200073
:10B8B0002900E4F7DBFD002828D1129B139C0A9392
:10B8C0000B941B9B002B00DA74E1049A0E2A00DD16
:10B8D00070E19F4BD2009B185C681B68069307942D
:10B8E000239B002B00DBE7E0099B002B00DDE3E05E
:10B8F0000CD10698079900229B4BE5F7E9FE0A9ABE
:10B900000B9BE4F7D1FD002800D186E2002637002A
:10B91000239B089CDB430C9304970027310003987A
:10B9200000F0CCFC049B002B00D1BBE0002F05D025
:10B930009F4203D03900039800F0C0FC049903989B
:10B9400000F0BCFCAEE03D4205D032687368E5F71C
:10B95000BFFE3B0001346D1008365BE7049B0C937F
:10B96000099B7FE7119A7A4B013AD20010999B18F4
:10B970001A685B6800294CD000207C49E5F76EFA14
:10B9800032003B00E6F78AF9089A060094460F0059
:10B99000089B1693119B634411930A980B99E6F741
:10B9A000A9FD0500E6F7E2FD02000B000A980B99DD
:10B9B000E6F774F9169B30355C1C1D7032003B00B5
:10B9C0000A900B91E4F752FD00286BD10A9A0B9B69
:10B9D00000206149E6F762F932003B00E4F746FDDA
:10B9E000002800D0C6E0119BA34200D165E70022E9
:10B9F00030003900594BE5F76BFE002206000F00BE
:10BA00000A980B99554BE5F763FE16940A900B9133
:10BA1000C3E730003900E5F75BFE089D119A2B0063
:10BA2000944616901791634419930A980B99E6F778
:10BA300061FD0400E6F79AFD0B0002000A980B99DD
:10BA4000E6F72CF93034199B2C70013506000F00F5
:10BA5000AB422AD116981799089B119C9C4600224C
:10BA6000424B6444E4F734FE02000B00300039001E
:10BA7000E4F710FD002800D07CE0169A179B002008
:10BA80003A49E6F70BF902000B0030003900E4F701
:10BA9000EDFC002800D110E72300013C2278302A79
:10BAA000FAD01C000C9B049342E000222B4BE5F7DC
:10BAB0000FFE0A900B91B8E7099B089D013B5B19AB
:10BAC0000A9E0B9F0A93069A079B30003900E5F700
:10BAD000C5F9E6F70FFD0990E6F748FD069A079BC2
:10BAE000E5F7F6FD02000B0030003900E6F7D6F866
:10BAF0002B00099A013530321A700A9A2C009A42AA
:10BB00004BD102000B00E4F7E3FD069A079B060009
:10BB10000F00E4F7BFFC00282AD1069A079B3000EB
:10BB20003900E4F79DFC002802D0099BDD071FD4F3
:10BB30000599039800F0C2FB00232370049B249A0C
:10BB400001331360269B002B00D1C7E41C60C5E4C1
:10BB500010360208E83502080000F03F00002440DB
:10BB600000001C400000C0FC000014400000E03F4A
:10BB7000049B0C9323001C00013B1A78392A08D13E
:10BB8000089A9A42F7D10C9A089901320C92302205
:10BB90000A701A7801321A7084E70022C64BE5F762
:10BBA00097FD0022002306000F00E4F759FC00284F
:10BBB00089D0BDE7109F0F9D069C002F14D0229ABC
:10BBC000012A00DDE4E0189A002A00D1DAE0BB4A3D
:10BBD0009B18069A0121D21806920D9A0398D31841
:10BBE0000D9300F023FC0700002C0ED00D9B002BC2
:10BBF0000BDD0D9A2300944200DD1300069AE41A2F
:10BC0000D21A06920D9AD31A0D930F9B002B21D0B6
:10BC1000109B002B00D1D3E0059E002D14D03900DD
:10BC20002A00039800F0C4FC059A0100070003985D
:10BC300000F014FC06000599039800F03FFB0F9BF1
:10BC400005965B1B0F9305D031000F9A039800F007
:10BC5000AFFC05900121039800F0E8FB149B06005F
:10BC6000002B00D1BCE11A000100039800F0A0FCF9
:10BC7000229B06000025012B16DC00250A9BAB4207
:10BC80000ED10B9B1B03AB420AD18D4B0B9A134277
:10BC900006D0069B0135013306930D9B01330D93AE
:10BCA000149B0120002B08D0336903339B00F31849
:10BCB000586800F06BFB2023181A0D9B181802001F
:10BCC0001F231A40184200D181E001339B1A042B34
:10BCD00079DD1C239B1A069AE418D21806920D9A55
:10BCE000D3180D93069B002B05DD1A0005990398C8
:10BCF00000F0BAFC05900D9B002B05DD31001A0009
:10BD0000039800F0B1FC0600159B002B61D03100B8
:10BD1000059800F015FD00285BDA049B0A22013B20
:10BD20000C9305990023039800F0ECFA109B059002
:10BD3000002B00D15BE1002339000A22039800F0B8
:10BD4000E1FA0E9B0700002B4DDC229B022B46DD07
:10BD50000E9B002B00D0DBE531000522039800F09C
:10BD6000D1FA06000100059800F0EAFC002800DC8A
:10BD7000CEE5089B089A5C1C312313700C9B0133A1
:10BD80000C93C9E536231A9A0F9D9B1A069C20E74F
:10BD9000099B5D1E0F9BAB4208DB5D1B099B002BC3
:10BDA000F4DA069B099A9C1A002312E70F9B149A57
:10BDB000EB1AD31814930F95069C0025099B08E7EE
:10BDC0000F9A059942E7042B8CD01C3383E71300AC
:10BDD000FBE7049B0C93099B0E93002BB5DD109B96
:10BDE000002B00D107E1002C05DD3900220003986B
:10BDF00000F03AFC07000497002D20D079680398E2
:10BE000000F018FA041E0CD122002E4B2E482F49A8
:10BE1000FFF72FFB119E3700ABE7049B099E0C93A5
:10BE2000F9E739003A690C31023292000C30FFF721
:10BE30007DFA01222100039800F016FC0490089B73
:10BE40000E9A0693013B9B1801220F930A9B134005
:10BE50000E9331000598FFF772FA390005000A9039
:10BE6000059800F06DFC049A0D903100039800F0E5
:10BE700083FC0122C368040030350992002B04D1F1
:10BE80000100059800F05CFC09902100039800F087
:10BE900015FA069B229A5C1C099B13430E9A1343C6
:10BEA00016D1392D2FD00D9B002B01DD0A9D313588
:10BEB000069B1D7032E5C04600002440330400009C
:10BEC0000000F07F19350208C1340208EF020000BB
:10BED0000D9B002B04DB229A13430E9A13431ED1B1
:10BEE000099B002BE4DD05990122039800F0BCFBBF
:10BEF0003100059000F024FC002802DCD8D1EB07CB
:10BF0000D6D5392DD2D13923069A137023001C00BF
:10BF1000013B1A78392A50D001321A70FEE4099B8D
:10BF2000002B03DD392DEED00135C1E7069B069AC3
:10BF30001D700F9B93422BD000230A220599039872
:10BF400000F0E0F9049B05909F4209D139000023DD
:10BF50000A22039800F0D6F907000490069478E7C7
:10BF6000390000230A22039800F0CCF900230700CF
:10BF70000A220499039800F0C5F90490EEE70E9B9D
:10BF80000124002B00DD1C0004970027089B1C19CE
:10BF900005990122039800F067FB3100059000F03D
:10BFA000CFFB0028B2DC01D1ED07AFD423001C0089
:10BFB000013B1A78302AFAD0B0E4089A9A42A6D106
:10BFC0000C9B01330C9331231370A7E4144B269A76
:10BFD0000893144B002A01D0FFF77EFAFFF77EFA90
:10BFE000229B012B00DC48E60120149D65E60E9B98
:10BFF000002B00DCA9E6002431000598FFF79FF92B
:10C00000089B303018550E9B01340500A342B6DD65
:10C0100000230A220599039800F074F90590EBE7D4
:10C020009D340208A534020870B505000C1E10D01E
:10C03000043C2368002B00DAE418280000F0EAF83A
:10C040001D4A1368002B05D163601460280000F0BE
:10C05000E9F870BDA34208D9206821188B42F3D1BA
:10C0600019685B6809182160EEE71A005B68002B0D
:10C0700001D0A342F9D911685018A0420BD1206811
:10C080000918501811608342E0D118685B684118A4
:10C0900011605360DAE7A04202D90C232B60D5E788
:10C0A000206821188B4203D119685B680918216048
:10C0B00063605460CAE7C046B8B8002010B5034BAF
:10C0C0000100186800F026F810BDC04644010020A9
:10C0D00070B50F4E0D0031680400002902D100F048
:10C0E00033FE30602900200000F02EFE431C03D1F7
:10C0F00001256D42280070BD0323C51C9D43A84245
:10C10000F8D0291A200000F01FFE0130F2D1EFE72D
:10C11000B4B80020F7B50322CB1C934308330500C5
:10C120001F000C2B34D20C27B94233D8280000F062
:10C1300071F8374E33681C00002C2FD139002800CD
:10C14000FFF7C6FF0400431C5FD134680094009BD6
:10C15000002B4AD1002C52D023682800E318009904
:10C16000019300F0F1FD019B834248D12368280030
:10C17000FF1A3900FFF7ACFF013040D02368DB190C
:10C18000236033685A68002A33D1009B336019E07A
:10C19000002BC9DA0C232B600020FEBD2168C91BCF
:10C1A00020D40B290AD9E2192760A34204D13260B6
:10C1B00063681160536005E05A60F9E76268A34262
:10C1C0000ED13260280000F02DF8200007220B303D
:10C1D000231D9043C21A9842DFD01B1AA350DCE7FC
:10C1E0005A60EFE723006468A6E7009C6368009349
:10C1F000ADE71A005B68A342FBD10023DAE70C230A
:10C2000028002B6000F00EF8C6E70760DAE7C046AA
:10C21000B8B8002010B50248FFF77BF810BDC04643
:10C22000B0B8002010B50248FFF774F810BDC04642
:10C23000B0B8002070B5C56906000C00002D0ED105
:10C240001020FFF73BFF021EF06104D16B21194B58
:10C25000194800F08BFD456085600560C560F56993
:10C26000EB68002B13D0F369A200DB689B181868F9
:10C27000002818D101210D00A5406A1D3000920050
:10C2800000F092FD00280CD0446085600DE0212272
:10C290000421300000F088FDF369E860DB68002BC2
:10C2A000E1D1002070BD02681A6000230361C36001
:10C2B000F8E7C046AA3402082A35020870B5C669F4
:10C2C00005000C00002E0ED11020FFF7F7FE021E15
:10C2D000E86104D18F21094B094800F047FD466011
:10C2E00086600660C660002C07D0EB696268DB6878
:10C2F00092009B181A6822601C6070BDAA34020864
:10C300002A350208F7B50F0001900C001E0000202E
:10C310000D6914373B68013099B251431B0C5343EC
:10C3200089190E0C9B191E0C89B21B045B1808C7D7
:10C330008542EFDC002E22D0A368AB4219DC616895
:10C3400001980131FFF776FF071E05D13A00BA21A7
:10C350000C4B0D4800F00AFD210022690C3102321D
:10C3600092000C30FEF7E2FF21000198FFF7A6FFD4
:10C370003C002B1D9B00E31801355E602561200009
:10C38000FEBDC046193502082A3502088022030086
:10C3900052020020934201D21B041030802252042A
:10C3A000934201D208301B0280225205934201D2EF
:10C3B00004301B018022D205934201D202309B003F
:10C3C000002B03DB0130134200D1202070470368AB
:10C3D000010007221800104013420DD0063A002039
:10C3E000134205D10230034203D0D34010000B604A
:10C3F00070479B080B60FBE79AB2002A01D110201E
:10C400001B0CDAB2002A01D108301B0A1A0701D12D
:10C4100004301B099A0701D102309B08DA07E9D4DE
:10C4200001305B08E6D12020E2E7000010B50C00E7
:10C430000121FFF7FFFE002807D14621054C02002D
:10C44000054B2000FF3100F091FC012344610361A2
:10C4500010BDC0462A35020819350208F0B514008F
:10C460000A6923690D0089B09A4202DB23000C009F
:10C470001D0027692E696168BB190093A368BA196A
:10C48000934200DA0131FFF7D5FE8446002806D139
:10C49000B1216246444B4548490000F067FC020068
:10C4A000BB1914329B00D31801930021130001988B
:10C4B000834228D32300BF00143304931435DB19BF
:10C4C000B6000293AB190793042305932300029946
:10C4D0001533994205D30C1B153CA4080134A30065
:10C4E0000593079B9D4210D3009B002B05DD019B0C
:10C4F000043B01931B68002B52D063466046009AB0
:10C500001A6109B0F0BD02C3D1E72C68A4B2002CB7
:10C510001FD000231700049E039308CE39680693AA
:10C520006B461B8B88B263431B180398090C1B18BE
:10C530000698000C60434018190C4118080C9BB277
:10C5400009041943029B039002C7B342E5D8059B37
:10C55000D0502C68240C20D0002110001368049EB9
:10C5600003913168076889B261433F0CC919039F81
:10C570009BB2C9190F041F43076080CE43683F0C6C
:10C5800067439BB2090CFB185B18190C03910299C5
:10C590000430B142E5D80599535004350432A0E780
:10C5A000009B013B00939FE7193502082A350208DA
:10C5B000F7B50323150007000E001A401D4208D0EE
:10C5C0002549013A9200525800233100FFF79AFEA4
:10C5D0000600AD103DD0FC69002C0FD11020FFF7F4
:10C5E0006DFD021EF86105D1B4211C4B1C48FF31C2
:10C5F00000F0BCFB446084600460C460FB699C681C
:10C600000193002C08D138001649FFF70FFF019B5A
:10C61000040098600023036001231D420AD031000A
:10C6200022003800FFF71AFF310001903800FFF7B1
:10C6300045FE019E6D100CD02068002807D1220015
:10C6400021003800FFF70AFF002320600360040088
:10C65000E2E73000FEBDC046DC350208AA3402081D
:10C660002A35020871020000F0B50C00160023699B
:10C67000571185B0FB180193013300934968A368F3
:10C680000290009A934210DB0298FFF7D3FD00233B
:10C69000010005001A00143198420CD1EF212A0044
:10C6A000254B2648490000F061FB01315B00E8E7BB
:10C6B00098000A500133BB42FADBFB43DB171F40F3
:10C6C000BF0023001F20C9193700226914339200CC
:10C6D0009A180740064229D00130C01B03908C46AF
:10C6E00000201E68BE400643604640C08446039E4C
:10C6F00001CBF0409A42F4D8260015360423B2420A
:10C7000004D3131B153B9B0801339B00C850002822
:10C7100002D0019B02330093009B0298013B210051
:10C720002B61FFF7CBFD280005B0F0BD01CB01C1A7
:10C730009A42FBD8F0E7C046193502082A350208AC
:10C7400030B50B6904690200E01A9C420FD1143223
:10C750009B0014311400C918D218043A0439156822
:10C760000B689D4204D001209D4200D2023830BDAA
:10C770009442F2D3FBE70000F0B50C0087B00090C4
:10C78000110020001700FFF7DBFF051E10D101008C
:10C790000098FFF74FFD021E04D1404B404841492D
:10C7A00000F0E4FA012345610361100007B0F0BD19
:10C7B0000026B04203DA23003C001F000136616806
:10C7C0000098FFF737FD021E03D1344B3448364939
:10C7D000E6E72369143400939B00E31821000194D9
:10C7E0003C0002933B6914349B00E318039303005D
:10C7F000C6608C460020143304930593634620CB17
:10C80000A9B20E009C4608CC2D0C99B2711A0918D9
:10C810001B0C0814EB1A1B18181489B21B041943BB
:10C82000059B02C30593039BA342E7D83900039CF1
:10C83000153104238C4204D3E31B153B9B080133C1
:10C840009B000199CD1804992E00CB181F00029966
:10C850008E4211D3029CE91E00208C4204D3210099
:10C860000331491B890888001B18043B19680029FB
:10C8700010D0009B136198E7844602CE88B26044D2
:10C8800000140C0C04196144201489B224042143BF
:10C8900002C7DCE7009901390091E6E71935020883
:10C8A0002A3502083702000045020000F7B50121D1
:10C8B00016001F00FFF7BEFC041E05D12200254B09
:10C8C0002548264900F052FA3B037D001B0B6D0DF5
:10C8D00002D08022520313430193002E25D06846D4
:10C8E0000096FFF774FD019B009900281BD02022C1
:10C8F0001E00121A96403200C3400A43626101933F
:10C90000019EA661731E9E4101362661002D14D042
:10C910003526134BED18089B2D181D60099B361A00
:10C920001E602000FEBD6161EAE701A8FFF74FFD30
:10C93000019B012663612030E7E70A4BC018089B82
:10C940001860094BF3189B00E3185869FFF71EFDA8
:10C950007601E3E7193502082A3502080F030000C3
:10C96000CDFBFFFFCEFBFFFFFFFFFF3FF0B58E6863
:10C9700085B01F000C000B6802900392BE4230D8B5
:10C980000C21625E9021C9000A4228D0032021694F
:10C990005B1A0193636943430198DD0FED187B1C1B
:10C9A0001B186D10AB4200D91D00520528D5290077
:10C9B0000298FFF7AFFB061E2CD0019A2169FEF703
:10C9C000B5FCA289184B1A4080231343A381019B15
:10C9D0002661F61826603E006561ED1AA560BE422C
:10C9E00000D93E00320003992068FEF72DFB00209D
:10C9F000A3689B1BA36023689B19236005B0F0BD4F
:10CA00002A00029800F00FFA061EE0D12169029870
:10CA1000FFF70AFB0C230120029A40421360A2890F
:10CA200034331343A381E9E77FFBFFFFF0B5A1B0E7
:10CA300003901D008B890F0016001B0611D50B6992
:10CA4000002B0ED14021FFF765FB386038610028CC
:10CA500005D10C23039A136001204042CFE040230C
:10CA60007B61002308AC6361203363761033A376C7
:10CA7000079535002B78002B01D0252B48D1AB1B17
:10CA80000593B5420BD0320039000398FFF76EFFD3
:10CA9000013000D1AEE06369059A9B1863612B7881
:10CAA000002B00D1A6E0012200235242626004A9BB
:10CAB000543252186E1C2360E360A3601370A365A8
:10CAC000544B0522180031780593FEF724FC751CA1
:10CAD00000281FD12268D30604D5532304A95B186C
:10CAE00020211970130704D5532304A95B182B21A7
:10CAF000197033782A2B16D0350000210A20E368FC
:10CB00002A786E1C303A092A50D9002911D117E031
:10CB10000135AFE7059B2268C01A01238340134308
:10CB20002E002360CCE7079B191D1B680791002B83
:10CB300001DB0B9304E05B42E360022313432360B9
:10CB40002B782E2B0CD16B782A2B34D1079B0235F6
:10CB50001A1D1B680792002B01DA01235B4209931F
:10CB60002D4E032230002978FEF7D5FB002806D091
:10CB70004023801B834022680135134323602978BA
:10CB8000062226486E1C2176FEF7C5FB002838D009
:10CB9000234B002B22D10722079B073393430833F3
:10CBA00007936369049A9B18636162E74343350006
:10CBB00001219B18A4E700230A20190001356360B6
:10CBC0002A786E1C303A092A03D9002BC8D0099163
:10CBD000C6E74143350001238918F1E707AA00920F
:10CBE00021003A000F4B0398FDF7FAFA0490049BDA
:10CBF0000133D6D1BB890D985B0600D52CE721B057
:10CC0000F0BD07AA009221003A00064B0398FDF7F9
:10CC100095FDEBE783350208893502088D3502085A
:10CC2000E1A101086DC9010870B50E001D000E23B9
:10CC3000C95E140096B000290CDAB2898023110075
:10CC400019401A4214D18023DB00002029602360A0
:10CC500016B070BD6A4600F053F80028EDDBF023F3
:10CC600001991B021940044BC9184B425941EAE78C
:10CC700000214023E9E7C04600E0FFFFF0B50226AF
:10CC80008B8905000C0085B0334207D02300473361
:10CC9000236023610123636105B0F0BD03AB02AAE9
:10CCA000FFF7C2FF029F019039002800FFF732FA18
:10CCB000002808D10C22A35E9A05EDD403229343E9
:10CCC0001E43A681E2E78023A28920601343A3814B
:10CCD000039B20616761002B0CD028000E23E15ECE
:10CCE00000F020F8002805D00323A2899A43023BD4
:10CCF0001343A381A389019A1343A381CCE70000C6
:10CD0000002370B5064D0400080011002B60E8F701
:10CD10006DF9431C03D12B68002B00D0236070BD3C
:10CD2000ACB80020002370B5064D040008002B604D
:10CD3000E8F76AF9431C03D12B68002B00D023606D
:10CD400070BDC046ACB80020002370B5064D04008D
:10CD500008002B60E8F76CF9431C03D12B68002B0B
:10CD600000D0236070BDC046ACB800207FB5140071
:10CD70001A00094B05001B680E00D868074B002CF1
:10CD800001D1074B1C000749019302942B00009628
:10CD900000F086F800F094F8440100209E35020867
:10CDA000D9350208AB35020870B50B0C150C002BF9
:10CDB0001ED1002D0CD189B294B24C432100FFF753
:10CDC000A9F9051E1BD022000021FEF74FF916E03D
:10CDD0002B1C0C1C89B292B24A439BB2A1B259439C
:10CDE000140C0C19230C07D1240492B21443E5E768
:10CDF000002D01D1141CEDE70C2300250360280051
:10CE000070BD82B0002900D101A9101E06D0002BF0
:10CE100006D013780B601078431E984102B070471B
:10CE200002204042FAE7F7B506000C001500002981
:10CE300005D11100FFF76EF904002000FEBD002AA5
:10CE400003D1FFF7F1F82C00F7E700F040F80700F6
:10CE5000854202D84308AB42EFD329003000FFF7E8
:10CE600059F90190002801D1019CE6E72A00BD4252
:10CE700000D93A0021000198FEF758FA210030004D
:10CE8000FFF7D2F8F0E70300081E05D0FF2A04D907
:10CE90008A2201201A604042704701200A70FBE795
:10CEA0000EB417B5054C05AB04CB01002068019307
:10CEB00000F03CF81EBC08BC03B018474401002039
:10CEC000062010B500F078F90120E8F73FF80B1FB5
:10CED0001B68181F002B01DA0B58C01870479368A5
:10CEE00010B5013B9360002B04DA9469A34207DB81
:10CEF0000A2905D01368581C10601970080010BD6D
:10CF0000FDF7F4FF0100F9E7F8B506000F00140083
:10CF1000D518AC4201D1002007E021783A0030005A
:10CF2000FFF7DDFF0134431CF3D1F8BDF0B5A1B02C
:10CF30000F0015001E000390002804D0036A002B88
:10CF400001D1FDF761FE7B6EDB0705D4BB899B0534
:10CF500002D4B86DFEF7DDF9BB891B0702D53B692A
:10CF6000002B13D139000398FEF702F800280DD0EA
:10CF70007B6EDB0703D50120404221B0F0BDBB89A9
:10CF80009B05F8D4B86DFEF7C5F9F4E7002308ACAB
:10CF90006361203363761033A37607962E003378CF
:10CFA000002B01D0252B48D1731B0593AE420BD02B
:10CFB0002A0039000398FFF7A7FF013000D1AEE047
:10CFC0006369059A9B1863613378002B00D1A6E052
:10CFD000012200235242626004A954325218751C87
:10CFE0002360E360A3601370A365594B052218000A
:10CFF00029780593FEF78FF96E1C00281FD122684F
:10D00000D30604D5532304A95B18202119701307F4
:10D0100004D5532304A95B182B2119702B782A2BD4
:10D0200016D02E0000210A20E3683278751C303AB1
:10D03000092A50D9002911D117E00136AFE7059B25
:10D040002268C01A01238340134335002360CCE7D4
:10D05000079B191D1B680791002B01DB0B9304E054
:10D060005B42E36002231343236033782E2B0CD101
:10D0700073782A2B34D1079B02361A1D1B6807923E
:10D08000002B01DA01235B420993324D0322280071
:10D090003178FEF740F9002806D04023401B83403A
:10D0A0002268013613432360317806222A48751C12
:10D0B0002176FEF730F9002840D0284B002B22D1F2
:10D0C0000722079B07339343083307936369049A46
:10D0D0009B18636162E743432E0001219B18A4E77C
:10D0E00000230A201900013663603278751C303A3B
:10D0F000092A03D9002BC8D00991C6E741432E0065
:10D1000001238918F1E707AA009221003A00144B85
:10D110000398FDF765F80490049B0133D6D17B6E2C
:10D12000DB0705D4BB899B0502D4B86DFEF7F2F886
:10D13000BB895B0600D51EE70D981EE707AA009283
:10D1400021003A00064B0398FDF7F8FAE3E7C046E2
:10D1500083350208893502088D350208E1A10108EE
:10D1600009CF010870B504000D001F2904D916234A
:10D1700003600120404270BDC36B002B04D08A00C5
:10D180009B181A68002A08D1200000F031F82A0004
:10D190000100200000F01AF8EDE7012A09D0511C27
:10D1A00003D1162303600120E5E700212800196060
:10D1B00090470020DFE7000010B5034B010018681E
:10D1C000FFF7D0FF10BDC04644010020002370B51A
:10D1D000064D0400080011002B60E7F7A7FE431C72
:10D1E00003D12B68002B00D0236070BDACB80020A9
:10D1F00010B5E7F795FE10BDF8B5C046F8BC08BC01
:10D200009E467047F8B5C046F8BC08BC9E467047BD
:10D210003030303066653962386532323435343119
:10D22000396434633231656461653832656431393B
:10D2300000000000424C452073657276696365000A
:10D2400030303030666539633865323234353431E8
:10D25000396434633231656461653832656431390B
:10D2600000000000424C45205749464920436F6E5C
:10D2700074726F6C206368617261630030303030AB
:10D280006665396438653232343534313964346333
:10D2900032316564616538326564313900000000FF
:10D2A000424C45205749464920436F6E6669677571
:10D2B0007265206368617261630000003030303055
:10D2C00066653965386532323435343139643463F2
:10D2D00032316564616538326564313900000000BF
:10D2E000424C452057494649204D6F6E69746F7214
:10D2F000696E6720636861726163000030303030AE
:10D3000066653232386532323435343139643463EB
:10D31000323165646165383265643139000000007E
:10D32000424C452046554F5441206261736520614F
:10D3300064647265737320636861726163000000E6
:10D34000303030306665323338653232343534311E
:10D35000396434633231656461653832656431390A
:10D3600000000000424C452046554F544120636F59
:10D370006E6669726D6174696F6E20636861726157
:10D380006300000030303030666532343865323248
:10D39000343534313964346332316564616538322F
:10D3A0006564313900000000424C452046554F5419
:10D3B00041207261772064617461206368617261E9
:10D3C00063000000312E312E3000000053543637F8
:10D3D0005736582057692D466920436F6D6D697324
:10D3E00073696F6E696E67206F76657220424C4577
:10D3F00000000000232323232057656C636F6D65B5
:10D4000020746F202573204170706C6963617469AA
:10D410006F6E2023232323230A000000536570200E
:10D42000333020323032350031303A33323A35360B
:10D430000000000023206275696C643A2025732087
:10D4400025730A002D2D2D2D2D2D2D2D2D2D2D2D1E
:10D450002D2D2D20486F737420696E666F202D2D41
:10D460002D2D2D2D2D2D2D2D2D2D2D2D2D0A000069
:10D47000486F73742046572056657273696F6E3A11
:10D480002020202020202020202025730A000000BA
:10D49000426C6546756F7461577269746554617347
:10D4A0006B0000006D61696E5F6170702E6300003B
:10D4B0006661696C656420746F20696E6974696166
:10D4C0006C697A6520535436375736582044726950
:10D4D0007665722C20256C690A0000006661696C13
:10D4E000656420746F20696E697469616C697A651E
:10D4F00020535436375736582057692D46692063D4
:10D500006F6D706F6E656E742C20256C690A00005B
:10D5100057692D466920696E697420697320646FAC
:10D520006E650A006661696C656420746F20696EBF
:10D53000697469616C697A65205354363757365877
:10D54000204E657420636F6D706F6E656E742C2055
:10D55000256C690A000000004E657420696E6974CC
:10D5600020697320646F6E650A0000006661696C53
:10D57000656420746F20696E697469616C697A658D
:10D58000205354363757365820424C4520636F6D30
:10D59000706F6E656E742C20256C690A00000000A7
:10D5A000426C6520696E697420697320646F6E65D2
:10D5B0000A000000424420416464726573733A209B
:10D5C00025303268783A25303268783A253032682A
:10D5D000783A25303268783A25303268783A253002
:10D5E0003268780A00000000424420416464726599
:10D5F0007373206964656E74696669636174696FC9
:10D600006E206661696C65642C20256C690A0000D7
:10D61000535436375736315F424C455F25303268B8
:10D62000580000006661696C656420746F20736542
:10D630007420646576696365206E616D652C2025B4
:10D640006C690A00436F6E66696775726520424CAB
:10D65000450A00006661696C656420746F2073651B
:10D660007420545820706F7765722C20256C690ADD
:10D67000000000006661696C656420746F2073654A
:10D68000742041445620646174612C20256C690A21
:10D6900000000000424C4520636F6E66696775723A
:10D6A0006174696F6E20697320646F6E650A000093
:10D6B0000A424C4520436F6D6D697373696F6E69E3
:10D6C0006E67205365727669636520437265617485
:10D6D000696F6E0A000000003030303066663961D4
:10D6E00063633761343832613938346137663265A3
:10D6F0006435623365353866000000006661696C28
:10D70000656420746F20437265617465207365726F
:10D71000766963652C20256C690A00003030303052
:10D720006665323063633761343832613938346169
:10D73000376632656435623365353866000000004F
:10D740006661696C656420746F20637265617465DD
:10D750002025732C20256C690A0000002D202573DC
:10D7600020637265617465640A0000006661696C1B
:10D77000656420746F2052656769737465722063F5
:10D7800068617261637465726973746963732C2074
:10D79000256C690A000000002D20424C452073656D
:10D7A00072766963657320616E642063686172617B
:10D7B0006320726567697374657265640A000000AE
:10D7C000424C45207365727669636520616E642002
:10D7D000636861726163206372656174696F6E2052
:10D7E000697320646F6E650A00000000424C45209A
:10D7F0005365742053656375726974792050617242
:10D80000616D6574657273206661696C65642C2056
:10D81000256C690A000000000A537461727420428A
:10D820004C45206164766572746973696E670A009D
:10D830006661696C656420746F2073746172742012
:10D840006164766572746973696E672C20256C69F2
:10D850000A000000424C4520616476657274697369
:10D86000696E6720697320737461727465640A005D
:10D87000424C4520646973636F6E6E656374696FB3
:10D880006E206661696C65642C20256C690A000055
:10D89000556E7061697220626F6E646564206465A4
:10D8A00076696365730A0000426F6E6465642044A4
:10D8B00065766963653A2025303268783A253032DA
:10D8C00068783A25303268783A25303268783A25D7
:10D8D000303268783A25303268780A006661696CBF
:10D8E000656420746F20756E7061697220626F6E5E
:10D8F00064656420646576696365732C20256C69B2
:10D900000A00000025303268783A25303268783ACB
:10D9100025303268783A25303268783A25303268D6
:10D92000783A253032687820756E70616972656466
:10D930000A0000004E6F206D6F726520626F6E648A
:10D940006564206465766963650A00005749464945
:10D9500020436F6E74726F6C204368617261630A5A
:10D960000000000057494649205363616E20456E10
:10D9700061626C650A0000005363616E2046616954
:10D980006C65640A000000005749464920436F6EE9
:10D990006E6563740A0000006661696C65642074DA
:10D9A0006F20636F6E6E6563742C20256C690A00AE
:10D9B00041707020636F6E6E65637465640A000069
:10D9C0005749464920446973636F6E6E6563740AF4
:10D9D00000000000446973636F6E6E6563742073AA
:10D9E0007563636573730A00446973636F6E6E6574
:10D9F0006374206661696C65642C20256C690A007B
:10DA0000574946492050696E670A00002568752EFF
:10DA10002568752E2568752E256875004E6F207057
:10DA2000696E672072656365697665640A00000047
:10DA3000256875207061636B657473207472616E04
:10DA4000736D69747465642C202568752072656334
:10DA500065697665642C20256875252520706163CD
:10DA60006B6574206C6F73732C2074696D65202551
:10DA70006C756D730A00000050696E67204661691D
:10DA80006C7572650A000000436F6E6E65637465A5
:10DA90006420746F20616E2041636365737320504E
:10DAA0006F696E740A000000436F6E6E6563746583
:10DAB0006420746F20666F6C6C6F77696E672041AD
:10DAC000636365737320506F696E74203A0A0000B7
:10DAD0005B25303268783A25303268783A25303222
:10DAE00068783A25303268783A25303268783A25B5
:10DAF000303268785D204368616E6E656C3A20252F
:10DB00006C75207C20525353493A20256C69207C47
:10DB100020535349443A2025730A00004661696C3A
:10DB2000656420746F2073657420706173736B6516
:10DB3000792C20256C690A507265737320627574A4
:10DB4000746F6E207768696C6520646973636F6EAB
:10DB50006E656374656420746F20636C6561722008
:10DB6000736563757269747920446174616261736D
:10DB70006520616E642072656C61756E63682070EB
:10DB8000616972696E672070726F636573730A00F2
:10DB900053657420706173736B65790A000000002F
:10DBA000507265737320627574746F6E2077686944
:10DBB0006C6520646973636F6E6E65637465642061
:10DBC000746F20636C65617220736563757269742C
:10DBD0007920446174616261736520616E642072B2
:10DBE000656C61756E63682070616972696E67202B
:10DBF00070726F636573730A000000004661696CA0
:10DC0000656420746F2073656E6420706173736B3C
:10DC1000657920636F6E6669726D2C20256C690AC8
:10DC2000507265737320627574746F6E20776869C3
:10DC30006C6520646973636F6E6E656374656420E0
:10DC4000746F20636C6561722073656375726974AB
:10DC50007920446174616261736520616E64207231
:10DC6000656C61756E63682070616972696E6720AA
:10DC700070726F636573730A0000000053656E7401
:10DC800020706173736B657920636F6E6669726D66
:10DC90000A00000050616972696E6720436F6E660A
:10DCA00069726D204661696C65642C20256C690A77
:10DCB000507265737320627574746F6E2077686933
:10DCC0006C6520646973636F6E6E65637465642050
:10DCD000746F20636C65617220736563757269741B
:10DCE0007920446174616261736520616E642072A1
:10DCF000656C61756E63682070616972696E67201A
:10DD000070726F636573730A00000000506169727E
:10DD1000696E6720436F6E6669726D0A00000000CD
:10DD200050616972696E6720436F6D706C657465D0
:10DD3000640A00002323232323204170706C69634D
:10DD40006174696F6E20656E640A00003031323391
:10DD500034353637383941424344454600000000E7
:10DD600053544F500000000043414E43454C0000C7
:10DD700046554F54412025730A0000004661696CE6
:10DD8000656420746F2073746172742074686520F8
:10DD900053543637204F5441202C20256C690A00FB
:10DDA00046554F5441206E6F74207265616479202E
:10DDB0006F72206E6F7420737570706F727465640B
:10DDC0000A00000046554F54412053543637205323
:10DDD00054415254204170706C69636174696F6E74
:10DDE0000A00000046554F5441206E6F7420726542
:10DDF0006164790A000000004661696C6564207402
:10DE00006F207472616E73666572206C617374202A
:10DE100046554F5441206275666665722C20256C0C
:10DE2000690A00004C6173742046554F54412062CA
:10DE30007566666572207472616E7366657272656E
:10DE4000640A00004661696C656420746F2066692D
:10DE50006E6973682046554F54412C20256C690A21
:10DE6000000000005265626F6F74696E6720696E12
:10DE7000203135207365636F6E6473202E2E2E2E35
:10DE80000A000000556E6B6E6F776E2046554F543A
:10DE90004120616374696F6E3A20307825303258C2
:10DEA0000A0000004661696C656420746F2074721A
:10DEB000616E736665722046554F544120627566E7
:10DEC0006665722C20256C690A00000046554F5487
:10DED0004120627566666572207472616E73666554
:10DEE000727265640A000000424C452053656E64FE
:10DEF000204E6F74696669636174696F6E0A000011
:10DF000053656E64204E6F74696669636174696FEE
:10DF10006E204641494C45443A20256C690A000070
:10DF200053656E64204E6F74696669636174696FCE
:10DF30006E204641494C45443A20256C750A000044
:10DF400057694669205363616E20646F6E652E0ABF
:10DF5000000000004E6F207363616E207265737560
:10DF60006C74730A0000000053746174696F6E2052
:10DF7000646973636F6E6E65637465642066726F47
:10DF80006D2041636365737320506F696E740A007E
:10DF9000526561736F6E3A2025730A00202D3E2072
:10DFA000424C4520434F4E4E45435445443A20434E
:10DFB0006F6E6E5F48616E646C653A202568750A05
:10DFC00000000000202D3E20424C4520434F4E4E85
:10DFD000454354494F4E20504152414D20555044E5
:10DFE0004154450A00000000202D3E20424C4520AF
:10DFF000444953434F4E4E45435445442E0A000076
:10E00000202D3E20424C4520494E4449434154492D
:10E010004F4E20454E41424C4544205B536572763D
:10E020006963653A202568752C20436861726163D5
:10E030003A202568755D2E0A00000000202D3E2044
:10E04000424C4520494E4449434154494F4E204497
:10E05000495341424C4544205B5365727669636580
:10E060003A202568752C204368617261633A202547
:10E0700068755D2E0A000000202D3E20424C452090
:10E080004E4F54494649434154494F4E20454E4115
:10E09000424C4544205B536572766963653A20259E
:10E0A00068752C204368617261633A202568755D4C
:10E0B0002E0A0000202D3E20424C45204E4F544950
:10E0C0004649434154494F4E2044495341424C45EF
:10E0D00044205B536572766963653A202568752C28
:10E0E000204368617261633A202568755D2E0A00DD
:10E0F000202D3E20424C45204E4F54494649434135
:10E1000054494F4E2E0A0000202D3E20424C4520FF
:10E1100057524954452E0A00202D3E20436F6E6E03
:10E120005F48616E646C653A202568752C205365E4
:10E1300072766963653A202568752C2043686172A0
:10E1400061633A202568752C206C656E67746820C1
:10E15000256C750A00000000307825303268580AB6
:10E16000000000005749464920436F6E6669677595
:10E170007265204368617261630A00005353494429
:10E18000204E414D450A00005057440A000000004F
:10E19000202D3E20424C4520524541442E0A00008D
:10E1A000202D3E20424C4520506173734B657920F1
:10E1B000456E7472793A20436F6E6E5F48616E648B
:10E1C0006C653A202568750A00000000202D3E206D
:10E1D000424C4520506173734B65792072656365CD
:10E1E00069766564203D202530366C752C20436FA0
:10E1F0006E6E5F48616E646C653A202568750A0032
:10E20000202D3E20424C452050616972696E672086
:10E21000436F6E6669726D3A20436F6E6E5F486140
:10E220006E646C653A202568750A0000202D3E203A
:10E23000424C452050616972696E6720436F6D7072
:10E240006C6574650A0A0000202D3E20424C452072
:10E25000504153534B455920203D202530366C7595
:10E260000A0000005B25735D20696E202573204144
:10E2700050490A0064656661756C745461736B0083
:10E280007736785F626C652E63000000506C6561C4
:10E2900073652072656769737465722074686520A0
:10E2A0004150502063616C6C6261636B20626566F3
:10E2B0006F726520696E697469616C697A696E67ED
:10E2C00020746865206D6F64756C650A000000003D
:10E2D00047657420506F776572204D6F64652066C6
:10E2E00061696C65640A0000476574205736312007
:10E2F000636C6F636B20736F757263652066616911
:10E300006C65640A0000000045787465726E616C8B
:10E3100020436C6F636B206F7363696C6C61746F07
:10E3200072206D7573742062652075736564207446
:10E330006F20737570706F727420424C4520696E47
:10E3400020706F7765722073617665206D6F6465EC
:10E350000A00000044697361626C6520706F776524
:10E36000722073617665206D6F6465206661696CEB
:10E3700065640A00506F776572207361766520646A
:10E38000697361626C6564210A000000535436377A
:10E390005736315F424C45004661696C65642074B4
:10E3A0006F2073657420646576696365206E616DA6
:10E3B000650A0000496E76616C696420636F6E6E59
:10E3C000656374696F6E20696E74657276616C2026
:10E3D00076616C7565730A00496E76616C696420BC
:10E3E0004C6174656E63792076616C75650A000016
:10E3F000496E76616C69642074696D656F7574200F
:10E4000076616C75650A00005363616E6E65642009
:10E410006465766963653A2041646472203A202518
:10E42000303268783A25303268783A253032687868
:10E430003A25303268783A25303268783A253032D9
:10E4400068782C2052535349203A202568692020AF
:10E4500025730A00496E76616C6964207365727673
:10E4600069636520696E6465782C206D757374200E
:10E470006265206C657373207468616E20256C6919
:10E480000A000000496E76616C69642063686172FD
:10E490006163746572697374696320696E64657819
:10E4A0002C206D757374206265206C657373207405
:10E4B00068616E20256C690A00000000424C45200E
:10E4C000636F6E6E65637465640A0000424C45209C
:10E4D000636F6E6E656374696F6E20706172616DDB
:10E4E000207570646174650A00000000424C45208C
:10E4F000646973636F6E6E65637465640A0000001F
:10E50000424C4520696E6469636174696F6E206571
:10E510006E61626C65640A00424C4520696E6469F4
:10E52000636174696F6E2064697361626C65640A0B
:10E5300000000000424C4520696E646963617469A3
:10E540006F6E20636F6D706C6574650A000000006B
:10E55000424C4520696E6469636174696F6E206E18
:10E560006F7420636F6D706C6574650A0000000045
:10E57000424C45206E6F74696669636174696F6EA1
:10E5800020656E61626C65640A000000424C4520A3
:10E590006E6F74696669636174696F6E2064697314
:10E5A00061626C65640A0000424C45206E6F7469BC
:10E5B0006669636174696F6E20646174610A00004A
:10E5C000424C452077726974650A0000424C452030
:10E5D000726561640A000000424C45207363616EFD
:10E5E00020646F6E650A0000424C452073657276A8
:10E5F00069636520646973636F76657265640A0098
:10E60000424C45206368617261637465726973741A
:10E61000696320646973636F76657265640A0000DC
:10E62000424C45204D54552065786368616E67659E
:10E630000A000000424C452070616972696E6720D3
:10E64000636F6D706C657465640A0000424C452010
:10E6500070616972696E67206661696C65640A0041
:10E66000424C452070616972696E6720636F6E6607
:10E6700069726D0A00000000424C452070616972A9
:10E68000696E672063616E63656C65640A000000F3
:10E69000424C4520706173736B657920636F6E66C1
:10E6A00069726D0A00000000424C4520706173736E
:10E6B0006B657920656E7472790A0000424C4520C2
:10E6C000706173736B657920646973706C61790A2A
:10E6D00000000000536572766963653A202568750D
:10E6E0002C20555549443A2025303268782530325F
:10E6F000687825303268782530326878253032687D
:10E70000782530326878253032687825303268785C
:10E71000253032687825303268782530326878259F
:10E720003032687825303268782530326878253084
:10E7300032687825303268780A00000043686172D8
:10E74000616374657269737469633A202568752C16
:10E7500020555549443A20253032687825303268B2
:10E7600078253032687825303268782530326878FC
:10E77000253032687825303268782530326878253F
:10E780003032687825303268782530326878253024
:10E790003268782530326878253032687825303212
:10E7A000687825303268782C2050726F70657274EA
:10E7B000793A202568750A000A0000007736785FEC
:10E7C0006E65742E630000004E6574776F726B2067
:10E7D0006D6F64756C65206E6F7420737570706FEB
:10E7E000727465640A000000436F756C64206E6F7C
:10E7F0007420696E697469616C697A65204E65740C
:10E8000020636F6E746578742073747275637475A9
:10E8100072650A00506C6561736520726567697383
:10E8200074657220746865204150502063616C6C7F
:10E830006261636B206265666F726520696E6974E0
:10E8400069616C697A696E6720746865206D6F64B0
:10E85000756C650A00000000535436375736315F37
:10E860005769466900000000436F756C64206E6F45
:10E8700074207365742052656365697665206275DE
:10E88000666665722073697A650A0000534F5F52AD
:10E89000435642554620776173206E6F742073652E
:10E8A000742061732065787065637465642C2073CF
:10E8B000697A6520696420256C750A00436F756C60
:10E8C00064206E6F742067657420746865207374AB
:10E8D0006174696F6E2073746174650A00000000D2
:10E8E000446576696365206973206E6F7420696E74
:10E8F0002074686520617070726F707269617465F0
:10E9000020737461746520746F2072756E20746852
:10E91000697320636F6D6D616E640A005374617476
:10E92000696F6E206973206E6F7420636F6E6E6501
:10E93000637465642E20436F6E6E65637420746F1C
:10E9400020616E2041636365737320506F696E743C
:10E95000206265666F7265207175657279696E6790
:10E96000204950730A00000053746174696F6E206F
:10E970006973206E6F7420636F6E6E656374656477
:10E980002E20436F6E6E65637420746F20616E205D
:10E9900041636365737320506F696E7420626566AE
:10E9A0006F72652073657474696E67204950730ACD
:10E9B00000000000536F66742D415020697320726F
:10E9C000756E6E696E672E2053746F7020697420A7
:10E9D0006265666F72652073657474696E67207412
:10E9E000686520495020616464726573730A000091
:10E9F000436F756C64206E6F742067657420537468
:10EA00006174696F6E20495020616464726573732C
:10EA10000A00000053746174696F6E20616E642097
:10EA2000536F66742D415020686176652074686567
:10EA30002073616D65207375626E65742049502C7A
:10EA400020536F66742D4150204950206E656564D7
:10EA500020746F206265206368616E6765640A00D8
:10EA600053746174696F6E206973206E6F742063D4
:10EA70006F6E6E65637465642E20436F6E6E6563A2
:10EA80007420746F20616E2041636365737320503E
:10EA90006F696E74206265666F726520717565724C
:10EAA00079696E6720444E53204950730A00000074
:10EAB000444843505320636F6E66696720736574E2
:10EAC000206661696C65640A00000000536F66741B
:10EAD0002D4150206661696C656420746F207265F9
:10EAE0007374617274206166746572204448435087
:10EAF0005320636F6E666967206368616E67650A9D
:10EB000000000000436F756C64206E6F74206765B1
:10EB10007420736F636B657420696E666F726D61CC
:10EB200074696F6E0A000000476976656E20736F26
:10EB3000636B6574206973206120636F6E6E65631B
:10EB400074696F6E206E6F742061207365727665D4
:10EB5000720A0000436F756C64206E6F7420636CE2
:10EB60006F736520636F6E6E656374696F6E2025C9
:10EB700068750A004661696C656420746F2073745F
:10EB80006F7020746865207365727665720A000084
:10EB900057726F6E6720556E657870656374656433
:10EBA00020736F636B6574207374617475733A209E
:10EBB000256C692073746174757320697320256CEA
:10EBC000690A0000436F756C64206E6F7420736572
:10EBD000742053534C20436C69656E7420636F6ED0
:10EBE00066696775726174696F6E0A00436F756C50
:10EBF00064206E6F74207365742053534C20436CF3
:10EC000069656E742050534B20636F6E666967753B
:10EC1000726174696F6E0A00436F756C64206E6F69
:10EC200074207365742053534C20414C504E0A009D
:10EC3000436F756C64206E6F742073657420544349
:10EC400050206F7074696F6E730A0000436F756CAB
:10EC500064206E6F7420636F6E6E6563740A0000CB
:10EC600057616974206120626974206D6F7265203C
:10EC7000436F6E6E6563742043616C6C6261636B9D
:10EC80000A000000536F636B6574206973206E6F18
:10EC90007420612073657276657220696E204C69FC
:10ECA0007374656E696E670A00000000556E6162DC
:10ECB0006C6520746F206372656174652061206EDD
:10ECC000657720736F636B65742C206C696D697454
:10ECD00020726561636865640A000000466F756EA6
:10ECE0006420616E20756E72656769737465726504
:10ECF0006420636F6E6E656374696F6E2074686103
:10ED000074206973206E6F7420666C616767656438
:10ED10002061732073657276657220636F6E6E6515
:10ED20006374696F6E000000536F636B65742073CA
:10ED300074617465206973206E6F7420636F6E6EEA
:10ED400065637465640A000050756C6C20646174BE
:10ED5000612066726F6D20736F636B6574206661EE
:10ED6000696C65640A000000536F636B6574207002
:10ED7000726F746F636F6C206973206E6F742055AF
:10ED800044500A00436F756C64206E6F7420646594
:10ED9000636F646520697020616464726573730ACF
:10EDA000000000004E6F20636F6E6E656374696FC4
:10EDB0006E20617661696C61626C650A000000001A
:10EDC0004E6F206461746120726563656976656465
:10EDD0002077697468696E20256C7520730A0000BD
:10EDE0004E6F204461746120617661696C61626C70
:10EDF0006520746F207265616420696E20636F6E98
:10EE00006E656374696F6E20256C690A00000000EE
:10EE10004E6F204461746120617661696C61626C3F
:10EE20006520746F207265616420696E20736F6362
:10EE30006B6574202568750A00000000536F636BD2
:10EE400065742068617320616C7265616479206209
:10EE500065656E20737461727465640A0000000059
:10EE60004D616C6C6F63206661696C65640A0000BB
:10EE7000556E737570706F7274656420544C5320B6
:10EE80006F7074696F6E0000496E76616C69642002
:10EE90006E616D650A0000005461672063616E6EEB
:10EEA0006F742062652068696768657220746861A4
:10EEB0006E20256C752C2076616C75652069732039
:10EEC000256C750A0000000054616720256C7520D0
:10EED000616C726561647920696E207573650A00E2
:10EEE00057726974696E672066696C6520257320A6
:10EEF000696E746F20746865204E435020666169A6
:10EF00006C65640A000000002568752E2568752E62
:10EF10002568752E25687500536F636B6574202511
:10EF20006C7520636F6E6E65637465640A00000023
:10EF3000536F636B657420256C7520646973636F10
:10EF40006E6E65637465640A000000007736785F52
:10EF50007379732E6300000057363120496E69744F
:10EF6000206661696C65640A0000000047657420D2
:10EF70004E6574206D6F6465206661696C65640A16
:10EF80000000000053444B205430312076617269F8
:10EF9000616E742069732072657175697265642091
:10EFA000666F722074686520535436375F41524350
:10EFB000482073656C65637465640A00496E766108
:10EFC0006C6964204E6574206D6F64652025640A49
:10EFD000000000004765742057363120636C6F6372
:10EFE0006B20736F75726365206661696C65640A76
:10EFF000000000005365742057363120636C6F6346
:10F000006B206661696C65640A00000047657420C6
:10F0100057363120496E666F206661696C65640AF7
:10F02000000000002D2D2D2D2D2D2D2D2D2D2D2DC4
:10F030002D2D2D205354363757365820696E666F64
:10F04000202D2D2D2D2D2D2D2D2D2D2D2D0A00007A
:10F0500053543637573658204D57205665727369CA
:10F060006F6E3A20202020202020312E312E310AB0
:10F070000000000041542056657273696F6E3A209B
:10F080002020202020202020202020202020256833
:10F09000692E2568692E2568690A000053444B20B3
:10F0A00056657273696F6E3A202020202020202040
:10F0B0002020202020202568692E2568692E2568BB
:10F0C000690000002E256869000000000A000000A9
:10F0D00057692D4669204D41432056657273696F0B
:10F0E0006E3A20202020202020202568692E2568C7
:10F0F000692E2568690A0000425420436F6E7472BD
:10F100006F6C6C65722056657273696F6E3A202061
:10F1100020202568692E2568692E2568690A000067
:10F12000425420537461636B2056657273696F6E2D
:10F130003A2020202020202020202568692E2568C4
:10F14000692E2568690A00004275696C6420446173
:10F1500074653A20202020202020202020202020FC
:10F16000202025730A0000004D6F64756C652049EE
:10F17000443A202020202020202020202020202051
:10F1800020200000556E646566696E6564000000AD
:10F190002573202825732900424F4D2049443A20E9
:10F1A000202020202020202020202020202020205F
:10F1B00020202568750A00004D616E7566616374D4
:10F1C0007572696E6720596561723A20202020208F
:10F1D0002020323025303268750A00004D616E758E
:10F1E000666163747572696E67205765656B3A2056
:10F1F00020202020202025303268750A00000000E1
:10F200004261747465727920566F6C746167653AF7
:10F2100020202020202020202020256C752E256CE9
:10F220007520560A000000005472696D2057692D40
:10F2300046692068703A20202020202020202020AD
:10F2400020202568692C2568692C2568692C25688B
:10F25000692C2568692C2568692C2568692C256826
:10F26000692C2568692C2568692C2568692C256816
:10F27000692C2568692C2568690A00005472696D3B
:10F280002057692D4669206C703A202020202020CC
:10F290002020202020202568692C2568692C2568DD
:10F2A000692C2568692C2568692C2568692C2568D6
:10F2B000692C2568692C2568692C2568692C2568C6
:10F2C000692C2568692C2568692C2568690A000065
:10F2D0005472696D20424C453A2020202020202085
:10F2E000202020202020202020202568692C25682F
:10F2F000692C2568692C2568692C2568690A000035
:10F300005472696D205854414C3A2020202020200E
:10F31000202020202020202020202568690A0000AD
:10F320004D414320416464726573733A202020206C
:10F330002020202020202020202025303268783AEC
:10F3400025303268783A25303268783A253032688C
:10F35000783A25303268783A25303268780A0000E9
:10F36000416E74692D726F6C6C6261636B20426FC9
:10F370006F746C6F616465723A202568750A0000CD
:10F38000416E74692D726F6C6C6261636B204170A9
:10F39000703A20202020202020202568750A0000B7
:10F3A0002D2D2D2D2D2D2D2D2D2D2D2D2D2D2D2D8D
:10F3B0002D2D2D2D2D2D2D2D2D2D2D2D2D2D2D2D7D
:10F3C0002D2D2D2D2D2D2D2D2D0A000046696C651E
:10F3D00020636F6E74656E74206E6F742061766149
:10F3E000696C61626C650A00556E61626C652074BF
:10F3F0006F206C6973742066696C65730A00000085
:10F4000046696C6520636F6E74656E742069732045
:10F41000646966666572656E743A2044656C6574ED
:10F4200065206F7065726174696F6E2072657175A9
:10F4300065737465640A000046696C6520616C72CE
:10F44000656164792065786973747320696E2074CE
:10F450006865204E435020616E64207468652063A7
:10F460006F6E74656E7420697320746865207361B3
:10F470006D650A0046696C652073697A6520697359
:10F4800020646966666572656E743A2044656C65D1
:10F490007465206F7065726174696F6E207265713A
:10F4A0007565737465640A00556E61626C652074DD
:10F4B0006F206372656174652066696C6520696E92
:10F4C000204E43500A000000556E61626C65207446
:10F4D0006F2077726974652066696C6520696E209B
:10F4E0004E43500A0000000046696C6520636F704F
:10F4F00069656420746F204E43500A00556E616246
:10F500006C6520746F20616C6C6F63617465206D35
:10F51000656D6F727920666F722066696C65732005
:10F520006C6973740A000000526573746F72652011
:10F5300064656661756C7420636F6E6669672066CA
:10F5400061696C65642E0A004F4B000042555359A7
:10F550000000000054494D454F555400554E455844
:10F560005045435445445F524553504F4E53450018
:10F570004552524F52000000554E4B4E4F574E00D1
:10F580002D4200002D5500002D5000004F50454EDB
:10F59000000000005745500057504100575041327D
:10F5A000000000005750412D57504132000000002C
:10F5B0005750412D45415000575041332D5341453F
:10F5C00000000000575041322D575041332D534118
:10F5D00045000000554E4B4E4F574E004E4F2053A6
:10F5E00054415254454420434F4E4E454354494F95
:10F5F0004E00000053544120434F4E4E4543544566
:10F600004400000053544120474F5420495000000B
:10F6100053544120434F4E4E454354494E470000FA
:10F6200053544120444953434F4E4E45435445445F
:10F6300000000000535441204F464600574C414EB5
:10F640005F46575F5355434345535346554C00005F
:10F65000574C414E5F46575F54585F415554485F81
:10F660004652414D455F414C4C4F434154455F46E6
:10F6700041494C5552450000574C414E5F46575F3B
:10F6800041555448454E5449434154494F4E5F46B5
:10F6900041494C5552450000574C414E5F46575F1B
:10F6A000415554485F414C474F5F4641494C555284
:10F6B00045000000574C414E5F46575F54585F412C
:10F6C00053534F435F4652414D455F414C4C4F436E
:10F6D0004154455F4641494C55524500574C414EB7
:10F6E0005F46575F4153534F43494154455F46413D
:10F6F000494C555245000000574C414E5F46575FFC
:10F700004445415554485F42595F41505F57484511
:10F710004E5F4E4F545F434F4E4E454354494F4EFC
:10F7200000000000574C414E5F46575F444541552D
:10F7300054485F42595F41505F5748454E5F434FC1
:10F740004E4E454354494F4E00000000574C414E29
:10F750005F46575F345741595F48414E44534841D3
:10F760004B455F4552524F525F50534B5F54494D8A
:10F77000454F55545F4641494C55524500000000E5
:10F78000574C414E5F46575F345741595F48414E91
:10F79000445348414B455F54585F44454155544894
:10F7A0005F4652414D455F5452414E534D49545F5F
:10F7B0004641494C55524500574C414E5F46575FB4
:10F7C000345741595F48414E445348414B455F547B
:10F7D000585F4445415554485F4652414D455F414D
:10F7E0004C4C4F434154455F4641494C55524500AE
:10F7F000574C414E5F46575F415554485F4F525FEB
:10F800004153534F435F524553504F4E53455F54FE
:10F81000494D454F55545F4641494C5552450000AE
:10F82000574C414E5F46575F5343414E5F4E4F5FCB
:10F8300042535349445F414E445F4348414E4E4515
:10F840004C000000574C414E5F46575F43524541C4
:10F8500054455F4348414E4E454C5F4354585F46C4
:10F8600041494C5552455F5748454E5F4A4F494EB6
:10F870005F4E4554574F524B00000000574C414ECD
:10F880005F46575F4A4F494E5F4E4554574F524B64
:10F890005F4641494C55524500000000574C414ECF
:10F8A0005F46575F4144445F5354415F4641494C72
:10F8B00055524500574C414E5F46575F42454143C4
:10F8C0004F4E5F4C4F535300574C414E5F46575F6E
:10F8D0004E4554574F524B5F534543555249545927
:10F8E0005F4E4F4D4154434800000000574C414E7D
:10F8F0005F46575F4E4554574F524B5F5745504CEC
:10F90000454E5F4552524F5200000000574C414E49
:10F910005F46575F444953434F4E4E4543545F4201
:10F92000595F555345525F574954485F44454155C7
:10F9300054480000574C414E5F46575F444953437B
:10F940004F4E4E4543545F42595F555345525F4EAB
:10F950004F5F44454155544800000000574C414E0C
:10F960005F46575F444953434F4E4E4543545F42B1
:10F97000595F46575F50535F54585F4E554C4C4645
:10F9800052414D455F4641494C55524500000000EB
:10F99000574C414E5F46575F545241464649435F7C
:10F9A0004C4F535300000000574C414E5F46575F89
:10F9B0005357495443485F4348414E4E454C5F4678
:10F9C00041494C5552450000574C414E5F46575FE8
:10F9D000415554485F4F525F4153534F435F524527
:10F9E00053504F4E53455F43464D5F4641494C553A
:10F9F00052450000574C414E5F46575F52454153B8
:10FA0000534F43494154455F53544152494E470077
:10FA1000574C414E5F46575F4C4153540000000025
:10FA2000556E6B6E6F776E0042000000470000005D
:10FA30004E0000004158000044697361626C6564C7
:10FA400000000000537461746963000044796E61C2
:10FA50006D696300303000007736785F77696669DA
:10FA60002E630000436F756C64206E6F7420696EA6
:10FA7000697469616C697A652057692D46692063EC
:10FA80006F6E7465787420737472756374757265C3
:10FA90000A000000506C65617365207265676973C8
:10FAA00074657220746865204150502063616C6CED
:10FAB0006261636B206265666F726520696E69744E
:10FAC00069616C697A696E6720746865206D6F641E
:10FAD000756C650A000000004661696C65642074FD
:10FAE0006F20736574207363616E206F7074696F2B
:10FAF0006E730A004661696C656420746F207374CC
:10FB0000617274207363616E0A0000004E6F20738F
:10FB100063616E20726573756C74730A0000000077
:10FB20004D4143203A205B25303268783A25303207
:10FB300068783A25303268783A25303268783A2544
:10FB4000303268783A25303268785D207C2043680E
:10FB5000616E6E656C3A2025326875207C202531F7
:10FB6000332E313373207C20253473207C20525374
:10FB700053493A2025346869207C20535349443A3C
:10FB8000202025730A000000496E20636173652000
:10FB90006F66206368616E6E656C20636F6E666C65
:10FBA0006963742C2073746174696F6E7320636F62
:10FBB0006E6E656374656420746F20536F66742D78
:10FBC00041502077696C6C20626520646973636FB3
:10FBD0006E6E656374656420746F207377697463F7
:10FBE00068206368616E6E656C0A00004E435020A9
:10FBF0006973207472656174696E6720746865202A
:10FC0000636F6E6E656374696F6E20726571756582
:10FC100073740A0057505320456E61626C65640A24
:10FC20000000000057692D466920636F6E6E6563A2
:10FC30007420696E206572726F720A0057692D46D2
:10FC40006920636F6E6E6563742074696D656F758E
:10FC50007465640A000000005750532044697361C2
:10FC6000626C65640A0000004448435020636C697C
:10FC7000656E742073746172742C207468697320CB
:10FC80006D61792074616B652066657720736563AB
:10FC90006F6E64730A00000057692D466920676F14
:10FCA000742049502074696D656F757465640A002D
:10FCB000446576696365206973206E6F7420696E90
:10FCC0002074686520617070726F7072696174650C
:10FCD00020737461746520746F2072756E2074686F
:10FCE000697320636F6D6D616E640A0057692D46FC
:10FCF0006920646973636F6E6E6563742074696DE7
:10FD0000656F757465640A00476574206175746F6A
:10FD100020436F6E6E656374207374617465207325
:10FD20007563636565640A0047657420636F6E6E72
:10FD3000656374696F6E20696E666F726D61746958
:10FD40006F6E206661696C65640A0000456E7375AC
:10FD500072652053746174696F6E20616E64205304
:10FD60006F66742D415020646F6573206E6F742030
:10FD700068617665207468652073616D65207375B0
:10FD8000626E65742049500A000000004661696C8B
:10FD9000656420746F20737461727420736F66746D
:10FDA0002D41502C20737769746368696E672062F7
:10FDB00061636B20746F20535441206D6F64652024
:10FDC0006F6E6C790A0000004661696C656420748E
:10FDD0006F2073776974636820746F2053544120D7
:10FDE0006D6F6465206F6E6C792C2064656661753B
:10FDF0006C7420736F66742D4150207374696C6C41
:10FE000020737461727465640A000000536F667435
:10FE10002D4150206973207374696C6C20636F6E80
:10FE20006E656374656420746F20612073746174FF
:10FE3000696F6E2C20746865792077696C6C20621C
:10FE40006520646973636F6E6E65637465642062B8
:10FE500065666F72652073746F7070696E67207469
:10FE6000686520536F66742D41500A004661696CC5
:10FE7000656420746F20646973636F6E6E6563746C
:10FE80002073746174696F6E00000000536F6674B4
:10FE90002D4150206973206E6F74207374617274E9
:10FEA00065640A0057692D46692073746174696F2F
:10FEB0006E20646973636F6E6E6563742074696D20
:10FEC000656F757465640A0057692D4669207374FF
:10FED0006174696F6E20646973636F6E6E656374BD
:10FEE0006564207375636365737366756C6C790AFA
:10FEF000000000004454494D2076616C7565206512
:10FF0000786365656473206D6178696D756D2076C1
:10FF1000616C7565203A2032350A000044657669C7
:10FF20006365206973206E6F7420696E20706F772F
:10FF300065722073617665206D6F64652C20445472
:10FF4000494D20636F6E66696775726174696F6E83
:10FF50002077696C6C206265206170706C696564E3
:10FF6000207768656E206368616E67696E672074CC
:10FF70006F20706F7765722073617665206D6F6496
:10FF8000652E0A004F6E6C79206F6E6520545754B1
:10FF900020666C6F772073657475702069732073A9
:10FFA0007570706F727465640A000000446576694C
:10FFB0006365206973206E6F7420696E20746865B4
:10FFC00020617070726F70726961746520706F77F4
:10FFD00065722073617665206D6F64650A000000AC
:10FFE000416E74656E6E6120636F6E6669677572CF
:10FFF0006174696F6E206E6F7420737570706F72AC
:020000040802F0
:1000000074656420627920746865206D6F64756C16
:10001000650A000044796E616D696320616E7465E4
:100020006E6E61206D6F6465206E6F7420737570E5
:10003000706F727465640A0041542B424C45494EFE
:1000400049543D2568750D0A0000000041542B42BB
:100050004C45494E49543D300D0A000041542B4255
:100060004C45494E49543F0D0A0000002B424C4577
:10007000494E49543A00000041542B424C455458D3
:100080005057523D256C750D0A00000041542B421B
:100090004C4554585057523F0D0A00002B424C45D6
:1000A00054585057523A000041542B424C45414459
:1000B0005653544152540D0A0000000041542B4243
:1000C0004C4541445653544F500D0A0041542B4265
:1000D0004C45444953434F4E4E3D256C750D0A0027
:1000E00041542B424C4545584348414E47454D5499
:1000F000553D256C750D0A0041542B424C45414439
:1001000044523D2225303268583A25303268583AF8
:1001100025303268583A25303268583A25303268EE
:10012000583A2530326858220D0A000041542B42BB
:100130004C45414444523F0D0A0000002B424C45BF
:10014000414444523A00000041542B424C454E4138
:100150004D453D222573220D0A00000041542B42DB
:100160004C454E414D453F0D0A0000002B424C4589
:100170004E414D453A00000041542B424C4541440C
:1001800056444154413D222573220D0A00000000CF
:1001900041542B424C455343414E525350444154D9
:1001A000413D222573220D0A0000000041542B42DC
:1001B0004C45414456504152414D3D256C752C25CE
:1001C0006C752C2568752C2568750D0A00000000DB
:1001D00041542B424C455343414E3D2568750D0A11
:1001E0000000000041542B424C455343414E5041C6
:1001F00052414D3D2568752C2568752C2568752C58
:10020000256C752C256C750D0A00000041542B429D
:100210004C455343414E504152414D3F0D0A000061
:100220002B424C455343414E504152414D3A000000
:1002300041542B424C45414456504152414D3F0D93
:100240000A0000002B424C45414456504152414D5A
:100250003A00000041542B424C45434F4E4E504112
:1002600052414D3D256C752C256C752C256C752CDB
:10027000256C752C256C750D0A00000041542B422D
:100280004C45434F4E4E504152414D3F0D0A0000E8
:100290002B424C45434F4E4E504152414D3A000087
:1002A00041542B424C45434F4E4E3F0D0A00000037
:1002B0002B424C45434F4E4E3A00000041542B42D6
:1002C0004C45434F4E4E3D256C752C2225303268EF
:1002D000583A25303268583A25303268583A253035
:1002E0003268583A25303268583A253032685822F8
:1002F0000D0A000041542B424C45444154414C45A9
:100300004E3D256C752C256C752C256C750D0A00E1
:1003100041542B424C454741545453535256435237
:10032000453D2568752C222573222C312C256875B6
:100330000D0A000041542B424C454741545453533D
:10034000525644454C3D2568750D0A0041542B42D8
:100350004C4547415454535352563F0D0A00000038
:100360002B424C4547415454535352563A000000D7
:100370002C0000003DE00008600302087003020842
:100380000D0004000400000041542B424C4547413D
:10039000545453434841524352453D2568752C25DA
:1003A00068752C222573222C2568752C2568752CE0
:1003B0002568750D0A00000041542B424C45474109
:1003C000545453434841523F0D0A00002B424C45C0
:1003D0004741545453434841523A0000F5E0000865
:1003E000CC030208700302080E000600060000009D
:1003F00041542B424C45474154545352454749536D
:100400005445523D310D0A0041542B424C45474161
:100410005454534E5446593D2568752C2568752C07
:10042000256C750D0A00000041542B424C45474194
:10043000545453494E443D2568752C2568752C2528
:100440006C750D0A0000000041542B424C45474199
:1004500054545352443D2568752C2568752C256CE1
:10046000750D0A0041542B424C45474154544353A7
:1004700052564449533D2568750D0A0041542B429C
:100480004C454741545443434841524449533D2508
:1004900068752C2568750D0A0000000041542B4238
:1004A0004C45474154544357523D2568752C2568A7
:1004B000752C2568752C256C750D0A0041542B424E
:1004C0004C45474154544352443D2568752C25689A
:1004D000752C2568750D0A0041542B424C45474147
:1004E0005454435355425343524942453D25687540
:1004F0002C2568752C2568752C2568750D0A00005B
:1005000041542B424C454741545443554E53554258
:100510005343524942453D2568752C2568750D0A9F
:100520000000000041542B424C455345435041527A
:10053000414D3D2568750D0A0000000041542B42D5
:100540004C45534543504152414D3F0D0A00000078
:100550002B424C45534543504152414D3A00000017
:1005600041542B424C4553454353544152543D252D
:1005700068752C2568750D0A0000000041542B4257
:100580004C45534543504153534B4559434F4E46B9
:1005900049524D3D2568750D0A00000041542B421B
:1005A0004C4553454350414952494E47434F4E46AF
:1005B00049524D3D2568750D0A00000041542B42FB
:1005C0004C45534543504153534B45593D25687560
:1005D0002C2530366C750D0A0000000041542B426A
:1005E0004C4553454343414E43454C3D2568750DAD
:1005F0000A00000041542B424C45534543554E5090
:100600004149523D2225303268583A2530326858E7
:100610003A25303268583A25303268583A25303217
:1006200068583A2530326858222C256C750D0A001E
:1006300041542B424C455345434745544C544B4C35
:100640004953543F0D0A00002B424C455345434744
:1006500045544C544B4C4953543A20424F4E44411C
:10066000444452200000000028290000E9E100086D
:1006700048060208680602081C0001000A00000083
:100680007075626C6963000072616E646F6D00006A
:100690007075626C69632D696400000072616E643C
:1006A0006F6D2D6964000000434F4E4E5041524122
:1006B0004D000000434F4E4E45435445440000005A
:1006C000444953434F4E4E454354454400000000B7
:1006D000494E4449434154494F4E00004E4F5449FE
:1006E0004649434154494F4E000000005343414E98
:1006F00000000000535256434841520053525600E6
:100700004D545553495A4500504153534B45594355
:100710004F4E4649524D0000504153534B455945A9
:100720004E54525900000000504153534B45594418
:100730004953504C4159000050414952494E47439A
:100740004F4D504C45544544000000005041495223
:10075000494E474641494C454400000050414952EA
:10076000494E47434F4E4649524D00005041495271
:1007700043414E4E454C4544000000004F4B0000A5
:10078000000000004552524F520000007265616443
:10079000790000002B43574C41503A002C000000D8
:1007A0002B424C453A4741545457524954453A001C
:1007B0002B424C453A47415454524541443A00007B
:1007C0002B424C453A4E4F5449444154413A000063
:1007D0002B4D5154543A535542524543563A00001A
:1007E0002B4950443A0000002B43573A00000000C8
:1007F0002C2000002B424C453A0000002C3A2829BE
:10080000000000002B4349503A0000002B4D51548A
:10081000543A00002B50494E473A00004D6F646532
:100820006D5F50726F636573730000007736315FE0
:1008300061745F636F6D6D6F6E2E630078546173CA
:100840006B437265617465206661696C65642074D0
:100850006F206372656174650A00000073656D5FE7
:1008600069665F7265616479206E6F74207265637A
:1008700065697665640A000041540D0A00000000B5
:100880002C3A00004661696C656420746F207365C2
:100890006E6420636F6D6D616E640A0054696D65EE
:1008A0006F75742077616974696E6720666F722056
:1008B00074780A004E6F2073656E642072657370E1
:1008C0006F6E73650A0000004661696C6564207490
:1008D0006F2073656E6420646174610A000000001B
:1008E000415425732025730A000000003E000000DB
:1008F00052656376200000002000000041542B4325
:1009000049504D55583D310D0A00000041542B43CC
:100910004950524543564D4F44453D310D0A000064
:1009200041542B43495044494E464F3D310D0A0036
:10093000FC0802080C0902082009020841542B4354
:1009400057484F53544E414D453D222573220D0AC1
:100950000000000041542B4357484F53544E414D23
:10096000453F0D0A000000002B4357484F53544E9B
:10097000414D453A000000007736315F61745F6E8B
:1009800065742E630000000053746174696F6E20FB
:10099000495020697320696E76616C69640A0000B1
:1009A00047617465776179204950204E554C4C2041
:1009B0006F7220696E76616C69642E205072657664
:1009C000696F7573206F6E652077696C6C20626546
:1009D000207573650A0000004E65746D61736B20AD
:1009E0004950204E554C4C206F7220696E76616CD8
:1009F00069642E2050726576696F7573206F6E651D
:100A00002077696C6C206265207573650A000000B0
:100A100041542B4349505354413D222568752E259E
:100A200068752E2568752E256875222C2225687517
:100A30002E2568752E2568752E256875222C222591
:100A400068752E2568752E2568752E256875220D0A
:100A50000A00000041542B4349505354413F0D0AB2
:100A6000000000002B4349505354413A69703A004A
:100A7000000000002B4349505354413A67617465AC
:100A80007761793A000000002B4349505354413AB2
:100A90006E65746D61736B3A00000000E915010822
:100AA000640A0208700A02080B000100010000003D
:100AB00049160108740A0208700A020810000100B1
:100AC00001000000A9160108880A0208700A02083D
:100AD0001000010001000000536F66742D4150208A
:100AE0004950206164647265737320696E76616C2D
:100AF00069640A00536F66742D415020495020618B
:100B0000646472657373206D75737420656E642000
:100B100077697468202E312C206368616E67696E76
:100B20006720746F202E310A000000004E65746D3E
:100B300061736B20495020696E76616C69642E2068
:100B400044656661756C74206F6E652077696C6CA6
:100B500020626520757365203A203235352E323596
:100B6000352E3235352E300A0000000041542B431B
:100B7000495041503D222568752E2568752E2568FF
:100B8000752E256875222C222568752E2568752EF0
:100B90002568752E256875222C222568752E2568F6
:100BA000752E2568752E256875220D0A0000000037
:100BB00041542B43495041503F0D0A002B434950AB
:100BC00041503A69703A00002B43495041503A6E07
:100BD00065746D61736B3A0009170108BC0B02085C
:100BE000700A02080A0001000100000071170108E4
:100BF000C80B0208700A02080F0001000100000083
:100C000041542B4357444843503F0D0A0000000015
:100C10002B4357444843503A00000000496E636F2D
:100C2000727265637420706172616D657465727350
:100C30000A00000041542B4357444843503D256C63
:100C4000752C256C750D0A0041542B4357444843BD
:100C500050533F0D0A0000002B4357444843505364
:100C60003A00000047657420444843502073657281
:100C700076657220636F6E66696775726174696FFD
:100C80006E206661696C65640A00000053746172CD
:100C900074204950204E554C4C206F7220696E765E
:100CA000616C69640A000000456E64204950204E62
:100CB000554C4C206F7220696E76616C69640A0035
:100CC0004C656173652074696D6520697320696E78
:100CD00076616C69642C2072616E6765203A205BD6
:100CE000313B323838305D206D696E757465730A3A
:100CF0000000000041542B435744484350533D31BA
:100D00002C256C752C222568752E2568752E256876
:100D1000752E256875222C222568752E2568752E5E
:100D20002568752E256875220D0A000041542B4355
:100D30004950444E533F0D0A000000002B434950D8
:100D4000444E533A0000000041542B434950444E56
:100D5000533D3100446E7325206C692061646472D8
:100D6000204950204E554C4C206F7220696E7661A0
:100D70006C69642E20444E5325206C692049502014
:100D800077696C6C206E6F74206265207365740ADD
:100D9000000000002C222568752E2568752E256818
:100DA000752E2568752200000D0A000041542B5055
:100DB000494E473D222573222C2568752C256875E0
:100DC0002C2568750D0A000050696E6720636F6DF1
:100DD0006D616E64206661696C65640A00000000E4
:100DE00041542B434950444F4D41494E3D222573B8
:100DF000220D0A002B434950444F4D41494E3A00C1
:100E0000496E76616C69642070726F746F636F6C89
:100E100020747970650A00004F6E6C79205443503D
:100E200020616E642053534C2070726F746F636F37
:100E30006C732061726520737570706F7274656475
:100E400020666F7220636C69656E7420636F6E6ECE
:100E5000656374696F6E730A0000000041542B4390
:100E6000495053544152543D2568752C2225732214
:100E70002C222573222C2568752C2568752C2C2591
:100E800068750D0A0000000041542B434950434C43
:100E90004F53453D2568750D0A00000041542B4312
:100EA00049505345525645523D312C256C752C22E4
:100EB0002573222C2568752C256C750D0A00000001
:100EC00041542B4349505345525645523D302C25F1
:100ED00068750D0A0000000041542B4349505345EA
:100EE0004E443D2568752C256C750D0A00000000E8
:100EF00041542B43495053454E443D2568752C259C
:100F00006C752C222573222C256C750D0A000000AF
:100F100041542B434950524543564255463D25685E
:100F2000752C256C750D0A0041542B4349505245D0
:100F300043564255463D2568753F0D0A00000000A6
:100F40002B434950524543564255463A0000000053
:100F500041542B43495052454356444154413D2549
:100F600068752C256C750D0A000000002B43495054
:100F700052454356444154413A000000D9170108F4
:100F80006C0F0208700A02080D000000000001004A
:100F900041542B4349505345525645524D415843B5
:100FA0004F4E4E3D2568750D0A00000041542B43FD
:100FB0004950534E54504346473F0D0A000000002D
:100FC0002B434950534E54504346473A00000000CB
:100FD000534E545020736572766572732055524C8F
:100FE000206D697373696E670A00000041542B43DA
:100FF0004950534E54504346473D2568752C25684B
:10100000690000002C2225732200000041542B436C
:101010004950534E545054494D453F0D0A0000006D
:101020002B434950534E545054494D453A0000000B
:10103000203A0000BD1801082010020830100208F4
:101040000D0007000800000041542B434950534E47
:101050005450494E54563F0D0A0000002B4349504E
:10106000534E5450494E54563A00000041542B43BD
:101070004950534E5450494E54563D2568750D0AFB
:101080000000000041542B4349505443504F5054EA
:101090003D2568752C2568752C2568752C25687587
:1010A0002C2568750D0A000041542B4349505354B8
:1010B0004154453F0D0A00002B43495053544154BD
:1010C00055533A002C000000A91A0108B810020874
:1010D000C41002080B0006000600000041542B4318
:1010E000495053534C43434F4E463D2568752C257C
:1010F00068752C222573222C222573222C2225731D
:10110000220D0A0041542B43495053534C43534E34
:10111000493D2568752C222573220D0A0000000028
:1011200041542B43495053534C43414C504E3D2561
:1011300068752C25687525730D0A000041542B43F2
:10114000495053534C4350534B3D2568752C222531
:1011500073222C222573220D0A000000496E76614D
:101160006C6964202B4349505245435644415441D5
:1011700020726573706F6E736520666F726D617437
:101180000A0000002573202573202530326C75205D
:101190002530326C753A2530326C753A2530326C18
:1011A00075202530346C7500434F4E4E45435445F1
:1011B00044000000444953434F4E4E454354454478
:1011C0000000000050696E6720726573756C7420B2
:1011D0006F722073656D6170686F7265206973202E
:1011E0004E554C4C0A00000054494D454F55540093
:1011F00050696E672074696D656F75740A00000030
:1012000050696E673A20256C756D730A0000000006
:10121000544350005544500053534C00554E4445E0
:10122000460000004D6F6E00547565005765640000
:1012300054687500467269005361740053756E00FE
:101240004A616E00466562004D6172004170720035
:101250004D6179004A756E004A756C0041756700F2
:10126000536570004F6374004E6F760044656300F1
:1012700044656661756C74204D414320416464721D
:1012800065737300437573746F6D204D4143204146
:1012900064647265737320310000000043757374D9
:1012A0006F6D204D41432041646472657373203239
:1012B00000000000776966695F68705F706F66663E
:1012C0007365743000000000776966695F68705F5D
:1012D000706F666673657431000000007769666937
:1012E0005F68705F706F666673657432000000003F
:1012F000776966695F6C705F706F6666736574307E
:1013000000000000776966695F6C705F706F6666E9
:101310007365743100000000776966695F6C705F07
:10132000706F66667365743200000000626C655F02
:10133000706F66667365743000000000626C655FF4
:10134000706F66667365743100000000626C655FE3
:10135000706F666673657432000000007874616CAB
:10136000300000007874616C310000007874616CAA
:10137000320000007736315F61745F7379732E63DA
:1013800000000000436F756C64206E6F7420696EFE
:101390006974204D6F64656D2068616E646C657260
:1013A0000A00000041542B524553544F52450D0A38
:1013B00000000000526573746F726520666163748B
:1013C0006F72792064656661756C74206661696C02
:1013D00065640A0073656D5F69665F726561647953
:1013E000206E6F742072656365697665640A00001B
:1013F00041540D0A00000000415420636F6D6D617F
:101400006E64206661696C65642061667465722033
:10141000666163746F72792072657365740A000087
:1014200041542B5253540D0A00000000526573655D
:101430007420636F6D6D616E64206661696C6564B4
:101440000A000000415420636F6D6D616E64206678
:1014500061696C656420616674657220726573658C
:10146000740A000041542B53595352414D3F0D0A09
:10147000000000002B53595352414D3A0000000028
:1014800041542B53595353544F52453F0D0A0000BA
:101490002B53595353544F52453A000041542B4556
:1014A000465553452D523D256C752C2230782530FC
:1014B000336C78222C310D0A000000002B45465574
:1014C00053452D523A00000000000000D1340108BD
:1014D000BC140208C8140208090000000000010042
:1014E00041542B494F5253543D256C750D0A000051
:1014F00041542B46533D302C302C222573220D0AAB
:101500000000000041542B46533D302C312C222545
:1015100073220D0A0000000041542B46533D302C2D
:10152000322C222573222C256C752C256C750D0A06
:101530000000000041542B46533D302C332C222513
:1015400073222C256C752C256C750D0A000000008B
:101550002B46533A524541442C00000035360108D1
:1015600050150208C814020809000000000001001C
:1015700041542B46533D302C342C222573220D0A26
:10158000000000002B46533A53495A450000000022
:1015900041542B46533D302C352C222E220D0A006F
:1015A000A5350108C8140208C8140208000001008B
:1015B0000100000041542B474D520D0A000000006D
:1015C00041542B564241543F0D0A00002B564241D4
:1015D000543A0000556E61626C6520746F2072652C
:1015E00061642025730A0000556E61626C65207489
:1015F0006F20726561642050617274206E756D6237
:1016000065720A0025630000556E61626C65207486
:101610006F207265616420424F4D2049442026208E
:101620004D616E75666163747572696E6720596588
:1016300061722F5765656B0A00000000556E61628C
:101640006C6520746F207265616420416E74692D31
:10165000726F6C6C6261636B20656E61626C650AAF
:1016600000000000426F6F746C6F6164657200006F
:101670004170706C69636174696F6E00556E616270
:101680006C6520746F207265616420416E74692DF1
:10169000726F6C6C6261636B2025730A000000003E
:1016A00041542076657273696F6E3A002E282900C6
:1016B000636F6D706F6E656E745F76657273696F60
:1016C0006E5F6D616373775F000000002E000000A5
:1016D000636F6D706F6E656E745F76657273696F40
:1016E0006E5F73646B5F00006C69625F7665727336
:1016F000696F6E5F6274626C65636F6E74726F6C3B
:101700006C65725F00000000636F6D706F6E656ED8
:10171000745F76657273696F6E5F6274626C655F29
:10172000000000000D320108A0160208AC160208E5
:101730000B0001000A000000A5320108B0160208E3
:10174000CC160208180001000A0000002933010825
:10175000D0160208CC160208160001000A0000008C
:10176000C9330108E8160208CC1602081C00010063
:101770000A0000004D34010808170208CC160208C0
:10178000180001000A00000041542B4F54415354EB
:101790004152543D256C750D0A00000041542B4FF9
:1017A000544146494E0D0A0041542B4F5441534574
:1017B0004E443D256C750D0A0000000041542B502D
:1017C00057523D256C752C256C750D0A00000000E4
:1017D00041542B5057523D256C750D0A00000000F6
:1017E00041542B534C574B494F3D256C752C300DB4
:1017F0000A00000041542B5345545F434C4F434B68
:101800003D256C750D0A00004661696C65642074A5
:101810006F2073657420636C6F636B20736F7572D8
:101820006365000041542B4745545F434C4F434B85
:101830000D0A00002B4745545F434C4F434B3A0081
:1018400025730D0A000000004F4B0A004552524F0D
:10185000520A000005370108C8140208C81402081B
:10186000000001000100000041542B43574E455435
:101870004D4F44453F0D0A002B43574E45544D4FA5
:1018800044453A00496E76616C696420454655537B
:1018900045207265616420726573706F6E73652098
:1018A000666F726D617400002B46533A4C49535475
:1018B0000000000025730000496E76616C696420A9
:1018C0004653207265616420726573706F6E736534
:1018D00020666F726D61740025730A00434E00002C
:1018E0004A500000555300004555000030300000BC
:1018F0007736315F61745F776966692E6300000037
:10190000496E76616C69642076616C7565207061E2
:101910007373656420746F204175746F636F6E6EAE
:101920006563742066756E6374696F6E0A000000EB
:1019300041542B43574155544F434F4E4E3D256C18
:10194000750D0A0041542B43574155544F434F4E98
:101950004E3F0D0A000000002B43574155544F43A2
:101960004F4E4E3A0000000041542B43574D4F4418
:10197000453D312C300D0A0041542B43574C41500A
:101980004F50543D312C313639352C2D3130302CDF
:101990003235352C256C750D0A0000004572726FCA
:1019A000723A20556E61626C6520746F20616C6CB8
:1019B0006F63617465206D656D6F727920666F72FB
:1019C000207363616E20726573756C74730A000016
:1019D0002225303268783A25303268783A2530321C
:1019E00068783A25303268783A25303268783A2576
:1019F000303268782200000025730000222573220F
:101A0000000000002230303A30303A30303A303086
:101A10003A30303A303022000000000041542B436D
:101A2000574C41503D256C752C25732C25732C2566
:101A300068750D0A0000000041542B43575245437E
:101A40004F4E4E4346473D2568752C2568750D0A57
:101A50000000000041542B5750533D310D0A000047
:101A6000535349442063616E6E6F74206265204E4B
:101A7000554C4C0A000000005265636F6E6E656342
:101A800074696F6E20696E74657276616C206D7515
:101A90007374206265206265747765656E205B30C3
:101AA0003B373230305D2C20706172616D6574653A
:101AB000722073657420746F2064656661756C7440
:101AC0002076616C7565203A20300A004E756D6293
:101AD0006572206F66207265636F6E6E65637469F0
:101AE0006F6E20617474656D707473206D7573749E
:101AF000206265206265747765656E205B303B31DE
:101B00003030305D2C20706172616D6574657220BB
:101B100073657420746F2064656661756C742076DB
:101B2000616C7565203A20300A00000041542B4357
:101B3000574A41503D222573222C222573222C0026
:101B40005745502076616C7565206973206F7574F8
:101B5000206F662072616E6765205B303B315D0AE5
:101B6000000000002C256C750D0A0000436F6E6E9E
:101B7000656374696F6E20636F6E66696775726105
:101B800074696F6E20636F6D6D616E64206973732D
:101B90007565640A0000000041542B43574A4150C8
:101BA0003F0D0A002B43574A41503A0041542B4302
:101BB000575141503D256C750D0A000041542B438F
:101BC00049505354414D41433F0D0A002B43495066
:101BD0005354414D41433A0041542B4357434F55D1
:101BE0004E5452593F0D0A002B4357434F554E5404
:101BF00052593A00496E636F727265637420636F65
:101C0000756E74727920636F646520737472696E87
:101C1000670A000041542B4357434F554E545259C5
:101C20003D256C752C222573220D0A0041542B434F
:101C3000574D4F44453D332C256C750D0A0000006F
:101C40005353494420697320746F6F206C6F6E6723
:101C50002C206D6178696D756D206C656E67746898
:101C60002069732033320A004D617820636F6E6EF5
:101C7000656374696F6E73206E756D62657220693D
:101C80007320746F6F20686967682C2073657420F7
:101C9000746F2064656661756C742076616C75651F
:101CA00020340A0047657420636F6E6E6563746943
:101CB0006F6E20696E666F726D6174696F6E2066FB
:101CC00061696C65640A0000536F66742D41502091
:101CD0006368616E6E656C206E756D6265722077EB
:101CE000696C6C20616C69676E206F6E2053544183
:101CF00054494F4E2773206F6E65203A20256C752E
:101D00000A0000004368616E6E656C2076616C7538
:101D100065206F7574206F662072616E67652C2078
:101D200073657420746F2064656661756C742076C9
:101D3000616C756520310A00536563757269747949
:101D4000206E6F7420737570706F727465640A0012
:101D500050617373776F7264206C656E677468206E
:101D6000696E636F72726563742C206D7573742075
:101D7000626520696E20666F6C6C6F77696E672094
:101D800072616E6765205B383B36335D0A00000088
:101D900050617373776F7264206973206E6F742063
:101DA0006E656564656420666F72206F70656E2075
:101DB00073656375726974792C2073657420746F10
:101DC000204E554C4C0A000048696464656E2070D2
:101DD0006172616D65746572206973206E6F742025
:101DE000737570706F727465642C207365742074E1
:101DF0006F2064656661756C742076616C75652012
:101E0000300A000050726F746F636F6C20736574DA
:101E100020746F2064656661756C742076616C75E2
:101E20006520283830322E31316178290A000000CF
:101E300041542B43575341503D222573222C2225D8
:101E400073222C256C752C2568752C256C752C251A
:101E50006C750D0A00000000536F66742D41502010
:101E6000636F6E66696775726174696F6E20646F07
:101E70006E650A0041542B43574D4F44453D312C6C
:101E8000256C750D0A00000041542B4357534150F7
:101E90003F0D0A002B43575341503A0041542B4306
:101EA000574C49460D0A00002B43574C49463A000F
:101EB0002C000000F5410108A81E0208B01E02080F
:101EC000070002000200000041542B4357514946CD
:101ED0003D2225303268783A25303268783A25300C
:101EE0003268783A25303268783A25303268783A64
:101EF0002530326878220D0A0000000041542B433F
:101F000057415050524F544F3F0D0A002B435741F9
:101F10005050524F544F3A00496E76616C696420BC
:101F200057692D46692070726F746F636F6C3A2029
:101F300025640A0041542B4357415050524F544F8F
:101F40003D256C750D0A000041542B43495041500A
:101F50004D41433F0D0A00002B43495041504D4134
:101F6000433A000041542B534C574B4454494D3D88
:101F7000256C750D0A00000041542B4745545F4104
:101F8000505F4454494D3F0D0A0000002B44544912
:101F90004D3A00005457542073657475702074795D
:101FA00070652073686F756C64206265206265746B
:101FB0007765656E205B303B20325D0A00000000D3
:101FC00054575420666C6F7720747970652073685D
:101FD0006F756C64206265206265747765656E203C
:101FE0005B303B20315D0A005457542077616B65AC
:101FF00020696E74657276616C206578706F6E65AD
:102000006E742073686F756C6420626520626574FD
:102010007765656E205B303B2033315D0A00000040
:10202000545754206D696E696D756D2077616B65CD
:10203000206475726174696F6E2073686F756C646B
:10204000206265206265747765656E205B303B2099
:102050003235355D0A0000005457542077616B65B6
:1020600020696E74657276616C206D616E7469733F
:1020700073612073686F756C64206265206265749B
:102080007765656E205B303B2036353533355D0A2C
:102090000000000041542B5457545F504152414DB1
:1020A0003D2568752C2568752C256C752C256C755F
:1020B0002C256C750D0A000041542B5457545F5366
:1020C00054415455533F0D0A000000002B545754FF
:1020D0003A0000003A2C000089420108CC20020896
:1020E000D4200208050001000700000041542B54D1
:1020F00057545F54454152444F574E3D302C312C7C
:10210000300D0A0041542B4745545F5457545F53D8
:102110005550504F525445443F0D0A002B545754CC
:102120005F535550504F52543A00000041542B43D6
:1021300057414E54454E41424C453D256C752C252A
:102140006C752C256C750D0A0000000041542B4362
:1021500057414E54454E41424C453F0D0A00000048
:102160002B4357414E54454E41424C453A000000E6
:1021700041542B4357414E543F0D0A002B435741C6
:102180004E543A00494E4143544956450000000020
:102190004143544956450000496E76616C6964209C
:1021A0005457542073746174757320726573706F23
:1021B0006E73650A000000005343414E5F444F4E6A
:1021C00045000000434F4E4E454354454400000037
:1021D000474F544950000000444953434F4E4E4529
:1021E0004354454400000000434F4E4E454354497C
:1021F0004E4700004552524F520000005354415F79
:10220000434F4E4E45435445440000004D4143204A
:1022100061646472657373206973206E6F742076D5
:10222000616C69640A0000005354415F44495343A0
:102230004F4E4E454354454400000000444953541A
:102240005F5354415F495000495020616464726596
:102250007373206973206E6F742076616C69640AF1
:10226000000000004D6178696D756D206E756D62BE
:102270006572206F662041507320726561636865E6
:10228000643A2025640A0000496E76616C69642016
:1022900057692D46692076657273696F6E3A2025FD
:1022A000640A0000496E76616C6964206E756D6227
:1022B0006572206F6620617267756D656E74733A22
:1022C0002025640A000000007370695F696661631D
:1022D000652E6300496C6C6567616C2074727920AF
:1022E0006F6620737069206275666665722070750E
:1022F0007368210A00000000496C6C6567616C20FE
:10230000747279206F6620737069206275666665E5
:10231000722070756C6C0A00496E76616C6964207D
:102320006D616769632030782568780A00000000D5
:10233000696E76616C6964206C656E202568750A2B
:1023400000000000737069207478727820666169FB
:102350006C65642C20256C690A000000737069208C
:1023600074787278207472616E73616374696F6ED1
:102370002074696D656F757465640A0073706920F7
:102380007278206661696C65642C20256C690A008E
:10239000737069207278207472616E7361637469FE
:1023A0006F6E2074696D656F757465640A00000056
:1023B00077616974696E6720666F72207370692037
:1023C00074786E2072656164792074696D656F75CB
:1023D0007465640A000000004E6F206D656D206614
:1023E0006F722072786275660A0000004661696C3F
:1023F000656420746F20646F20746865206669725C
:102400007374207472616E73616374696F6E0A0015
:10241000496E76616C6964207370692068656164D7
:1024200065722066726F6D20706565722C206D611B
:102430006769632030782568782C206C656E2028C9
:102440002568752C203078256878292C20766572CF
:1024500073696F6E202568752C207479706520254E
:102460006878666C6167732030782568782C2072F4
:102470007376642030782568780A00004661696CBC
:10248000656420746F207265636569766520746881
:10249000652072656D61696E696E67206279746529
:1024A000730A00004661696C656420746F20637272
:1024B00065617465206576656E742067726F7570EE
:1024C00020666F72205350490A0000004661696C13
:1024D000656420746F20637265617465207478711F
:1024E0000A0000007370695F786665725F656E67E9
:1024F000696E65004661696C656420746F20637263
:102500006561746520737069207866657220656EF8
:1025100067696E65207461736B0A0000535049202F
:102520007472616E73616374696F6E206973204E9B
:102530004F5420696E697469616C697A6564210A17
:1025400000000000496E76616C69642074726166F7
:10255000666963207479706520636F6E74726F6C46
:1025600020696E666F0D0A005472616666696320A9
:1025700074797065202564206E6F7420626F756EAB
:10258000642C206F7065726174696F6E206E6F7459
:1025900020616C6C6F7765640D0A00005350492010
:1025A0007472616E73616374696F6E206973204E1B
:1025B0004F5420696E697469616C697A6564210D94
:1025C0000A00000043616E27742070757368205301
:1025D000504920627566666572206865616465723F
:1025E0000D0A0000496E76616C6964207472616640
:1025F00066696320747970653A2025642C206D61CA
:102600007820616C6C6F7765643A2025640D0A0050
:102610005472616666696320747970652025642050
:10262000697320616C726561647920626F756E6494
:102630000D0A00004661696C656420746F20637246
:102640006561746520717565756520666F722074AB
:102650007970652025640D0A0000000049646C65EE
:102660000000000046697273742050617274205437
:1026700072616E73616374696F6E00005365636F9E
:102680006E642050617274205472616E7361637461
:10269000696F6E005472616E7366657220436F6D70
:1026A000706C6574650000005458202020202020A4
:1026B0002020202020202020202020202020252D08
:1026C00031307320706B74730A000000545820205E
:1026D00020202020202020202020202020202020FA
:1026E0002020252D3130732062797465730A000033
:1026F0005258202020202020202020202020202070
:10270000202020202020252D31307320706B747301
:102710000A000000525820202020202020202020C5
:1027200020202020202020202020252D3130732023
:1027300062797465730A000064726F702020202033
:102740002020202020202020202020202020257331
:102750000A0000006D656D5F6572722020202020E8
:102760002020202020202020202025730A00000087
:102770007374616C6C2020202020202020202020D9
:1027800020202020202025730A000000494F2065CA
:1027900072726F72202020202020202020202020F4
:1027A000202025730A000000686561646572206559
:1027B00072726F722020202020202020202025737C
:1027C0000A000000776169745F74786E5F74696DE8
:1027D000656F757420202020202025730A000000DA
:1027E000776169745F6864725F61636B5F74696D60
:1027F000656F7574202025730A00000073706920CE
:102800007472616E73616374696F6E206973204EB8
:102810004F5420696E697469616C697A6564210A34
:10282000000000004D6173746572207472616E73F4
:102830006665722073746174652025730A00000058
:102840002C2054584E205265616479002C20545835
:102850004E2050656E64696E670000002C20486150
:10286000726477617265205866657220646F6E6568
:10287000000000005350492070656E64696E672047
:102880006576656E747320202020256C7520257375
:102890000A00000048696768000000004C6F77007C
:1028A000536C61766520646174612072656164793E
:1028B0002070696E202025730A0000005458207192
:1028C00075657565206974656D7320202020202052
:1028D0002020256C750A00005258207175657565B9
:1028E0005B256C695D206974656D73202020202054
:1028F000256C750A000000004E4F4E450000000098
:102900004552524F520000005741524E0000000005
:10291000494E464F00000000444542554700000024
:102920004C6F6720717565756520637265617469A8
:102930006F6E206661696C65640000004F7574708D
:1029400075745461736B00004C6F67207461736B16
:10295000206372656174696F6E206661696C65647D
:10296000000000004D6178206C6F67206D616C6C19
:102970006F63207265616368656400004C6F672057
:102980006D616C6C6F63206661696C65640000004A
:102990005B25735D200000005B256C755D200000E9
:1029A0002825733A256C7529200000004C6F67209C
:1029B0006D657373616765206D616C6C6F63206614
:1029C00061696C65640000004C6F67207175657506
:1029D000652066756C6C2C206D657373616765206E
:1029E00064726F707065640049444C4500000000DB
:1029F000546D722053766300546D725100000000D4
:102A0000535436375736585461736B009010000892
:102A10004E0F00082C0F0008180F00082C0F00089C
:102A2000321000082C0F0008180F00084E0F000885
:102A30004E0F000832100008180F0008100F000891
:102A4000100F0008100F00085410000800000000CC
:102A500010D201080208020034D20108000100006F
:102A600040D201080208020064D2010800020000FE
:102A70007CD2010802100100A0D20108000300006E
:102A8000BCD2010802120300E0D2010801000000DC
:102A9000FCD201080204020020D301080101000059
:102AA00040D301080220000064D3010801020000A5
:102AB00084D3010802040200A8D30108703800087A
:102AC000003900083A390008A83B0008A83B000874
:102AD000A83B0008D2390008763A00087038000890
:102AE00058400008E8400008CC400008A643000811
:102AF0001242000820450008204500083A4100081D
:102B00006841000896410008C4410008F2410008ED
:102B10002045000820450008D2440008A2440008CF
:102B200020450008C2430008F2440008644400083D
:102B300074E2010800000000000000000000000036
:102B40000000000000080000180000000000000065
:102B50000000000000000000000000000000000075
:102B60000000000000000000000000000000000065
:102B7000000000000100000002000000030000004F
:102B8000040000000600000007000000080000002C
:102B9000090000000000000000000000000000002C
:102BA000000000000100000002000000030000001F
:102BB00004000000010002000400060008000A00F2
:102BC0000C00100020004000800000010101010302
:102BD00007010000080402040801010118AA000806
:102BE00054AA000836AA000862AB000844AB0008EB
:102BF000A8AB0008C6AB000872AA000890AA00089B
:102C0000EAAA000808AB000826AB0008E4AB0008FD
:102C100020AC000802AC00083EAC00085CAC000828
:102C200098AC0008B6AC00087AAC000880AB00088D
:102C3000AEAA0008CCAA00085736585F426C655F00
:102C4000476574496E69744D6F6465005736585F07
:102C5000426C655F496E6974000000005736585F2A
:102C6000426C655F5365745478506F7765720000ED
:102C70005736585F426C655F416476537461727475
:102C8000000000005736585F426C655F476574422C
:102C90004441646472657373000000005736585FE6
:102CA000426C655F446973636F6E6E6563740000A8
:102CB0005736585F426C655F536574446576696347
:102CC000654E616D650000005736585F426C655F68
:102CD0005365744164764461746100005736585FEF
:102CE000426C655F437265617465536572766963B2
:102CF000650000005736585F426C655F437265613E
:102D00007465436861726163746572697374696341
:102D1000000000005736585F426C655F5265676976
:102D20007374657243686172616374657269737408
:102D3000696373005736585F426C655F53657276FE
:102D4000657253656E644E6F746966696361746918
:102D50006F6E00005736585F426C655F5365727640
:102D6000657253656E64496E6469636174696F6E00
:102D7000000000005736585F426C655F536574531E
:102D800065637572697479506172616D000000004D
:102D90005736585F426C655F536563757269747925
:102DA000506173734B6579436F6E6669726D000095
:102DB0005736585F426C655F536563757269747905
:102DC00050616972696E67436F6E6669726D00006B
:102DD0005736585F426C655F5365637572697479E5
:102DE000536574506173734B657900005736585FB3
:102DF000426C655F5365637572697479556E706175
:102E0000697200005736585F426C655F53656375A1
:102E100072697479476574426F6E6465644465765F
:102E20006963654C697374005736585F4E65745F0B
:102E3000496E6974000000005736585F4E65745F34
:102E400053746174696F6E5F47657449504164647F
:102E500072657373000000005736585F4E65745FEB
:102E600050696E67000000005736585F4F54415F4D
:102E700053746172747300005736585F4F54415F4A
:102E800046696E69736800005736585F4F54415F5A
:102E900053656E640000000052BF000856BF000872
:102EA00062BF00085ABF00085EBF00085736585F6F
:102EB000496E6974000000005736585F4465496EDA
:102EC000697400005736585F536574506F776572A8
:102ED0004D6F6465000000005736585F47657450B9
:102EE0006F7765724D6F6465000000008CF5010816
:102EF00094F5010898F501089CF50108A4F501086E
:102F0000B0F50108B8F50108C4F50108D4F50108C9
:102F100020FA010828FA01082CFA010830FA010801
:102F200034FA010854CC0008DECA000800CB0008BF
:102F3000A2CB000862CB000806CC000826CC000813
:102F40005736585F576946695F496E6974000000DB
:102F50005736585F576946695F5363616E000000DA
:102F60005736585F576946695F436F6E6E65637485
:102F7000000000005736585F576946695F4469731F
:102F8000636F6E6E656374005736585F57694669A4
:102F90005F53746174696F6E5F5374617274000083
:102FA0005736585F576946695F53746174696F6E2D
:102FB0005F4765745374617465000000EB09010894
:102FC0007C070208800702080200000000000000E1
:102FD000310A010884070208800702080500000082
:102FE000000000007B0A01088C0702088007020825
:102FF00005000000000000000D0B01089407020806
:103000009C0702080700080008000000B50B010833
:10301000A0070208800702080F000000000001005E
:10302000110C0108B0070208800702080E0000001A
:10303000000001006D0C0108C007020880070208AB
:103040000E00000000000100190E0108D007020860
:10305000800702080E00000000000100710D010849
:10306000E00702089C070208050001000A000000B2
:10307000B90A0108E8070208F00702080400010085
:103080000A000000610B0108F4070208FC070208AF
:10309000050001000B000000C90C0108040802082B
:1030A0009C070208050001000A000000C50D010888
:1030B0000C0802089C070208060001000A00000034
:1030C0001D0D01081408020880070208060001000F
:1030D000010000001D090108EC0802088007020831
:1030E00001000000000001005B090108F00802086F
:1030F000F8080208050001000100000014000000AB
:1031000007000000000000007012020864000000C8
:103110000700000000000000841202087000000098
:1031200007000000000000009C120208CC00000014
:103130001A000000C0000000000000000F000000A6
:10314000C00000000F00000000000000B4120208E0
:10315000CC0000001B000000C000000010000000B8
:103160000F000000C00000001F0000000000000071
:10317000C8120208CC0000001C000000C4000000BF
:10318000000000000F000000C40000000F0000005D
:1031900000000000DC120208CC0000001D0000004E
:1031A000C4000000100000000F000000C400000078
:1031B0001F00000001000000F0120208CC00000017
:1031C0001E000000C8000000000000000F0000000A
:1031D000C80000000F0000000100000004130208F6
:1031E000CC0000001F000000C8000000100000001C
:1031F0000F000000C80000001F00000001000000D8
:1032000018130208D00000001A000000CC000000D3
:103210000000000019000000CC00000019000000B0
:10322000020000002C130208D00000001B00000068
:10323000D00000000000000019000000D0000000D5
:1032400019000000020000003C130208D00000003A
:103250001C000000D4000000000000001900000065
:10326000D400000019000000020000004C13020806
:10327000EC00000007000000EC000000000000006F
:1032800006000000EC000000060000000300000043
:103290005C130208F00000001F000000F4000000B2
:1032A0001A00000006000000F00000001E000000F0
:1032B0000300000064130208EC0000001700000087
:1032C000F40000001400000006000000F000000000
:1032D0001C000000030000006C130208014336418B
:1032E0004644424431313134303030303400000013
:1032F00000000000000002373241464442443131B0
:103300003034303030303500000000000000000064
:10331000034136414644424431313034303030305C
:10332000360000000000000000000000DC18020869
:10333000E0180208E4180208E8180208EC1802086D
:10334000329301083293010832930108A0930108D7
:10335000B4930108F29301083293010832930108F3
:10336000A0930108B49301080020202020202020F1
:103370002020282828282820202020202020202025
:103380002020202020202020208810101010101035
:103390001010101010101010100404040404040481
:1033A000040404101010101010104141414141411B
:1033B00001010101010101010101010101010101FD
:1033C000010101011010101010104242424242420D
:1033D00002020202020202020202020202020202CD
:1033E0000202020210101010200000000000000075
:1033F00000000000000000000000000000000000CD
:1034000000000000000000000000000000000000BC
:1034100000000000000000000000000000000000AC
:10342000000000000000000000000000000000009C
:10343000000000000000000000000000000000008C
:10344000000000000000000000000000000000007C
:10345000000000000000000000000000000000006C
:10346000000000000000000000494E4600696E6642
:10347000004E414E006E616E003000303132333408
:1034800035363738394142434445460030313233CE
:1034900034353637383961626364656600496E6673
:1034A000696E697479004E614E005245454E542054
:1034B0006D616C6C6F6320737563636565646564CF
:1034C000002F6275696C642F676E752D746F6F6C59
:1034D000732D666F722D73746D33325F31332E33FB
:1034E0002E72656C312E32303234303932362D3115
:1034F0003731352F7372632F6E65776C69622F6E6B
:1035000065776C69622F6C6962632F7374646C6990
:10351000622F64746F612E630042616C6C6F632074
:10352000737563636565646564002F6275696C64B7
:103530002F676E752D746F6F6C732D666F722D73A0
:10354000746D33325F31332E332E72656C312E320F
:10355000303234303932362D313731352F73726392
:103560002F6E65776C69622F6E65776C69622F6C60
:103570006962632F7374646C69622F6D7072656326
:103580002E6300232D302B2000686C4C006566678D
:10359000454647004300504F534958002E002C2009
:1035A00066756E6374696F6E3A200061737365723D
:1035B00074696F6E2022257322206661696C6564D0
:1035C0003A2066696C6520222573222C206C696E76
:1035D00065202564257325730A000000050000009E
:1035E000190000007D0000000080E03779C34143EE
:1035F000176E05B5B5B89346F5F93FE9034F384D59
:10360000321D30F94877825A3CBF737FDD4F157504
:10361000000000000000F03F000000000000244017
:1036200000000000000059400000000000408F40F2
:10363000000000000088C34000000000006AF8405D
:103640000000000080842E4100000000D012634181
:103650000000000084D797410000000065CDCD41F7
:10366000000000205FA00242000000E876483742D8
:10367000000000A2941A6D42000040E59C30A24276
:103680000000901EC4BCD64200003426F56B0C43EB
:103690000080E03779C3414300A0D8855734764392
:1036A00000C84E676DC1AB43003D9160E458E143F3
:1036B000408CB5781DAF154450EFE2D6E41A4B4468
:1036C00092D54D06CFF08044F64AE1C7022DB544AD
:0836D000B49DD9794378EA4466
:0836D80060CEFD7F010000003F
:0436E000E9000008F5
:0436E400C100000819
:1036E8003046464633303030303239414645303046
:1036F80030303030303030303030303030303030C2
:10370800000000000024F400040000000100000094
:103718003CF6010850F6010878F6010898F6010809
:10372800B4F60108DCF60108F8F6010824F70108E8
:103738004CF7010880F70108B8F70108F0F701080D
:1037480020F8010844F801087CF801089CF80108F1
:10375800B4F80108C8F80108ECF801080CF90108E8
:1037680034F901085CF9010890F90108A8F9010881
:10377800C8F90108F4F9010810FA0108241202082E
:10378800281202082C120208301202083412020809
:10379800381202083C1202084012020844120208B9
:1037A800481202084C120208501202085412020869
:1037B800581202085C120208601202086412020819
:1037C800681202086C1202080000000000000000E5
:1037D80000000000000000000000000000000000E1
:1037E80000000000000000000000000000000000D1
:1037F80000320000F82802080029020808290208F7
:10380800102902081829020804000000000000001E
:1038180000000000AAAAAAAA0000000003000000F5
:1038280070B70020480100200000000070B7002099
:10383800D8B7002040B800200000000000000000B9
:103848000000000000000000000000000000000070
:103858000000000000000000000000000000000060
:103868000000000000000000000000000000000050
:1038780000000000430000000000000000000000FD
:103888000000000000000000000000000000000030
:1038980000000000430000000000000000000000DD
:1038A8000000000000000000000000000000000010
:1038B80000000000430000000000000000000000BD
:1038C80000000000000000000000000000000000F0
:1038D800000000004300000000000000000000009D
:1038E80000000000000000000000000000000000D0
:1038F800000000004300000000000000000000007D
:1039080000000000000000000000000000000000AF
:10391800000000004300000000000000000000005C
:10392800000000000000000000000000000000008F
:10393800000000004300000000000000000000003C
:10394800000000000000000000000000000000006F
:103958000000000087CE010803CE01080000000027
:10396800683302089C350208D9350208D93502089F
:10397800D9350208D9350208D9350208D9350208DF
:10398800D9350208D9350208D9350208FFFFFFFFEB
:10399800FFFFFFFFFFFFFFFFFFFF00000100415394
:1039A800434949000000000000000000000000003A
:1039B800000000000000000000000000000041536B
:1039C800434949000000000000000000000000001A
:1039D80000000000000000000000000000000000DF
:04000005080050A9F6
:00000001FF
